feature_index,feature_name,raw_column,source_role,question_id,question_text,question_type,option_label,applicable_categories,is_missing_sentinel,train_positive_count
0,category__all_other_app_types,category,category,,Questionnaire category. Encoding belongs to task 4.,category,All Other App Types,All Other App Types || Game || Social or Communication,false,394
1,category__game,category,category,,Questionnaire category. Encoding belongs to task 4.,category,Game,All Other App Types || Game || Social or Communication,false,406
2,category__social_or_communication,category,category,,Questionnaire category. Encoding belongs to task 4.,category,Social or Communication,All Other App Types || Game || Social or Communication,false,10
3,answer__are_there_any_fierce_sounds_sinister_or_intimidating_cha_c6faf05f__no,answer__are_there_any_fierce_sounds_sinister_or_intimidating_cha_c6faf05f,radio,are_there_any_fierce_sounds_sinister_or_intimidating_cha_c6faf05f,"Are there any fierce sounds, sinister or intimidating characters, or dark overtones associated with this violence?",radio,No,All Other App Types || Game,false,174
4,answer__are_there_any_fierce_sounds_sinister_or_intimidating_cha_c6faf05f__yes,answer__are_there_any_fierce_sounds_sinister_or_intimidating_cha_c6faf05f,radio,are_there_any_fierce_sounds_sinister_or_intimidating_cha_c6faf05f,"Are there any fierce sounds, sinister or intimidating characters, or dark overtones associated with this violence?",radio,Yes,All Other App Types || Game,false,10
5,answer__are_there_any_fierce_sounds_sinister_or_intimidating_cha_c6faf05f__inactive,answer__are_there_any_fierce_sounds_sinister_or_intimidating_cha_c6faf05f,radio,are_there_any_fierce_sounds_sinister_or_intimidating_cha_c6faf05f,"Are there any fierce sounds, sinister or intimidating characters, or dark overtones associated with this violence?",radio,__INACTIVE__,All Other App Types || Game,true,616
6,answer__are_there_any_fierce_sounds_sinister_or_intimidating_cha_c6faf05f__not_applicable,answer__are_there_any_fierce_sounds_sinister_or_intimidating_cha_c6faf05f,radio,are_there_any_fierce_sounds_sinister_or_intimidating_cha_c6faf05f,"Are there any fierce sounds, sinister or intimidating characters, or dark overtones associated with this violence?",radio,__NOT_APPLICABLE__,All Other App Types || Game,true,10
7,answer__are_there_detailed_descriptions_of_techniques_that_could_207c80c9__no,answer__are_there_detailed_descriptions_of_techniques_that_could_207c80c9,radio,are_there_detailed_descriptions_of_techniques_that_could_207c80c9,Are there detailed descriptions of techniques that could be used in criminal offenses?,radio,No,Game,false,9
8,answer__are_there_detailed_descriptions_of_techniques_that_could_207c80c9__yes,answer__are_there_detailed_descriptions_of_techniques_that_could_207c80c9,radio,are_there_detailed_descriptions_of_techniques_that_could_207c80c9,Are there detailed descriptions of techniques that could be used in criminal offenses?,radio,Yes,Game,false,12
9,answer__are_there_detailed_descriptions_of_techniques_that_could_207c80c9__inactive,answer__are_there_detailed_descriptions_of_techniques_that_could_207c80c9,radio,are_there_detailed_descriptions_of_techniques_that_could_207c80c9,Are there detailed descriptions of techniques that could be used in criminal offenses?,radio,__INACTIVE__,Game,true,385
10,answer__are_there_detailed_descriptions_of_techniques_that_could_207c80c9__not_applicable,answer__are_there_detailed_descriptions_of_techniques_that_could_207c80c9,radio,are_there_detailed_descriptions_of_techniques_that_could_207c80c9,Are there detailed descriptions of techniques that could be used in criminal offenses?,radio,__NOT_APPLICABLE__,Game,true,404
11,answer__are_these_crimes_or_criminal_techniques_likely_to_be_imi_3820601a__no,answer__are_these_crimes_or_criminal_techniques_likely_to_be_imi_3820601a,radio,are_these_crimes_or_criminal_techniques_likely_to_be_imi_3820601a,Are these crimes or criminal techniques likely to be imitated by children or youths?,radio,No,Game,false,11
12,answer__are_these_crimes_or_criminal_techniques_likely_to_be_imi_3820601a__yes,answer__are_these_crimes_or_criminal_techniques_likely_to_be_imi_3820601a,radio,are_these_crimes_or_criminal_techniques_likely_to_be_imi_3820601a,Are these crimes or criminal techniques likely to be imitated by children or youths?,radio,Yes,Game,false,10
13,answer__are_these_crimes_or_criminal_techniques_likely_to_be_imi_3820601a__inactive,answer__are_these_crimes_or_criminal_techniques_likely_to_be_imi_3820601a,radio,are_these_crimes_or_criminal_techniques_likely_to_be_imi_3820601a,Are these crimes or criminal techniques likely to be imitated by children or youths?,radio,__INACTIVE__,Game,true,385
14,answer__are_these_crimes_or_criminal_techniques_likely_to_be_imi_3820601a__not_applicable,answer__are_these_crimes_or_criminal_techniques_likely_to_be_imi_3820601a,radio,are_these_crimes_or_criminal_techniques_likely_to_be_imi_3820601a,Are these crimes or criminal techniques likely to be imitated by children or youths?,radio,__NOT_APPLICABLE__,Game,true,404
15,answer__are_these_dating_games_prominently_featured_or_a_strong__aaafc141__no,answer__are_these_dating_games_prominently_featured_or_a_strong__aaafc141,radio,are_these_dating_games_prominently_featured_or_a_strong__aaafc141,Are these dating games prominently featured or a strong focus of the product?,radio,No,Game,false,6
16,answer__are_these_dating_games_prominently_featured_or_a_strong__aaafc141__yes,answer__are_these_dating_games_prominently_featured_or_a_strong__aaafc141,radio,are_these_dating_games_prominently_featured_or_a_strong__aaafc141,Are these dating games prominently featured or a strong focus of the product?,radio,Yes,Game,false,5
17,answer__are_these_dating_games_prominently_featured_or_a_strong__aaafc141__inactive,answer__are_these_dating_games_prominently_featured_or_a_strong__aaafc141,radio,are_these_dating_games_prominently_featured_or_a_strong__aaafc141,Are these dating games prominently featured or a strong focus of the product?,radio,__INACTIVE__,Game,true,395
18,answer__are_these_dating_games_prominently_featured_or_a_strong__aaafc141__not_applicable,answer__are_these_dating_games_prominently_featured_or_a_strong__aaafc141,radio,are_these_dating_games_prominently_featured_or_a_strong__aaafc141,Are these dating games prominently featured or a strong focus of the product?,radio,__NOT_APPLICABLE__,Game,true,404
19,answer__are_these_depictions_strictly_limited_to_slapstick_viole_d3c73bb1__no,answer__are_these_depictions_strictly_limited_to_slapstick_viole_d3c73bb1,radio,are_these_depictions_strictly_limited_to_slapstick_viole_d3c73bb1,"Are these depictions strictly limited to slapstick violence or bloodless, unrealistic, and cartoony depictions?",radio,No,All Other App Types,false,4
20,answer__are_these_depictions_strictly_limited_to_slapstick_viole_d3c73bb1__yes,answer__are_these_depictions_strictly_limited_to_slapstick_viole_d3c73bb1,radio,are_these_depictions_strictly_limited_to_slapstick_viole_d3c73bb1,"Are these depictions strictly limited to slapstick violence or bloodless, unrealistic, and cartoony depictions?",radio,Yes,All Other App Types,false,3
21,answer__are_these_depictions_strictly_limited_to_slapstick_viole_d3c73bb1__inactive,answer__are_these_depictions_strictly_limited_to_slapstick_viole_d3c73bb1,radio,are_these_depictions_strictly_limited_to_slapstick_viole_d3c73bb1,"Are these depictions strictly limited to slapstick violence or bloodless, unrealistic, and cartoony depictions?",radio,__INACTIVE__,All Other App Types,true,387
22,answer__are_these_depictions_strictly_limited_to_slapstick_viole_d3c73bb1__not_applicable,answer__are_these_depictions_strictly_limited_to_slapstick_viole_d3c73bb1,radio,are_these_depictions_strictly_limited_to_slapstick_viole_d3c73bb1,"Are these depictions strictly limited to slapstick violence or bloodless, unrealistic, and cartoony depictions?",radio,__NOT_APPLICABLE__,All Other App Types,true,416
23,answer__are_these_gambling_themes_prominently_featured_or_a_stro_d54762be__no,answer__are_these_gambling_themes_prominently_featured_or_a_stro_d54762be,radio,are_these_gambling_themes_prominently_featured_or_a_stro_d54762be,Are these gambling themes prominently featured or a strong focus of the product?,radio,No,All Other App Types || Game,false,21
24,answer__are_these_gambling_themes_prominently_featured_or_a_stro_d54762be__yes,answer__are_these_gambling_themes_prominently_featured_or_a_stro_d54762be,radio,are_these_gambling_themes_prominently_featured_or_a_stro_d54762be,Are these gambling themes prominently featured or a strong focus of the product?,radio,Yes,All Other App Types || Game,false,9
25,answer__are_these_gambling_themes_prominently_featured_or_a_stro_d54762be__inactive,answer__are_these_gambling_themes_prominently_featured_or_a_stro_d54762be,radio,are_these_gambling_themes_prominently_featured_or_a_stro_d54762be,Are these gambling themes prominently featured or a strong focus of the product?,radio,__INACTIVE__,All Other App Types || Game,true,770
26,answer__are_these_gambling_themes_prominently_featured_or_a_stro_d54762be__not_applicable,answer__are_these_gambling_themes_prominently_featured_or_a_stro_d54762be,radio,are_these_gambling_themes_prominently_featured_or_a_stro_d54762be,Are these gambling themes prominently featured or a strong focus of the product?,radio,__NOT_APPLICABLE__,All Other App Types || Game,true,10
27,answer__are_these_revealing_outfits_ever_depicted_in_an_erotic_o_a25a70b0__no,answer__are_these_revealing_outfits_ever_depicted_in_an_erotic_o_a25a70b0,radio,are_these_revealing_outfits_ever_depicted_in_an_erotic_o_a25a70b0,Are these revealing outfits ever depicted in an erotic or provocative setting or context?,radio,No,All Other App Types || Game,false,28
28,answer__are_these_revealing_outfits_ever_depicted_in_an_erotic_o_a25a70b0__yes,answer__are_these_revealing_outfits_ever_depicted_in_an_erotic_o_a25a70b0,radio,are_these_revealing_outfits_ever_depicted_in_an_erotic_o_a25a70b0,Are these revealing outfits ever depicted in an erotic or provocative setting or context?,radio,Yes,All Other App Types || Game,false,9
29,answer__are_these_revealing_outfits_ever_depicted_in_an_erotic_o_a25a70b0__inactive,answer__are_these_revealing_outfits_ever_depicted_in_an_erotic_o_a25a70b0,radio,are_these_revealing_outfits_ever_depicted_in_an_erotic_o_a25a70b0,Are these revealing outfits ever depicted in an erotic or provocative setting or context?,radio,__INACTIVE__,All Other App Types || Game,true,763
30,answer__are_these_revealing_outfits_ever_depicted_in_an_erotic_o_a25a70b0__not_applicable,answer__are_these_revealing_outfits_ever_depicted_in_an_erotic_o_a25a70b0,radio,are_these_revealing_outfits_ever_depicted_in_an_erotic_o_a25a70b0,Are these revealing outfits ever depicted in an erotic or provocative setting or context?,radio,__NOT_APPLICABLE__,All Other App Types || Game,true,10
31,answer__can_illegal_or_recreational_drugs_be_referred_to_through_e887484f__no,answer__can_illegal_or_recreational_drugs_be_referred_to_through_e887484f,radio,can_illegal_or_recreational_drugs_be_referred_to_through_e887484f,Can illegal or recreational drugs be referred to through text or spoken about?,radio,No,All Other App Types,false,5
32,answer__can_illegal_or_recreational_drugs_be_referred_to_through_e887484f__yes,answer__can_illegal_or_recreational_drugs_be_referred_to_through_e887484f,radio,can_illegal_or_recreational_drugs_be_referred_to_through_e887484f,Can illegal or recreational drugs be referred to through text or spoken about?,radio,Yes,All Other App Types,false,5
33,answer__can_illegal_or_recreational_drugs_be_referred_to_through_e887484f__inactive,answer__can_illegal_or_recreational_drugs_be_referred_to_through_e887484f,radio,can_illegal_or_recreational_drugs_be_referred_to_through_e887484f,Can illegal or recreational drugs be referred to through text or spoken about?,radio,__INACTIVE__,All Other App Types,true,384
34,answer__can_illegal_or_recreational_drugs_be_referred_to_through_e887484f__not_applicable,answer__can_illegal_or_recreational_drugs_be_referred_to_through_e887484f,radio,can_illegal_or_recreational_drugs_be_referred_to_through_e887484f,Can illegal or recreational drugs be referred to through text or spoken about?,radio,__NOT_APPLICABLE__,All Other App Types,true,416
35,answer__can_innocent_or_defenseless_characters_be_seriously_inju_2f1f1e8b__no,answer__can_innocent_or_defenseless_characters_be_seriously_inju_2f1f1e8b,radio,can_innocent_or_defenseless_characters_be_seriously_inju_2f1f1e8b,Can innocent or defenseless characters be seriously injured or killed?,radio,No,All Other App Types || Game,false,102
36,answer__can_innocent_or_defenseless_characters_be_seriously_inju_2f1f1e8b__yes_with_penalties,answer__can_innocent_or_defenseless_characters_be_seriously_inju_2f1f1e8b,radio,can_innocent_or_defenseless_characters_be_seriously_inju_2f1f1e8b,Can innocent or defenseless characters be seriously injured or killed?,radio,"Yes, with penalties",All Other App Types || Game,false,10
37,answer__can_innocent_or_defenseless_characters_be_seriously_inju_2f1f1e8b__yes_without_penalties,answer__can_innocent_or_defenseless_characters_be_seriously_inju_2f1f1e8b,radio,can_innocent_or_defenseless_characters_be_seriously_inju_2f1f1e8b,Can innocent or defenseless characters be seriously injured or killed?,radio,"Yes, without penalties",All Other App Types || Game,false,9
38,answer__can_innocent_or_defenseless_characters_be_seriously_inju_2f1f1e8b__inactive,answer__can_innocent_or_defenseless_characters_be_seriously_inju_2f1f1e8b,radio,can_innocent_or_defenseless_characters_be_seriously_inju_2f1f1e8b,Can innocent or defenseless characters be seriously injured or killed?,radio,__INACTIVE__,All Other App Types || Game,true,679
39,answer__can_innocent_or_defenseless_characters_be_seriously_inju_2f1f1e8b__not_applicable,answer__can_innocent_or_defenseless_characters_be_seriously_inju_2f1f1e8b,radio,can_innocent_or_defenseless_characters_be_seriously_inju_2f1f1e8b,Can innocent or defenseless characters be seriously injured or killed?,radio,__NOT_APPLICABLE__,All Other App Types || Game,true,10
40,answer__can_interactions_in_the_app_be_limited_to_invited_friend_eceecc3d__no,answer__can_interactions_in_the_app_be_limited_to_invited_friend_eceecc3d,radio,can_interactions_in_the_app_be_limited_to_invited_friend_eceecc3d,Can interactions in the app be limited to invited friends only?,radio,No,All Other App Types || Social or Communication,false,101
41,answer__can_interactions_in_the_app_be_limited_to_invited_friend_eceecc3d__yes,answer__can_interactions_in_the_app_be_limited_to_invited_friend_eceecc3d,radio,can_interactions_in_the_app_be_limited_to_invited_friend_eceecc3d,Can interactions in the app be limited to invited friends only?,radio,Yes,All Other App Types || Social or Communication,false,7
42,answer__can_interactions_in_the_app_be_limited_to_invited_friend_eceecc3d__inactive,answer__can_interactions_in_the_app_be_limited_to_invited_friend_eceecc3d,radio,can_interactions_in_the_app_be_limited_to_invited_friend_eceecc3d,Can interactions in the app be limited to invited friends only?,radio,__INACTIVE__,All Other App Types || Social or Communication,true,296
43,answer__can_interactions_in_the_app_be_limited_to_invited_friend_eceecc3d__not_applicable,answer__can_interactions_in_the_app_be_limited_to_invited_friend_eceecc3d,radio,can_interactions_in_the_app_be_limited_to_invited_friend_eceecc3d,Can interactions in the app be limited to invited friends only?,radio,__NOT_APPLICABLE__,All Other App Types || Social or Communication,true,406
44,answer__can_interactions_in_the_game_be_limited_to_invited_frien_88ea2f62__no,answer__can_interactions_in_the_game_be_limited_to_invited_frien_88ea2f62,radio,can_interactions_in_the_game_be_limited_to_invited_frien_88ea2f62,Can interactions in the game be limited to invited friends only?,radio,No,Game,false,35
45,answer__can_interactions_in_the_game_be_limited_to_invited_frien_88ea2f62__yes,answer__can_interactions_in_the_game_be_limited_to_invited_frien_88ea2f62,radio,can_interactions_in_the_game_be_limited_to_invited_frien_88ea2f62,Can interactions in the game be limited to invited friends only?,radio,Yes,Game,false,2
46,answer__can_interactions_in_the_game_be_limited_to_invited_frien_88ea2f62__inactive,answer__can_interactions_in_the_game_be_limited_to_invited_frien_88ea2f62,radio,can_interactions_in_the_game_be_limited_to_invited_frien_88ea2f62,Can interactions in the game be limited to invited friends only?,radio,__INACTIVE__,Game,true,369
47,answer__can_interactions_in_the_game_be_limited_to_invited_frien_88ea2f62__not_applicable,answer__can_interactions_in_the_game_be_limited_to_invited_frien_88ea2f62,radio,can_interactions_in_the_game_be_limited_to_invited_frien_88ea2f62,Can interactions in the game be limited to invited friends only?,radio,__NOT_APPLICABLE__,Game,true,404
48,answer__can_playing_these_bingo_games_reward_cash_payouts_or_rew_07fc306a__no,answer__can_playing_these_bingo_games_reward_cash_payouts_or_rew_07fc306a,radio,can_playing_these_bingo_games_reward_cash_payouts_or_rew_07fc306a,Can playing these bingo games reward cash payouts or rewards of significant monetary value?,radio,No,All Other App Types || Game,false,10
49,answer__can_playing_these_bingo_games_reward_cash_payouts_or_rew_07fc306a__yes,answer__can_playing_these_bingo_games_reward_cash_payouts_or_rew_07fc306a,radio,can_playing_these_bingo_games_reward_cash_payouts_or_rew_07fc306a,Can playing these bingo games reward cash payouts or rewards of significant monetary value?,radio,Yes,All Other App Types || Game,false,27
50,answer__can_playing_these_bingo_games_reward_cash_payouts_or_rew_07fc306a__inactive,answer__can_playing_these_bingo_games_reward_cash_payouts_or_rew_07fc306a,radio,can_playing_these_bingo_games_reward_cash_payouts_or_rew_07fc306a,Can playing these bingo games reward cash payouts or rewards of significant monetary value?,radio,__INACTIVE__,All Other App Types || Game,true,763
51,answer__can_playing_these_bingo_games_reward_cash_payouts_or_rew_07fc306a__not_applicable,answer__can_playing_these_bingo_games_reward_cash_payouts_or_rew_07fc306a,radio,can_playing_these_bingo_games_reward_cash_payouts_or_rew_07fc306a,Can playing these bingo games reward cash payouts or rewards of significant monetary value?,radio,__NOT_APPLICABLE__,All Other App Types || Game,true,10
52,answer__can_playing_these_casino_games_lotteries_or_racetrack_be_1b84b6e2__no,answer__can_playing_these_casino_games_lotteries_or_racetrack_be_1b84b6e2,radio,can_playing_these_casino_games_lotteries_or_racetrack_be_1b84b6e2,"Can playing these casino games, lotteries, or racetrack betting games reward cash payouts or rewards of significant monetary value?",radio,No,All Other App Types || Game,false,10
53,answer__can_playing_these_casino_games_lotteries_or_racetrack_be_1b84b6e2__yes,answer__can_playing_these_casino_games_lotteries_or_racetrack_be_1b84b6e2,radio,can_playing_these_casino_games_lotteries_or_racetrack_be_1b84b6e2,"Can playing these casino games, lotteries, or racetrack betting games reward cash payouts or rewards of significant monetary value?",radio,Yes,All Other App Types || Game,false,17
54,answer__can_playing_these_casino_games_lotteries_or_racetrack_be_1b84b6e2__inactive,answer__can_playing_these_casino_games_lotteries_or_racetrack_be_1b84b6e2,radio,can_playing_these_casino_games_lotteries_or_racetrack_be_1b84b6e2,"Can playing these casino games, lotteries, or racetrack betting games reward cash payouts or rewards of significant monetary value?",radio,__INACTIVE__,All Other App Types || Game,true,773
55,answer__can_playing_these_casino_games_lotteries_or_racetrack_be_1b84b6e2__not_applicable,answer__can_playing_these_casino_games_lotteries_or_racetrack_be_1b84b6e2,radio,can_playing_these_casino_games_lotteries_or_racetrack_be_1b84b6e2,"Can playing these casino games, lotteries, or racetrack betting games reward cash payouts or rewards of significant monetary value?",radio,__NOT_APPLICABLE__,All Other App Types || Game,true,10
56,answer__can_the_app_contain_any_potentially_offensive_language_p_f3fe3d35__no,answer__can_the_app_contain_any_potentially_offensive_language_p_f3fe3d35,radio,can_the_app_contain_any_potentially_offensive_language_p_f3fe3d35,Can the app contain any potentially offensive language? Please note that this does not refer to user-generated content.,radio,No,All Other App Types,false,89
57,answer__can_the_app_contain_any_potentially_offensive_language_p_f3fe3d35__yes,answer__can_the_app_contain_any_potentially_offensive_language_p_f3fe3d35,radio,can_the_app_contain_any_potentially_offensive_language_p_f3fe3d35,Can the app contain any potentially offensive language? Please note that this does not refer to user-generated content.,radio,Yes,All Other App Types,false,20
58,answer__can_the_app_contain_any_potentially_offensive_language_p_f3fe3d35__inactive,answer__can_the_app_contain_any_potentially_offensive_language_p_f3fe3d35,radio,can_the_app_contain_any_potentially_offensive_language_p_f3fe3d35,Can the app contain any potentially offensive language? Please note that this does not refer to user-generated content.,radio,__INACTIVE__,All Other App Types,true,285
59,answer__can_the_app_contain_any_potentially_offensive_language_p_f3fe3d35__not_applicable,answer__can_the_app_contain_any_potentially_offensive_language_p_f3fe3d35,radio,can_the_app_contain_any_potentially_offensive_language_p_f3fe3d35,Can the app contain any potentially offensive language? Please note that this does not refer to user-generated content.,radio,__NOT_APPLICABLE__,All Other App Types,true,416
60,answer__can_the_app_contain_discriminatory_language_7368f4f4__no,answer__can_the_app_contain_discriminatory_language_7368f4f4,radio,can_the_app_contain_discriminatory_language_7368f4f4,Can the app contain discriminatory language?,radio,No,All Other App Types,false,16
61,answer__can_the_app_contain_discriminatory_language_7368f4f4__yes,answer__can_the_app_contain_discriminatory_language_7368f4f4,radio,can_the_app_contain_discriminatory_language_7368f4f4,Can the app contain discriminatory language?,radio,Yes,All Other App Types,false,4
62,answer__can_the_app_contain_discriminatory_language_7368f4f4__inactive,answer__can_the_app_contain_discriminatory_language_7368f4f4,radio,can_the_app_contain_discriminatory_language_7368f4f4,Can the app contain discriminatory language?,radio,__INACTIVE__,All Other App Types,true,374
63,answer__can_the_app_contain_discriminatory_language_7368f4f4__not_applicable,answer__can_the_app_contain_discriminatory_language_7368f4f4,radio,can_the_app_contain_discriminatory_language_7368f4f4,Can the app contain discriminatory language?,radio,__NOT_APPLICABLE__,All Other App Types,true,416
64,answer__can_the_app_contain_minor_profanities_e_g_go_to_hell_4b2bd815__no,answer__can_the_app_contain_minor_profanities_e_g_go_to_hell_4b2bd815,radio,can_the_app_contain_minor_profanities_e_g_go_to_hell_4b2bd815,"Can the app contain minor profanities (e.g., ""go to hell"")?",radio,No,All Other App Types,false,16
65,answer__can_the_app_contain_minor_profanities_e_g_go_to_hell_4b2bd815__yes,answer__can_the_app_contain_minor_profanities_e_g_go_to_hell_4b2bd815,radio,can_the_app_contain_minor_profanities_e_g_go_to_hell_4b2bd815,"Can the app contain minor profanities (e.g., ""go to hell"")?",radio,Yes,All Other App Types,false,4
66,answer__can_the_app_contain_minor_profanities_e_g_go_to_hell_4b2bd815__inactive,answer__can_the_app_contain_minor_profanities_e_g_go_to_hell_4b2bd815,radio,can_the_app_contain_minor_profanities_e_g_go_to_hell_4b2bd815,"Can the app contain minor profanities (e.g., ""go to hell"")?",radio,__INACTIVE__,All Other App Types,true,374
67,answer__can_the_app_contain_minor_profanities_e_g_go_to_hell_4b2bd815__not_applicable,answer__can_the_app_contain_minor_profanities_e_g_go_to_hell_4b2bd815,radio,can_the_app_contain_minor_profanities_e_g_go_to_hell_4b2bd815,"Can the app contain minor profanities (e.g., ""go to hell"")?",radio,__NOT_APPLICABLE__,All Other App Types,true,416
68,answer__can_the_app_contain_moderate_swearing_or_other_language__cdc1565c__no,answer__can_the_app_contain_moderate_swearing_or_other_language__cdc1565c,radio,can_the_app_contain_moderate_swearing_or_other_language__cdc1565c,Can the app contain moderate swearing or other language that could be considered moderately or significantly offensive?,radio,No,All Other App Types,false,17
69,answer__can_the_app_contain_moderate_swearing_or_other_language__cdc1565c__yes,answer__can_the_app_contain_moderate_swearing_or_other_language__cdc1565c,radio,can_the_app_contain_moderate_swearing_or_other_language__cdc1565c,Can the app contain moderate swearing or other language that could be considered moderately or significantly offensive?,radio,Yes,All Other App Types,false,3
70,answer__can_the_app_contain_moderate_swearing_or_other_language__cdc1565c__inactive,answer__can_the_app_contain_moderate_swearing_or_other_language__cdc1565c,radio,can_the_app_contain_moderate_swearing_or_other_language__cdc1565c,Can the app contain moderate swearing or other language that could be considered moderately or significantly offensive?,radio,__INACTIVE__,All Other App Types,true,374
71,answer__can_the_app_contain_moderate_swearing_or_other_language__cdc1565c__not_applicable,answer__can_the_app_contain_moderate_swearing_or_other_language__cdc1565c,radio,can_the_app_contain_moderate_swearing_or_other_language__cdc1565c,Can the app contain moderate swearing or other language that could be considered moderately or significantly offensive?,radio,__NOT_APPLICABLE__,All Other App Types,true,416
72,answer__can_the_app_contain_references_to_or_depictions_of_illeg_387441a4__no,answer__can_the_app_contain_references_to_or_depictions_of_illeg_387441a4,radio,can_the_app_contain_references_to_or_depictions_of_illeg_387441a4,"Can the app contain references to or depictions of illegal or recreational drugs? Content that sellers create as part of the app catalog needs to be considered; however, this question does not refer to user-generated content (e.g., comments and reviews).",radio,No,All Other App Types,false,99
73,answer__can_the_app_contain_references_to_or_depictions_of_illeg_387441a4__yes,answer__can_the_app_contain_references_to_or_depictions_of_illeg_387441a4,radio,can_the_app_contain_references_to_or_depictions_of_illeg_387441a4,"Can the app contain references to or depictions of illegal or recreational drugs? Content that sellers create as part of the app catalog needs to be considered; however, this question does not refer to user-generated content (e.g., comments and reviews).",radio,Yes,All Other App Types,false,10
74,answer__can_the_app_contain_references_to_or_depictions_of_illeg_387441a4__inactive,answer__can_the_app_contain_references_to_or_depictions_of_illeg_387441a4,radio,can_the_app_contain_references_to_or_depictions_of_illeg_387441a4,"Can the app contain references to or depictions of illegal or recreational drugs? Content that sellers create as part of the app catalog needs to be considered; however, this question does not refer to user-generated content (e.g., comments and reviews).",radio,__INACTIVE__,All Other App Types,true,285
75,answer__can_the_app_contain_references_to_or_depictions_of_illeg_387441a4__not_applicable,answer__can_the_app_contain_references_to_or_depictions_of_illeg_387441a4,radio,can_the_app_contain_references_to_or_depictions_of_illeg_387441a4,"Can the app contain references to or depictions of illegal or recreational drugs? Content that sellers create as part of the app catalog needs to be considered; however, this question does not refer to user-generated content (e.g., comments and reviews).",radio,__NOT_APPLICABLE__,All Other App Types,true,416
76,answer__can_the_app_contain_sexual_expletives_b9c51086__no,answer__can_the_app_contain_sexual_expletives_b9c51086,radio,can_the_app_contain_sexual_expletives_b9c51086,Can the app contain sexual expletives?,radio,No,All Other App Types,false,15
77,answer__can_the_app_contain_sexual_expletives_b9c51086__yes,answer__can_the_app_contain_sexual_expletives_b9c51086,radio,can_the_app_contain_sexual_expletives_b9c51086,Can the app contain sexual expletives?,radio,Yes,All Other App Types,false,5
78,answer__can_the_app_contain_sexual_expletives_b9c51086__inactive,answer__can_the_app_contain_sexual_expletives_b9c51086,radio,can_the_app_contain_sexual_expletives_b9c51086,Can the app contain sexual expletives?,radio,__INACTIVE__,All Other App Types,true,374
79,answer__can_the_app_contain_sexual_expletives_b9c51086__not_applicable,answer__can_the_app_contain_sexual_expletives_b9c51086,radio,can_the_app_contain_sexual_expletives_b9c51086,Can the app contain sexual expletives?,radio,__NOT_APPLICABLE__,All Other App Types,true,416
80,answer__can_the_app_contain_sexual_material_or_nudity_except_in__ccdb3618__no,answer__can_the_app_contain_sexual_material_or_nudity_except_in__ccdb3618,radio,can_the_app_contain_sexual_material_or_nudity_except_in__ccdb3618,"Can the app contain sexual material or nudity (except in a natural or scientific setting)? Content that sellers create as part of the app catalog needs to be considered; however, this question does not refer to user-generated content (e.g., comments and reviews).",radio,No,All Other App Types,false,89
81,answer__can_the_app_contain_sexual_material_or_nudity_except_in__ccdb3618__yes,answer__can_the_app_contain_sexual_material_or_nudity_except_in__ccdb3618,radio,can_the_app_contain_sexual_material_or_nudity_except_in__ccdb3618,"Can the app contain sexual material or nudity (except in a natural or scientific setting)? Content that sellers create as part of the app catalog needs to be considered; however, this question does not refer to user-generated content (e.g., comments and reviews).",radio,Yes,All Other App Types,false,20
82,answer__can_the_app_contain_sexual_material_or_nudity_except_in__ccdb3618__inactive,answer__can_the_app_contain_sexual_material_or_nudity_except_in__ccdb3618,radio,can_the_app_contain_sexual_material_or_nudity_except_in__ccdb3618,"Can the app contain sexual material or nudity (except in a natural or scientific setting)? Content that sellers create as part of the app catalog needs to be considered; however, this question does not refer to user-generated content (e.g., comments and reviews).",radio,__INACTIVE__,All Other App Types,true,285
83,answer__can_the_app_contain_sexual_material_or_nudity_except_in__ccdb3618__not_applicable,answer__can_the_app_contain_sexual_material_or_nudity_except_in__ccdb3618,radio,can_the_app_contain_sexual_material_or_nudity_except_in__ccdb3618,"Can the app contain sexual material or nudity (except in a natural or scientific setting)? Content that sellers create as part of the app catalog needs to be considered; however, this question does not refer to user-generated content (e.g., comments and reviews).",radio,__NOT_APPLICABLE__,All Other App Types,true,416
84,answer__can_the_app_contain_violent_material_content_that_seller_42d20972__no,answer__can_the_app_contain_violent_material_content_that_seller_42d20972,radio,can_the_app_contain_violent_material_content_that_seller_42d20972,"Can the app contain violent material? Content that sellers create as part of the app catalog needs to be considered; however, this question does not refer to user-generated content (e.g., comments and reviews).",radio,No,All Other App Types,false,92
85,answer__can_the_app_contain_violent_material_content_that_seller_42d20972__yes,answer__can_the_app_contain_violent_material_content_that_seller_42d20972,radio,can_the_app_contain_violent_material_content_that_seller_42d20972,"Can the app contain violent material? Content that sellers create as part of the app catalog needs to be considered; however, this question does not refer to user-generated content (e.g., comments and reviews).",radio,Yes,All Other App Types,false,17
86,answer__can_the_app_contain_violent_material_content_that_seller_42d20972__inactive,answer__can_the_app_contain_violent_material_content_that_seller_42d20972,radio,can_the_app_contain_violent_material_content_that_seller_42d20972,"Can the app contain violent material? Content that sellers create as part of the app catalog needs to be considered; however, this question does not refer to user-generated content (e.g., comments and reviews).",radio,__INACTIVE__,All Other App Types,true,285
87,answer__can_the_app_contain_violent_material_content_that_seller_42d20972__not_applicable,answer__can_the_app_contain_violent_material_content_that_seller_42d20972,radio,can_the_app_contain_violent_material_content_that_seller_42d20972,"Can the app contain violent material? Content that sellers create as part of the app catalog needs to be considered; however, this question does not refer to user-generated content (e.g., comments and reviews).",radio,__NOT_APPLICABLE__,All Other App Types,true,416
88,answer__can_the_player_ever_use_alcohol_in_a_first_person_perspe_4e53d7c8__no,answer__can_the_player_ever_use_alcohol_in_a_first_person_perspe_4e53d7c8,radio,can_the_player_ever_use_alcohol_in_a_first_person_perspe_4e53d7c8,Can the player ever use alcohol in a first-person perspective?,radio,No,Game,false,7
89,answer__can_the_player_ever_use_alcohol_in_a_first_person_perspe_4e53d7c8__yes,answer__can_the_player_ever_use_alcohol_in_a_first_person_perspe_4e53d7c8,radio,can_the_player_ever_use_alcohol_in_a_first_person_perspe_4e53d7c8,Can the player ever use alcohol in a first-person perspective?,radio,Yes,Game,false,4
90,answer__can_the_player_ever_use_alcohol_in_a_first_person_perspe_4e53d7c8__inactive,answer__can_the_player_ever_use_alcohol_in_a_first_person_perspe_4e53d7c8,radio,can_the_player_ever_use_alcohol_in_a_first_person_perspe_4e53d7c8,Can the player ever use alcohol in a first-person perspective?,radio,__INACTIVE__,Game,true,395
91,answer__can_the_player_ever_use_alcohol_in_a_first_person_perspe_4e53d7c8__not_applicable,answer__can_the_player_ever_use_alcohol_in_a_first_person_perspe_4e53d7c8,radio,can_the_player_ever_use_alcohol_in_a_first_person_perspe_4e53d7c8,Can the player ever use alcohol in a first-person perspective?,radio,__NOT_APPLICABLE__,Game,true,404
92,answer__can_the_player_ever_use_tobacco_in_a_first_person_perspe_929a7633__no,answer__can_the_player_ever_use_tobacco_in_a_first_person_perspe_929a7633,radio,can_the_player_ever_use_tobacco_in_a_first_person_perspe_929a7633,Can the player ever use tobacco in a first-person perspective?,radio,No,Game,false,6
93,answer__can_the_player_ever_use_tobacco_in_a_first_person_perspe_929a7633__yes,answer__can_the_player_ever_use_tobacco_in_a_first_person_perspe_929a7633,radio,can_the_player_ever_use_tobacco_in_a_first_person_perspe_929a7633,Can the player ever use tobacco in a first-person perspective?,radio,Yes,Game,false,5
94,answer__can_the_player_ever_use_tobacco_in_a_first_person_perspe_929a7633__inactive,answer__can_the_player_ever_use_tobacco_in_a_first_person_perspe_929a7633,radio,can_the_player_ever_use_tobacco_in_a_first_person_perspe_929a7633,Can the player ever use tobacco in a first-person perspective?,radio,__INACTIVE__,Game,true,395
95,answer__can_the_player_ever_use_tobacco_in_a_first_person_perspe_929a7633__not_applicable,answer__can_the_player_ever_use_tobacco_in_a_first_person_perspe_929a7633,radio,can_the_player_ever_use_tobacco_in_a_first_person_perspe_929a7633,Can the player ever use tobacco in a first-person perspective?,radio,__NOT_APPLICABLE__,Game,true,404
96,answer__can_the_user_ever_use_alcohol_in_a_first_person_perspect_ffd9c98e__no,answer__can_the_user_ever_use_alcohol_in_a_first_person_perspect_ffd9c98e,radio,can_the_user_ever_use_alcohol_in_a_first_person_perspect_ffd9c98e,Can the user ever use alcohol in a first-person perspective?,radio,No,All Other App Types,false,5
97,answer__can_the_user_ever_use_alcohol_in_a_first_person_perspect_ffd9c98e__yes,answer__can_the_user_ever_use_alcohol_in_a_first_person_perspect_ffd9c98e,radio,can_the_user_ever_use_alcohol_in_a_first_person_perspect_ffd9c98e,Can the user ever use alcohol in a first-person perspective?,radio,Yes,All Other App Types,false,4
98,answer__can_the_user_ever_use_alcohol_in_a_first_person_perspect_ffd9c98e__inactive,answer__can_the_user_ever_use_alcohol_in_a_first_person_perspect_ffd9c98e,radio,can_the_user_ever_use_alcohol_in_a_first_person_perspect_ffd9c98e,Can the user ever use alcohol in a first-person perspective?,radio,__INACTIVE__,All Other App Types,true,385
99,answer__can_the_user_ever_use_alcohol_in_a_first_person_perspect_ffd9c98e__not_applicable,answer__can_the_user_ever_use_alcohol_in_a_first_person_perspect_ffd9c98e,radio,can_the_user_ever_use_alcohol_in_a_first_person_perspect_ffd9c98e,Can the user ever use alcohol in a first-person perspective?,radio,__NOT_APPLICABLE__,All Other App Types,true,416
100,answer__can_the_user_ever_use_tobacco_in_a_first_person_perspect_b682c1a1__no,answer__can_the_user_ever_use_tobacco_in_a_first_person_perspect_b682c1a1,radio,can_the_user_ever_use_tobacco_in_a_first_person_perspect_b682c1a1,Can the user ever use tobacco in a first-person perspective?,radio,No,All Other App Types,false,3
101,answer__can_the_user_ever_use_tobacco_in_a_first_person_perspect_b682c1a1__yes,answer__can_the_user_ever_use_tobacco_in_a_first_person_perspect_b682c1a1,radio,can_the_user_ever_use_tobacco_in_a_first_person_perspect_b682c1a1,Can the user ever use tobacco in a first-person perspective?,radio,Yes,All Other App Types,false,3
102,answer__can_the_user_ever_use_tobacco_in_a_first_person_perspect_b682c1a1__inactive,answer__can_the_user_ever_use_tobacco_in_a_first_person_perspect_b682c1a1,radio,can_the_user_ever_use_tobacco_in_a_first_person_perspect_b682c1a1,Can the user ever use tobacco in a first-person perspective?,radio,__INACTIVE__,All Other App Types,true,388
103,answer__can_the_user_ever_use_tobacco_in_a_first_person_perspect_b682c1a1__not_applicable,answer__can_the_user_ever_use_tobacco_in_a_first_person_perspect_b682c1a1,radio,can_the_user_ever_use_tobacco_in_a_first_person_perspect_b682c1a1,Can the user ever use tobacco in a first-person perspective?,radio,__NOT_APPLICABLE__,All Other App Types,true,416
104,answer__can_these_purchases_include_random_items_where_the_purch_cfc20feb__no,answer__can_these_purchases_include_random_items_where_the_purch_cfc20feb,radio,can_these_purchases_include_random_items_where_the_purch_cfc20feb,"Can these purchases include random items where the purchaser doesn't know what specific items or features they will receive (e.g., loot boxes), the purchase of items that will be used to create or unlock an unknown item or feature (e.g., a key to unlock a loot box, material used to craft a random item), items that can improve the rate of earning random items (e.g., random drop boosts), or any other chance-based purchases?",radio,No,All Other App Types || Game || Social or Communication,false,23
105,answer__can_these_purchases_include_random_items_where_the_purch_cfc20feb__yes,answer__can_these_purchases_include_random_items_where_the_purch_cfc20feb,radio,can_these_purchases_include_random_items_where_the_purch_cfc20feb,"Can these purchases include random items where the purchaser doesn't know what specific items or features they will receive (e.g., loot boxes), the purchase of items that will be used to create or unlock an unknown item or feature (e.g., a key to unlock a loot box, material used to craft a random item), items that can improve the rate of earning random items (e.g., random drop boosts), or any other chance-based purchases?",radio,Yes,All Other App Types || Game || Social or Communication,false,10
106,answer__can_these_purchases_include_random_items_where_the_purch_cfc20feb__inactive,answer__can_these_purchases_include_random_items_where_the_purch_cfc20feb,radio,can_these_purchases_include_random_items_where_the_purch_cfc20feb,"Can these purchases include random items where the purchaser doesn't know what specific items or features they will receive (e.g., loot boxes), the purchase of items that will be used to create or unlock an unknown item or feature (e.g., a key to unlock a loot box, material used to craft a random item), items that can improve the rate of earning random items (e.g., random drop boosts), or any other chance-based purchases?",radio,__INACTIVE__,All Other App Types || Game || Social or Communication,true,777
107,answer__can_these_sexual_images_be_pornographic_dbe74343__no,answer__can_these_sexual_images_be_pornographic_dbe74343,radio,can_these_sexual_images_be_pornographic_dbe74343,Can these sexual images be pornographic?,radio,No,All Other App Types,false,10
108,answer__can_these_sexual_images_be_pornographic_dbe74343__yes,answer__can_these_sexual_images_be_pornographic_dbe74343,radio,can_these_sexual_images_be_pornographic_dbe74343,Can these sexual images be pornographic?,radio,Yes,All Other App Types,false,2
109,answer__can_these_sexual_images_be_pornographic_dbe74343__inactive,answer__can_these_sexual_images_be_pornographic_dbe74343,radio,can_these_sexual_images_be_pornographic_dbe74343,Can these sexual images be pornographic?,radio,__INACTIVE__,All Other App Types,true,382
110,answer__can_these_sexual_images_be_pornographic_dbe74343__not_applicable,answer__can_these_sexual_images_be_pornographic_dbe74343,radio,can_these_sexual_images_be_pornographic_dbe74343,Can these sexual images be pornographic?,radio,__NOT_APPLICABLE__,All Other App Types,true,416
111,answer__can_these_sexual_images_depict_nudity_62b6c6d4__no,answer__can_these_sexual_images_depict_nudity_62b6c6d4,radio,can_these_sexual_images_depict_nudity_62b6c6d4,Can these sexual images depict nudity?,radio,No,All Other App Types,false,6
112,answer__can_these_sexual_images_depict_nudity_62b6c6d4__yes,answer__can_these_sexual_images_depict_nudity_62b6c6d4,radio,can_these_sexual_images_depict_nudity_62b6c6d4,Can these sexual images depict nudity?,radio,Yes,All Other App Types,false,6
113,answer__can_these_sexual_images_depict_nudity_62b6c6d4__inactive,answer__can_these_sexual_images_depict_nudity_62b6c6d4,radio,can_these_sexual_images_depict_nudity_62b6c6d4,Can these sexual images depict nudity?,radio,__INACTIVE__,All Other App Types,true,382
114,answer__can_these_sexual_images_depict_nudity_62b6c6d4__not_applicable,answer__can_these_sexual_images_depict_nudity_62b6c6d4,radio,can_these_sexual_images_depict_nudity_62b6c6d4,Can these sexual images depict nudity?,radio,__NOT_APPLICABLE__,All Other App Types,true,416
115,answer__can_these_violent_images_be_gross_or_gory_a3d431d0__no,answer__can_these_violent_images_be_gross_or_gory_a3d431d0,radio,can_these_violent_images_be_gross_or_gory_a3d431d0,Can these violent images be gross or gory?,radio,No,All Other App Types,false,7
116,answer__can_these_violent_images_be_gross_or_gory_a3d431d0__yes,answer__can_these_violent_images_be_gross_or_gory_a3d431d0,radio,can_these_violent_images_be_gross_or_gory_a3d431d0,Can these violent images be gross or gory?,radio,Yes,All Other App Types,false,6
117,answer__can_these_violent_images_be_gross_or_gory_a3d431d0__inactive,answer__can_these_violent_images_be_gross_or_gory_a3d431d0,radio,can_these_violent_images_be_gross_or_gory_a3d431d0,Can these violent images be gross or gory?,radio,__INACTIVE__,All Other App Types,true,381
118,answer__can_these_violent_images_be_gross_or_gory_a3d431d0__not_applicable,answer__can_these_violent_images_be_gross_or_gory_a3d431d0,radio,can_these_violent_images_be_gross_or_gory_a3d431d0,Can these violent images be gross or gory?,radio,__NOT_APPLICABLE__,All Other App Types,true,416
119,answer__can_this_app_contain_visual_depictions_of_illegal_or_rec_3788a7dc__no,answer__can_this_app_contain_visual_depictions_of_illegal_or_rec_3788a7dc,radio,can_this_app_contain_visual_depictions_of_illegal_or_rec_3788a7dc,Can this app contain visual depictions of illegal or recreational drugs?,radio,No,All Other App Types,false,6
120,answer__can_this_app_contain_visual_depictions_of_illegal_or_rec_3788a7dc__yes,answer__can_this_app_contain_visual_depictions_of_illegal_or_rec_3788a7dc,radio,can_this_app_contain_visual_depictions_of_illegal_or_rec_3788a7dc,Can this app contain visual depictions of illegal or recreational drugs?,radio,Yes,All Other App Types,false,4
121,answer__can_this_app_contain_visual_depictions_of_illegal_or_rec_3788a7dc__inactive,answer__can_this_app_contain_visual_depictions_of_illegal_or_rec_3788a7dc,radio,can_this_app_contain_visual_depictions_of_illegal_or_rec_3788a7dc,Can this app contain visual depictions of illegal or recreational drugs?,radio,__INACTIVE__,All Other App Types,true,384
122,answer__can_this_app_contain_visual_depictions_of_illegal_or_rec_3788a7dc__not_applicable,answer__can_this_app_contain_visual_depictions_of_illegal_or_rec_3788a7dc,radio,can_this_app_contain_visual_depictions_of_illegal_or_rec_3788a7dc,Can this app contain visual depictions of illegal or recreational drugs?,radio,__NOT_APPLICABLE__,All Other App Types,true,416
123,answer__can_this_sexual_material_be_referred_to_through_text_or__cef4ac8f__no,answer__can_this_sexual_material_be_referred_to_through_text_or__cef4ac8f,radio,can_this_sexual_material_be_referred_to_through_text_or__cef4ac8f,Can this sexual material be referred to through text or spoken about?,radio,No,All Other App Types,false,16
124,answer__can_this_sexual_material_be_referred_to_through_text_or__cef4ac8f__yes,answer__can_this_sexual_material_be_referred_to_through_text_or__cef4ac8f,radio,can_this_sexual_material_be_referred_to_through_text_or__cef4ac8f,Can this sexual material be referred to through text or spoken about?,radio,Yes,All Other App Types,false,4
125,answer__can_this_sexual_material_be_referred_to_through_text_or__cef4ac8f__inactive,answer__can_this_sexual_material_be_referred_to_through_text_or__cef4ac8f,radio,can_this_sexual_material_be_referred_to_through_text_or__cef4ac8f,Can this sexual material be referred to through text or spoken about?,radio,__INACTIVE__,All Other App Types,true,374
126,answer__can_this_sexual_material_be_referred_to_through_text_or__cef4ac8f__not_applicable,answer__can_this_sexual_material_be_referred_to_through_text_or__cef4ac8f,radio,can_this_sexual_material_be_referred_to_through_text_or__cef4ac8f,Can this sexual material be referred to through text or spoken about?,radio,__NOT_APPLICABLE__,All Other App Types,true,416
127,answer__can_this_sexual_material_be_visually_depicted_047f6e7c__no,answer__can_this_sexual_material_be_visually_depicted_047f6e7c,radio,can_this_sexual_material_be_visually_depicted_047f6e7c,Can this sexual material be visually depicted?,radio,No,All Other App Types,false,8
128,answer__can_this_sexual_material_be_visually_depicted_047f6e7c__yes,answer__can_this_sexual_material_be_visually_depicted_047f6e7c,radio,can_this_sexual_material_be_visually_depicted_047f6e7c,Can this sexual material be visually depicted?,radio,Yes,All Other App Types,false,12
129,answer__can_this_sexual_material_be_visually_depicted_047f6e7c__inactive,answer__can_this_sexual_material_be_visually_depicted_047f6e7c,radio,can_this_sexual_material_be_visually_depicted_047f6e7c,Can this sexual material be visually depicted?,radio,__INACTIVE__,All Other App Types,true,374
130,answer__can_this_sexual_material_be_visually_depicted_047f6e7c__not_applicable,answer__can_this_sexual_material_be_visually_depicted_047f6e7c,radio,can_this_sexual_material_be_visually_depicted_047f6e7c,Can this sexual material be visually depicted?,radio,__NOT_APPLICABLE__,All Other App Types,true,416
131,answer__can_this_violent_material_be_referred_to_through_text_or_337488ea__no,answer__can_this_violent_material_be_referred_to_through_text_or_337488ea,radio,can_this_violent_material_be_referred_to_through_text_or_337488ea,Can this violent material be referred to through text or spoken about?,radio,No,All Other App Types,false,15
132,answer__can_this_violent_material_be_referred_to_through_text_or_337488ea__yes,answer__can_this_violent_material_be_referred_to_through_text_or_337488ea,radio,can_this_violent_material_be_referred_to_through_text_or_337488ea,Can this violent material be referred to through text or spoken about?,radio,Yes,All Other App Types,false,2
133,answer__can_this_violent_material_be_referred_to_through_text_or_337488ea__inactive,answer__can_this_violent_material_be_referred_to_through_text_or_337488ea,radio,can_this_violent_material_be_referred_to_through_text_or_337488ea,Can this violent material be referred to through text or spoken about?,radio,__INACTIVE__,All Other App Types,true,377
134,answer__can_this_violent_material_be_referred_to_through_text_or_337488ea__not_applicable,answer__can_this_violent_material_be_referred_to_through_text_or_337488ea,radio,can_this_violent_material_be_referred_to_through_text_or_337488ea,Can this violent material be referred to through text or spoken about?,radio,__NOT_APPLICABLE__,All Other App Types,true,416
135,answer__can_this_violent_material_be_visually_depicted_9f0796c7__no,answer__can_this_violent_material_be_visually_depicted_9f0796c7,radio,can_this_violent_material_be_visually_depicted_9f0796c7,Can this violent material be visually depicted?,radio,No,All Other App Types,false,4
136,answer__can_this_violent_material_be_visually_depicted_9f0796c7__yes,answer__can_this_violent_material_be_visually_depicted_9f0796c7,radio,can_this_violent_material_be_visually_depicted_9f0796c7,Can this violent material be visually depicted?,radio,Yes,All Other App Types,false,13
137,answer__can_this_violent_material_be_visually_depicted_9f0796c7__inactive,answer__can_this_violent_material_be_visually_depicted_9f0796c7,radio,can_this_violent_material_be_visually_depicted_9f0796c7,Can this violent material be visually depicted?,radio,__INACTIVE__,All Other App Types,true,377
138,answer__can_this_violent_material_be_visually_depicted_9f0796c7__not_applicable,answer__can_this_violent_material_be_visually_depicted_9f0796c7,radio,can_this_violent_material_be_visually_depicted_9f0796c7,Can this violent material be visually depicted?,radio,__NOT_APPLICABLE__,All Other App Types,true,416
139,answer__do_any_of_these_creatures_behave_or_respond_like_humans_bd1de18a__no,answer__do_any_of_these_creatures_behave_or_respond_like_humans_bd1de18a,radio,do_any_of_these_creatures_behave_or_respond_like_humans_bd1de18a,Do any of these creatures behave or respond like humans?,radio,No,All Other App Types || Game,false,54
140,answer__do_any_of_these_creatures_behave_or_respond_like_humans_bd1de18a__yes,answer__do_any_of_these_creatures_behave_or_respond_like_humans_bd1de18a,radio,do_any_of_these_creatures_behave_or_respond_like_humans_bd1de18a,Do any of these creatures behave or respond like humans?,radio,Yes,All Other App Types || Game,false,9
141,answer__do_any_of_these_creatures_behave_or_respond_like_humans_bd1de18a__inactive,answer__do_any_of_these_creatures_behave_or_respond_like_humans_bd1de18a,radio,do_any_of_these_creatures_behave_or_respond_like_humans_bd1de18a,Do any of these creatures behave or respond like humans?,radio,__INACTIVE__,All Other App Types || Game,true,737
142,answer__do_any_of_these_creatures_behave_or_respond_like_humans_bd1de18a__not_applicable,answer__do_any_of_these_creatures_behave_or_respond_like_humans_bd1de18a,radio,do_any_of_these_creatures_behave_or_respond_like_humans_bd1de18a,Do any of these creatures behave or respond like humans?,radio,__NOT_APPLICABLE__,All Other App Types || Game,true,10
143,answer__do_any_of_these_sex_acts_feature_characters_that_appear__36d02e50__no,answer__do_any_of_these_sex_acts_feature_characters_that_appear__36d02e50,radio,do_any_of_these_sex_acts_feature_characters_that_appear__36d02e50,Do any of these sex acts feature characters that appear to be younger than 18?,radio,No,All Other App Types || Game,false,45
144,answer__do_any_of_these_sex_acts_feature_characters_that_appear__36d02e50__yes,answer__do_any_of_these_sex_acts_feature_characters_that_appear__36d02e50,radio,do_any_of_these_sex_acts_feature_characters_that_appear__36d02e50,Do any of these sex acts feature characters that appear to be younger than 18?,radio,Yes,All Other App Types || Game,false,10
145,answer__do_any_of_these_sex_acts_feature_characters_that_appear__36d02e50__inactive,answer__do_any_of_these_sex_acts_feature_characters_that_appear__36d02e50,radio,do_any_of_these_sex_acts_feature_characters_that_appear__36d02e50,Do any of these sex acts feature characters that appear to be younger than 18?,radio,__INACTIVE__,All Other App Types || Game,true,745
146,answer__do_any_of_these_sex_acts_feature_characters_that_appear__36d02e50__not_applicable,answer__do_any_of_these_sex_acts_feature_characters_that_appear__36d02e50,radio,do_any_of_these_sex_acts_feature_characters_that_appear__36d02e50,Do any of these sex acts feature characters that appear to be younger than 18?,radio,__NOT_APPLICABLE__,All Other App Types || Game,true,10
147,answer__do_these_outfits_ever_appear_to_be_out_of_place_such_as__6f8c32b5__no,answer__do_these_outfits_ever_appear_to_be_out_of_place_such_as__6f8c32b5,radio,do_these_outfits_ever_appear_to_be_out_of_place_such_as__6f8c32b5,"Do these outfits ever appear to be out-of-place, such as a bikini worn on the battlefield or solely wearing undergarments in public?",radio,No,All Other App Types || Game,false,28
148,answer__do_these_outfits_ever_appear_to_be_out_of_place_such_as__6f8c32b5__yes,answer__do_these_outfits_ever_appear_to_be_out_of_place_such_as__6f8c32b5,radio,do_these_outfits_ever_appear_to_be_out_of_place_such_as__6f8c32b5,"Do these outfits ever appear to be out-of-place, such as a bikini worn on the battlefield or solely wearing undergarments in public?",radio,Yes,All Other App Types || Game,false,9
149,answer__do_these_outfits_ever_appear_to_be_out_of_place_such_as__6f8c32b5__inactive,answer__do_these_outfits_ever_appear_to_be_out_of_place_such_as__6f8c32b5,radio,do_these_outfits_ever_appear_to_be_out_of_place_such_as__6f8c32b5,"Do these outfits ever appear to be out-of-place, such as a bikini worn on the battlefield or solely wearing undergarments in public?",radio,__INACTIVE__,All Other App Types || Game,true,763
150,answer__do_these_outfits_ever_appear_to_be_out_of_place_such_as__6f8c32b5__not_applicable,answer__do_these_outfits_ever_appear_to_be_out_of_place_such_as__6f8c32b5,radio,do_these_outfits_ever_appear_to_be_out_of_place_such_as__6f8c32b5,"Do these outfits ever appear to be out-of-place, such as a bikini worn on the battlefield or solely wearing undergarments in public?",radio,__NOT_APPLICABLE__,All Other App Types || Game,true,10
151,answer__does_the_app_allow_users_to_purchase_digital_goods_43ad2835__no,answer__does_the_app_allow_users_to_purchase_digital_goods_43ad2835,radio,does_the_app_allow_users_to_purchase_digital_goods_43ad2835,Does the app allow users to purchase digital goods?,radio,No,All Other App Types || Social or Communication,false,389
152,answer__does_the_app_allow_users_to_purchase_digital_goods_43ad2835__yes,answer__does_the_app_allow_users_to_purchase_digital_goods_43ad2835,radio,does_the_app_allow_users_to_purchase_digital_goods_43ad2835,Does the app allow users to purchase digital goods?,radio,Yes,All Other App Types || Social or Communication,false,15
153,answer__does_the_app_allow_users_to_purchase_digital_goods_43ad2835__inactive,answer__does_the_app_allow_users_to_purchase_digital_goods_43ad2835,radio,does_the_app_allow_users_to_purchase_digital_goods_43ad2835,Does the app allow users to purchase digital goods?,radio,__INACTIVE__,All Other App Types || Social or Communication,true,0
154,answer__does_the_app_allow_users_to_purchase_digital_goods_43ad2835__not_applicable,answer__does_the_app_allow_users_to_purchase_digital_goods_43ad2835,radio,does_the_app_allow_users_to_purchase_digital_goods_43ad2835,Does the app allow users to purchase digital goods?,radio,__NOT_APPLICABLE__,All Other App Types || Social or Communication,true,406
155,answer__does_the_app_contain_an_integrated_marketplace_for_these_6e119982__no,answer__does_the_app_contain_an_integrated_marketplace_for_these_6e119982,radio,does_the_app_contain_an_integrated_marketplace_for_these_6e119982,Does the app contain an integrated marketplace for these assets or promote/feature a particular marketplace for these assets?,radio,No,All Other App Types,false,6
156,answer__does_the_app_contain_an_integrated_marketplace_for_these_6e119982__yes,answer__does_the_app_contain_an_integrated_marketplace_for_these_6e119982,radio,does_the_app_contain_an_integrated_marketplace_for_these_6e119982,Does the app contain an integrated marketplace for these assets or promote/feature a particular marketplace for these assets?,radio,Yes,All Other App Types,false,6
157,answer__does_the_app_contain_an_integrated_marketplace_for_these_6e119982__inactive,answer__does_the_app_contain_an_integrated_marketplace_for_these_6e119982,radio,does_the_app_contain_an_integrated_marketplace_for_these_6e119982,Does the app contain an integrated marketplace for these assets or promote/feature a particular marketplace for these assets?,radio,__INACTIVE__,All Other App Types,true,382
158,answer__does_the_app_contain_an_integrated_marketplace_for_these_6e119982__not_applicable,answer__does_the_app_contain_an_integrated_marketplace_for_these_6e119982,radio,does_the_app_contain_an_integrated_marketplace_for_these_6e119982,Does the app contain an integrated marketplace for these assets or promote/feature a particular marketplace for these assets?,radio,__NOT_APPLICABLE__,All Other App Types,true,416
159,answer__does_the_app_contain_any_bodily_functions_such_as_belchi_967792bd__no,answer__does_the_app_contain_any_bodily_functions_such_as_belchi_967792bd,radio,does_the_app_contain_any_bodily_functions_such_as_belchi_967792bd,"Does the app contain any bodily functions such as belching, flatulence, or vomiting when used for humorous purposes?",radio,No,All Other App Types,false,307
160,answer__does_the_app_contain_any_bodily_functions_such_as_belchi_967792bd__yes,answer__does_the_app_contain_any_bodily_functions_such_as_belchi_967792bd,radio,does_the_app_contain_any_bodily_functions_such_as_belchi_967792bd,"Does the app contain any bodily functions such as belching, flatulence, or vomiting when used for humorous purposes?",radio,Yes,All Other App Types,false,14
161,answer__does_the_app_contain_any_bodily_functions_such_as_belchi_967792bd__inactive,answer__does_the_app_contain_any_bodily_functions_such_as_belchi_967792bd,radio,does_the_app_contain_any_bodily_functions_such_as_belchi_967792bd,"Does the app contain any bodily functions such as belching, flatulence, or vomiting when used for humorous purposes?",radio,__INACTIVE__,All Other App Types,true,73
162,answer__does_the_app_contain_any_bodily_functions_such_as_belchi_967792bd__not_applicable,answer__does_the_app_contain_any_bodily_functions_such_as_belchi_967792bd,radio,does_the_app_contain_any_bodily_functions_such_as_belchi_967792bd,"Does the app contain any bodily functions such as belching, flatulence, or vomiting when used for humorous purposes?",radio,__NOT_APPLICABLE__,All Other App Types,true,416
163,answer__does_the_app_contain_any_potentially_offensive_language_b4cfa138__no,answer__does_the_app_contain_any_potentially_offensive_language_b4cfa138,radio,does_the_app_contain_any_potentially_offensive_language_b4cfa138,Does the app contain any potentially offensive language?,radio,No,All Other App Types,false,298
164,answer__does_the_app_contain_any_potentially_offensive_language_b4cfa138__yes,answer__does_the_app_contain_any_potentially_offensive_language_b4cfa138,radio,does_the_app_contain_any_potentially_offensive_language_b4cfa138,Does the app contain any potentially offensive language?,radio,Yes,All Other App Types,false,23
165,answer__does_the_app_contain_any_potentially_offensive_language_b4cfa138__inactive,answer__does_the_app_contain_any_potentially_offensive_language_b4cfa138,radio,does_the_app_contain_any_potentially_offensive_language_b4cfa138,Does the app contain any potentially offensive language?,radio,__INACTIVE__,All Other App Types,true,73
166,answer__does_the_app_contain_any_potentially_offensive_language_b4cfa138__not_applicable,answer__does_the_app_contain_any_potentially_offensive_language_b4cfa138,radio,does_the_app_contain_any_potentially_offensive_language_b4cfa138,Does the app contain any potentially offensive language?,radio,__NOT_APPLICABLE__,All Other App Types,true,416
167,answer__does_the_app_contain_any_ratings_relevant_content_e_g_se_1bdb46b7__no,answer__does_the_app_contain_any_ratings_relevant_content_e_g_se_1bdb46b7,radio,does_the_app_contain_any_ratings_relevant_content_e_g_se_1bdb46b7,"Does the app contain any ratings-relevant content (e.g., sex, violence, language) downloaded as part of the app package (code, assets)?",radio,No,All Other App Types,false,73
168,answer__does_the_app_contain_any_ratings_relevant_content_e_g_se_1bdb46b7__yes,answer__does_the_app_contain_any_ratings_relevant_content_e_g_se_1bdb46b7,radio,does_the_app_contain_any_ratings_relevant_content_e_g_se_1bdb46b7,"Does the app contain any ratings-relevant content (e.g., sex, violence, language) downloaded as part of the app package (code, assets)?",radio,Yes,All Other App Types,false,321
169,answer__does_the_app_contain_any_ratings_relevant_content_e_g_se_1bdb46b7__inactive,answer__does_the_app_contain_any_ratings_relevant_content_e_g_se_1bdb46b7,radio,does_the_app_contain_any_ratings_relevant_content_e_g_se_1bdb46b7,"Does the app contain any ratings-relevant content (e.g., sex, violence, language) downloaded as part of the app package (code, assets)?",radio,__INACTIVE__,All Other App Types,true,0
170,answer__does_the_app_contain_any_ratings_relevant_content_e_g_se_1bdb46b7__not_applicable,answer__does_the_app_contain_any_ratings_relevant_content_e_g_se_1bdb46b7,radio,does_the_app_contain_any_ratings_relevant_content_e_g_se_1bdb46b7,"Does the app contain any ratings-relevant content (e.g., sex, violence, language) downloaded as part of the app package (code, assets)?",radio,__NOT_APPLICABLE__,All Other App Types,true,416
171,answer__does_the_app_contain_any_reference_to_or_use_of_drugs_al_2098b4f8__no,answer__does_the_app_contain_any_reference_to_or_use_of_drugs_al_2098b4f8,radio,does_the_app_contain_any_reference_to_or_use_of_drugs_al_2098b4f8,"Does the app contain any reference to or use of drugs, alcohol, or tobacco?",radio,No,All Other App Types,false,243
172,answer__does_the_app_contain_any_reference_to_or_use_of_drugs_al_2098b4f8__yes,answer__does_the_app_contain_any_reference_to_or_use_of_drugs_al_2098b4f8,radio,does_the_app_contain_any_reference_to_or_use_of_drugs_al_2098b4f8,"Does the app contain any reference to or use of drugs, alcohol, or tobacco?",radio,Yes,All Other App Types,false,78
173,answer__does_the_app_contain_any_reference_to_or_use_of_drugs_al_2098b4f8__inactive,answer__does_the_app_contain_any_reference_to_or_use_of_drugs_al_2098b4f8,radio,does_the_app_contain_any_reference_to_or_use_of_drugs_al_2098b4f8,"Does the app contain any reference to or use of drugs, alcohol, or tobacco?",radio,__INACTIVE__,All Other App Types,true,73
174,answer__does_the_app_contain_any_reference_to_or_use_of_drugs_al_2098b4f8__not_applicable,answer__does_the_app_contain_any_reference_to_or_use_of_drugs_al_2098b4f8,radio,does_the_app_contain_any_reference_to_or_use_of_drugs_al_2098b4f8,"Does the app contain any reference to or use of drugs, alcohol, or tobacco?",radio,__NOT_APPLICABLE__,All Other App Types,true,416
175,answer__does_the_app_contain_gambling_simulations_of_casino_gamb_e4e21264__no,answer__does_the_app_contain_gambling_simulations_of_casino_gamb_e4e21264,radio,does_the_app_contain_gambling_simulations_of_casino_gamb_e4e21264,"Does the app contain gambling, simulations of casino gambling/bingo, or gambling themes?",radio,No,All Other App Types,false,289
176,answer__does_the_app_contain_gambling_simulations_of_casino_gamb_e4e21264__yes,answer__does_the_app_contain_gambling_simulations_of_casino_gamb_e4e21264,radio,does_the_app_contain_gambling_simulations_of_casino_gamb_e4e21264,"Does the app contain gambling, simulations of casino gambling/bingo, or gambling themes?",radio,Yes,All Other App Types,false,32
177,answer__does_the_app_contain_gambling_simulations_of_casino_gamb_e4e21264__inactive,answer__does_the_app_contain_gambling_simulations_of_casino_gamb_e4e21264,radio,does_the_app_contain_gambling_simulations_of_casino_gamb_e4e21264,"Does the app contain gambling, simulations of casino gambling/bingo, or gambling themes?",radio,__INACTIVE__,All Other App Types,true,73
178,answer__does_the_app_contain_gambling_simulations_of_casino_gamb_e4e21264__not_applicable,answer__does_the_app_contain_gambling_simulations_of_casino_gamb_e4e21264,radio,does_the_app_contain_gambling_simulations_of_casino_gamb_e4e21264,"Does the app contain gambling, simulations of casino gambling/bingo, or gambling themes?",radio,__NOT_APPLICABLE__,All Other App Types,true,416
179,answer__does_the_app_contain_inferences_of_references_to_or_depi_00223f58__no,answer__does_the_app_contain_inferences_of_references_to_or_depi_00223f58,radio,does_the_app_contain_inferences_of_references_to_or_depi_00223f58,"Does the app contain inferences of, references to, or depictions of sexuality, sexual violence, suggestiveness, revealing attire, or nudity?",radio,No,All Other App Types,false,197
180,answer__does_the_app_contain_inferences_of_references_to_or_depi_00223f58__yes,answer__does_the_app_contain_inferences_of_references_to_or_depi_00223f58,radio,does_the_app_contain_inferences_of_references_to_or_depi_00223f58,"Does the app contain inferences of, references to, or depictions of sexuality, sexual violence, suggestiveness, revealing attire, or nudity?",radio,Yes,All Other App Types,false,124
181,answer__does_the_app_contain_inferences_of_references_to_or_depi_00223f58__inactive,answer__does_the_app_contain_inferences_of_references_to_or_depi_00223f58,radio,does_the_app_contain_inferences_of_references_to_or_depi_00223f58,"Does the app contain inferences of, references to, or depictions of sexuality, sexual violence, suggestiveness, revealing attire, or nudity?",radio,__INACTIVE__,All Other App Types,true,73
182,answer__does_the_app_contain_inferences_of_references_to_or_depi_00223f58__not_applicable,answer__does_the_app_contain_inferences_of_references_to_or_depi_00223f58,radio,does_the_app_contain_inferences_of_references_to_or_depi_00223f58,"Does the app contain inferences of, references to, or depictions of sexuality, sexual violence, suggestiveness, revealing attire, or nudity?",radio,__NOT_APPLICABLE__,All Other App Types,true,416
183,answer__does_the_app_contain_inferences_of_references_to_or_depi_23169d75__no,answer__does_the_app_contain_inferences_of_references_to_or_depi_23169d75,radio,does_the_app_contain_inferences_of_references_to_or_depi_23169d75,"Does the app contain inferences of, references to, or depictions of violence, blood, or gory images?",radio,No,All Other App Types,false,227
184,answer__does_the_app_contain_inferences_of_references_to_or_depi_23169d75__yes,answer__does_the_app_contain_inferences_of_references_to_or_depi_23169d75,radio,does_the_app_contain_inferences_of_references_to_or_depi_23169d75,"Does the app contain inferences of, references to, or depictions of violence, blood, or gory images?",radio,Yes,All Other App Types,false,94
185,answer__does_the_app_contain_inferences_of_references_to_or_depi_23169d75__inactive,answer__does_the_app_contain_inferences_of_references_to_or_depi_23169d75,radio,does_the_app_contain_inferences_of_references_to_or_depi_23169d75,"Does the app contain inferences of, references to, or depictions of violence, blood, or gory images?",radio,__INACTIVE__,All Other App Types,true,73
186,answer__does_the_app_contain_inferences_of_references_to_or_depi_23169d75__not_applicable,answer__does_the_app_contain_inferences_of_references_to_or_depi_23169d75,radio,does_the_app_contain_inferences_of_references_to_or_depi_23169d75,"Does the app contain inferences of, references to, or depictions of violence, blood, or gory images?",radio,__NOT_APPLICABLE__,All Other App Types,true,416
187,answer__does_the_app_contain_pictures_or_sounds_likely_to_be_sca_dbbee0fa__no,answer__does_the_app_contain_pictures_or_sounds_likely_to_be_sca_dbbee0fa,radio,does_the_app_contain_pictures_or_sounds_likely_to_be_sca_dbbee0fa,Does the app contain pictures or sounds likely to be scary or horrifying?,radio,No,All Other App Types,false,300
188,answer__does_the_app_contain_pictures_or_sounds_likely_to_be_sca_dbbee0fa__yes,answer__does_the_app_contain_pictures_or_sounds_likely_to_be_sca_dbbee0fa,radio,does_the_app_contain_pictures_or_sounds_likely_to_be_sca_dbbee0fa,Does the app contain pictures or sounds likely to be scary or horrifying?,radio,Yes,All Other App Types,false,21
189,answer__does_the_app_contain_pictures_or_sounds_likely_to_be_sca_dbbee0fa__inactive,answer__does_the_app_contain_pictures_or_sounds_likely_to_be_sca_dbbee0fa,radio,does_the_app_contain_pictures_or_sounds_likely_to_be_sca_dbbee0fa,Does the app contain pictures or sounds likely to be scary or horrifying?,radio,__INACTIVE__,All Other App Types,true,73
190,answer__does_the_app_contain_pictures_or_sounds_likely_to_be_sca_dbbee0fa__not_applicable,answer__does_the_app_contain_pictures_or_sounds_likely_to_be_sca_dbbee0fa,radio,does_the_app_contain_pictures_or_sounds_likely_to_be_sca_dbbee0fa,Does the app contain pictures or sounds likely to be scary or horrifying?,radio,__NOT_APPLICABLE__,All Other App Types,true,416
191,answer__does_the_app_feature_or_promote_content_that_isn_t_part__94fe8720__no,answer__does_the_app_feature_or_promote_content_that_isn_t_part__94fe8720,radio,does_the_app_feature_or_promote_content_that_isn_t_part__94fe8720,"Does the app feature or promote content that isn't part of the initial app download, but can be accessed from the app? Examples of this type of content are movies in the Netflix app, product listings in the Amazon Shopping app, songs in the Spotify app, generated AI content, or news articles in the New York Times app.",radio,No,All Other App Types,false,285
192,answer__does_the_app_feature_or_promote_content_that_isn_t_part__94fe8720__yes,answer__does_the_app_feature_or_promote_content_that_isn_t_part__94fe8720,radio,does_the_app_feature_or_promote_content_that_isn_t_part__94fe8720,"Does the app feature or promote content that isn't part of the initial app download, but can be accessed from the app? Examples of this type of content are movies in the Netflix app, product listings in the Amazon Shopping app, songs in the Spotify app, generated AI content, or news articles in the New York Times app.",radio,Yes,All Other App Types,false,109
193,answer__does_the_app_feature_or_promote_content_that_isn_t_part__94fe8720__inactive,answer__does_the_app_feature_or_promote_content_that_isn_t_part__94fe8720,radio,does_the_app_feature_or_promote_content_that_isn_t_part__94fe8720,"Does the app feature or promote content that isn't part of the initial app download, but can be accessed from the app? Examples of this type of content are movies in the Netflix app, product listings in the Amazon Shopping app, songs in the Spotify app, generated AI content, or news articles in the New York Times app.",radio,__INACTIVE__,All Other App Types,true,0
194,answer__does_the_app_feature_or_promote_content_that_isn_t_part__94fe8720__not_applicable,answer__does_the_app_feature_or_promote_content_that_isn_t_part__94fe8720,radio,does_the_app_feature_or_promote_content_that_isn_t_part__94fe8720,"Does the app feature or promote content that isn't part of the initial app download, but can be accessed from the app? Examples of this type of content are movies in the Netflix app, product listings in the Amazon Shopping app, songs in the Spotify app, generated AI content, or news articles in the New York Times app.",radio,__NOT_APPLICABLE__,All Other App Types,true,416
195,answer__does_the_app_focus_on_promoting_or_selling_items_or_acti_fb2a4b57__no,answer__does_the_app_focus_on_promoting_or_selling_items_or_acti_fb2a4b57,radio,does_the_app_focus_on_promoting_or_selling_items_or_acti_fb2a4b57,"Does the app focus on promoting or selling items or activities that are typically age-restricted such as cigarettes, alcohol, firearms, or gambling?",radio,No,All Other App Types,false,362
196,answer__does_the_app_focus_on_promoting_or_selling_items_or_acti_fb2a4b57__yes,answer__does_the_app_focus_on_promoting_or_selling_items_or_acti_fb2a4b57,radio,does_the_app_focus_on_promoting_or_selling_items_or_acti_fb2a4b57,"Does the app focus on promoting or selling items or activities that are typically age-restricted such as cigarettes, alcohol, firearms, or gambling?",radio,Yes,All Other App Types,false,32
197,answer__does_the_app_focus_on_promoting_or_selling_items_or_acti_fb2a4b57__inactive,answer__does_the_app_focus_on_promoting_or_selling_items_or_acti_fb2a4b57,radio,does_the_app_focus_on_promoting_or_selling_items_or_acti_fb2a4b57,"Does the app focus on promoting or selling items or activities that are typically age-restricted such as cigarettes, alcohol, firearms, or gambling?",radio,__INACTIVE__,All Other App Types,true,0
198,answer__does_the_app_focus_on_promoting_or_selling_items_or_acti_fb2a4b57__not_applicable,answer__does_the_app_focus_on_promoting_or_selling_items_or_acti_fb2a4b57,radio,does_the_app_focus_on_promoting_or_selling_items_or_acti_fb2a4b57,"Does the app focus on promoting or selling items or activities that are typically age-restricted such as cigarettes, alcohol, firearms, or gambling?",radio,__NOT_APPLICABLE__,All Other App Types,true,416
199,answer__does_the_app_have_a_pixelated_or_childlike_style_2122fb74__no,answer__does_the_app_have_a_pixelated_or_childlike_style_2122fb74,radio,does_the_app_have_a_pixelated_or_childlike_style_2122fb74,Does the app have a pixelated or childlike style?,radio,No,All Other App Types,false,37
200,answer__does_the_app_have_a_pixelated_or_childlike_style_2122fb74__yes_it_has_a_childlike_style_e_g_likely_to_appeal_to_younger_children,answer__does_the_app_have_a_pixelated_or_childlike_style_2122fb74,radio,does_the_app_have_a_pixelated_or_childlike_style_2122fb74,Does the app have a pixelated or childlike style?,radio,"Yes, it has a childlike style (e.g., likely to appeal to younger children)",All Other App Types,false,4
201,answer__does_the_app_have_a_pixelated_or_childlike_style_2122fb74__yes_it_has_a_pixelated_style,answer__does_the_app_have_a_pixelated_or_childlike_style_2122fb74,radio,does_the_app_have_a_pixelated_or_childlike_style_2122fb74,Does the app have a pixelated or childlike style?,radio,"Yes, it has a pixelated style",All Other App Types,false,4
202,answer__does_the_app_have_a_pixelated_or_childlike_style_2122fb74__inactive,answer__does_the_app_have_a_pixelated_or_childlike_style_2122fb74,radio,does_the_app_have_a_pixelated_or_childlike_style_2122fb74,Does the app have a pixelated or childlike style?,radio,__INACTIVE__,All Other App Types,true,349
203,answer__does_the_app_have_a_pixelated_or_childlike_style_2122fb74__not_applicable,answer__does_the_app_have_a_pixelated_or_childlike_style_2122fb74,radio,does_the_app_have_a_pixelated_or_childlike_style_2122fb74,Does the app have a pixelated or childlike style?,radio,__NOT_APPLICABLE__,All Other App Types,true,416
204,answer__does_the_app_have_a_pixelated_or_childlike_style_88e77522__no,answer__does_the_app_have_a_pixelated_or_childlike_style_88e77522,radio,does_the_app_have_a_pixelated_or_childlike_style_88e77522,Does the app have a pixelated or childlike style?,radio,No,All Other App Types,false,25
205,answer__does_the_app_have_a_pixelated_or_childlike_style_88e77522__yes,answer__does_the_app_have_a_pixelated_or_childlike_style_88e77522,radio,does_the_app_have_a_pixelated_or_childlike_style_88e77522,Does the app have a pixelated or childlike style?,radio,Yes,All Other App Types,false,5
206,answer__does_the_app_have_a_pixelated_or_childlike_style_88e77522__inactive,answer__does_the_app_have_a_pixelated_or_childlike_style_88e77522,radio,does_the_app_have_a_pixelated_or_childlike_style_88e77522,Does the app have a pixelated or childlike style?,radio,__INACTIVE__,All Other App Types,true,364
207,answer__does_the_app_have_a_pixelated_or_childlike_style_88e77522__not_applicable,answer__does_the_app_have_a_pixelated_or_childlike_style_88e77522,radio,does_the_app_have_a_pixelated_or_childlike_style_88e77522,Does the app have a pixelated or childlike style?,radio,__NOT_APPLICABLE__,All Other App Types,true,416
208,answer__does_the_app_include_cash_rewards_gift_cards_play_to_ear_39e41173__no,answer__does_the_app_include_cash_rewards_gift_cards_play_to_ear_39e41173,radio,does_the_app_include_cash_rewards_gift_cards_play_to_ear_39e41173,"Does the app include cash rewards, gift cards, play-to-earn features, convertible cryptocurrency rewards, or the issuance of transferable digital assets (e.g., NFTs)?",radio,No,All Other App Types,false,372
209,answer__does_the_app_include_cash_rewards_gift_cards_play_to_ear_39e41173__yes,answer__does_the_app_include_cash_rewards_gift_cards_play_to_ear_39e41173,radio,does_the_app_include_cash_rewards_gift_cards_play_to_ear_39e41173,"Does the app include cash rewards, gift cards, play-to-earn features, convertible cryptocurrency rewards, or the issuance of transferable digital assets (e.g., NFTs)?",radio,Yes,All Other App Types,false,22
210,answer__does_the_app_include_cash_rewards_gift_cards_play_to_ear_39e41173__inactive,answer__does_the_app_include_cash_rewards_gift_cards_play_to_ear_39e41173,radio,does_the_app_include_cash_rewards_gift_cards_play_to_ear_39e41173,"Does the app include cash rewards, gift cards, play-to-earn features, convertible cryptocurrency rewards, or the issuance of transferable digital assets (e.g., NFTs)?",radio,__INACTIVE__,All Other App Types,true,0
211,answer__does_the_app_include_cash_rewards_gift_cards_play_to_ear_39e41173__not_applicable,answer__does_the_app_include_cash_rewards_gift_cards_play_to_ear_39e41173,radio,does_the_app_include_cash_rewards_gift_cards_play_to_ear_39e41173,"Does the app include cash rewards, gift cards, play-to-earn features, convertible cryptocurrency rewards, or the issuance of transferable digital assets (e.g., NFTs)?",radio,__NOT_APPLICABLE__,All Other App Types,true,416
212,answer__does_the_app_include_chat_moderation_cc9ff2ca__no,answer__does_the_app_include_chat_moderation_cc9ff2ca,radio,does_the_app_include_chat_moderation_cc9ff2ca,Does the app include chat moderation?,radio,No,All Other App Types || Social or Communication,false,100
213,answer__does_the_app_include_chat_moderation_cc9ff2ca__yes,answer__does_the_app_include_chat_moderation_cc9ff2ca,radio,does_the_app_include_chat_moderation_cc9ff2ca,Does the app include chat moderation?,radio,Yes,All Other App Types || Social or Communication,false,8
214,answer__does_the_app_include_chat_moderation_cc9ff2ca__inactive,answer__does_the_app_include_chat_moderation_cc9ff2ca,radio,does_the_app_include_chat_moderation_cc9ff2ca,Does the app include chat moderation?,radio,__INACTIVE__,All Other App Types || Social or Communication,true,296
215,answer__does_the_app_include_chat_moderation_cc9ff2ca__not_applicable,answer__does_the_app_include_chat_moderation_cc9ff2ca,radio,does_the_app_include_chat_moderation_cc9ff2ca,Does the app include chat moderation?,radio,__NOT_APPLICABLE__,All Other App Types || Social or Communication,true,406
216,answer__does_the_app_include_the_ability_or_requirement_to_make__638d2bc0__no,answer__does_the_app_include_the_ability_or_requirement_to_make__638d2bc0,radio,does_the_app_include_the_ability_or_requirement_to_make__638d2bc0,Does the app include the ability or requirement to make any purchases related to the issuance or earning of these digital assets?,radio,No,All Other App Types,false,9
217,answer__does_the_app_include_the_ability_or_requirement_to_make__638d2bc0__yes,answer__does_the_app_include_the_ability_or_requirement_to_make__638d2bc0,radio,does_the_app_include_the_ability_or_requirement_to_make__638d2bc0,Does the app include the ability or requirement to make any purchases related to the issuance or earning of these digital assets?,radio,Yes,All Other App Types,false,3
218,answer__does_the_app_include_the_ability_or_requirement_to_make__638d2bc0__inactive,answer__does_the_app_include_the_ability_or_requirement_to_make__638d2bc0,radio,does_the_app_include_the_ability_or_requirement_to_make__638d2bc0,Does the app include the ability or requirement to make any purchases related to the issuance or earning of these digital assets?,radio,__INACTIVE__,All Other App Types,true,382
219,answer__does_the_app_include_the_ability_or_requirement_to_make__638d2bc0__not_applicable,answer__does_the_app_include_the_ability_or_requirement_to_make__638d2bc0,radio,does_the_app_include_the_ability_or_requirement_to_make__638d2bc0,Does the app include the ability or requirement to make any purchases related to the issuance or earning of these digital assets?,radio,__NOT_APPLICABLE__,All Other App Types,true,416
220,answer__does_the_app_include_the_ability_or_requirement_to_wager_42ff0adb__no,answer__does_the_app_include_the_ability_or_requirement_to_wager_42ff0adb,radio,does_the_app_include_the_ability_or_requirement_to_wager_42ff0adb,"Does the app include the ability or requirement to wager, purchase entrance fees, additional chances to win, or any other purchases potentially related to winning cash payouts or rewards of significant monetary value from these bingo games?",radio,No,All Other App Types,false,4
221,answer__does_the_app_include_the_ability_or_requirement_to_wager_42ff0adb__yes,answer__does_the_app_include_the_ability_or_requirement_to_wager_42ff0adb,radio,does_the_app_include_the_ability_or_requirement_to_wager_42ff0adb,"Does the app include the ability or requirement to wager, purchase entrance fees, additional chances to win, or any other purchases potentially related to winning cash payouts or rewards of significant monetary value from these bingo games?",radio,Yes,All Other App Types,false,5
222,answer__does_the_app_include_the_ability_or_requirement_to_wager_42ff0adb__inactive,answer__does_the_app_include_the_ability_or_requirement_to_wager_42ff0adb,radio,does_the_app_include_the_ability_or_requirement_to_wager_42ff0adb,"Does the app include the ability or requirement to wager, purchase entrance fees, additional chances to win, or any other purchases potentially related to winning cash payouts or rewards of significant monetary value from these bingo games?",radio,__INACTIVE__,All Other App Types,true,385
223,answer__does_the_app_include_the_ability_or_requirement_to_wager_42ff0adb__not_applicable,answer__does_the_app_include_the_ability_or_requirement_to_wager_42ff0adb,radio,does_the_app_include_the_ability_or_requirement_to_wager_42ff0adb,"Does the app include the ability or requirement to wager, purchase entrance fees, additional chances to win, or any other purchases potentially related to winning cash payouts or rewards of significant monetary value from these bingo games?",radio,__NOT_APPLICABLE__,All Other App Types,true,416
224,answer__does_the_app_include_the_ability_or_requirement_to_wager_a234c2e8__no,answer__does_the_app_include_the_ability_or_requirement_to_wager_a234c2e8,radio,does_the_app_include_the_ability_or_requirement_to_wager_a234c2e8,"Does the app include the ability or requirement to wager, purchase entrance fees, additional chances to win, or any other purchases potentially related to winning cash payouts or rewards of significant monetary value?",radio,No,All Other App Types,false,6
225,answer__does_the_app_include_the_ability_or_requirement_to_wager_a234c2e8__yes,answer__does_the_app_include_the_ability_or_requirement_to_wager_a234c2e8,radio,does_the_app_include_the_ability_or_requirement_to_wager_a234c2e8,"Does the app include the ability or requirement to wager, purchase entrance fees, additional chances to win, or any other purchases potentially related to winning cash payouts or rewards of significant monetary value?",radio,Yes,All Other App Types,false,4
226,answer__does_the_app_include_the_ability_or_requirement_to_wager_a234c2e8__inactive,answer__does_the_app_include_the_ability_or_requirement_to_wager_a234c2e8,radio,does_the_app_include_the_ability_or_requirement_to_wager_a234c2e8,"Does the app include the ability or requirement to wager, purchase entrance fees, additional chances to win, or any other purchases potentially related to winning cash payouts or rewards of significant monetary value?",radio,__INACTIVE__,All Other App Types,true,384
227,answer__does_the_app_include_the_ability_or_requirement_to_wager_a234c2e8__not_applicable,answer__does_the_app_include_the_ability_or_requirement_to_wager_a234c2e8,radio,does_the_app_include_the_ability_or_requirement_to_wager_a234c2e8,"Does the app include the ability or requirement to wager, purchase entrance fees, additional chances to win, or any other purchases potentially related to winning cash payouts or rewards of significant monetary value?",radio,__NOT_APPLICABLE__,All Other App Types,true,416
228,answer__does_the_app_include_the_ability_or_requirement_to_wager_fdd45537__no,answer__does_the_app_include_the_ability_or_requirement_to_wager_fdd45537,radio,does_the_app_include_the_ability_or_requirement_to_wager_fdd45537,"Does the app include the ability or requirement to wager, purchase entrance fees, additional chances to win, or any other purchases potentially related to winning cash payouts or rewards of significant monetary value from these casino games, lotteries, or racetrack betting games?",radio,No,All Other App Types,false,4
229,answer__does_the_app_include_the_ability_or_requirement_to_wager_fdd45537__yes,answer__does_the_app_include_the_ability_or_requirement_to_wager_fdd45537,radio,does_the_app_include_the_ability_or_requirement_to_wager_fdd45537,"Does the app include the ability or requirement to wager, purchase entrance fees, additional chances to win, or any other purchases potentially related to winning cash payouts or rewards of significant monetary value from these casino games, lotteries, or racetrack betting games?",radio,Yes,All Other App Types,false,3
230,answer__does_the_app_include_the_ability_or_requirement_to_wager_fdd45537__inactive,answer__does_the_app_include_the_ability_or_requirement_to_wager_fdd45537,radio,does_the_app_include_the_ability_or_requirement_to_wager_fdd45537,"Does the app include the ability or requirement to wager, purchase entrance fees, additional chances to win, or any other purchases potentially related to winning cash payouts or rewards of significant monetary value from these casino games, lotteries, or racetrack betting games?",radio,__INACTIVE__,All Other App Types,true,387
231,answer__does_the_app_include_the_ability_or_requirement_to_wager_fdd45537__not_applicable,answer__does_the_app_include_the_ability_or_requirement_to_wager_fdd45537,radio,does_the_app_include_the_ability_or_requirement_to_wager_fdd45537,"Does the app include the ability or requirement to wager, purchase entrance fees, additional chances to win, or any other purchases potentially related to winning cash payouts or rewards of significant monetary value from these casino games, lotteries, or racetrack betting games?",radio,__NOT_APPLICABLE__,All Other App Types,true,416
232,answer__does_the_app_include_the_ability_to_block_users_or_user__e8935808__no,answer__does_the_app_include_the_ability_to_block_users_or_user__e8935808,radio,does_the_app_include_the_ability_to_block_users_or_user__e8935808,Does the app include the ability to block users or user-generated content?,radio,No,All Other App Types || Social or Communication,false,103
233,answer__does_the_app_include_the_ability_to_block_users_or_user__e8935808__yes,answer__does_the_app_include_the_ability_to_block_users_or_user__e8935808,radio,does_the_app_include_the_ability_to_block_users_or_user__e8935808,Does the app include the ability to block users or user-generated content?,radio,Yes,All Other App Types || Social or Communication,false,5
234,answer__does_the_app_include_the_ability_to_block_users_or_user__e8935808__inactive,answer__does_the_app_include_the_ability_to_block_users_or_user__e8935808,radio,does_the_app_include_the_ability_to_block_users_or_user__e8935808,Does the app include the ability to block users or user-generated content?,radio,__INACTIVE__,All Other App Types || Social or Communication,true,296
235,answer__does_the_app_include_the_ability_to_block_users_or_user__e8935808__not_applicable,answer__does_the_app_include_the_ability_to_block_users_or_user__e8935808,radio,does_the_app_include_the_ability_to_block_users_or_user__e8935808,Does the app include the ability to block users or user-generated content?,radio,__NOT_APPLICABLE__,All Other App Types || Social or Communication,true,406
236,answer__does_the_app_include_the_ability_to_report_users_or_user_04c5c153__no,answer__does_the_app_include_the_ability_to_report_users_or_user_04c5c153,radio,does_the_app_include_the_ability_to_report_users_or_user_04c5c153,Does the app include the ability to report users or user-generated content?,radio,No,All Other App Types || Social or Communication,false,103
237,answer__does_the_app_include_the_ability_to_report_users_or_user_04c5c153__yes,answer__does_the_app_include_the_ability_to_report_users_or_user_04c5c153,radio,does_the_app_include_the_ability_to_report_users_or_user_04c5c153,Does the app include the ability to report users or user-generated content?,radio,Yes,All Other App Types || Social or Communication,false,5
238,answer__does_the_app_include_the_ability_to_report_users_or_user_04c5c153__inactive,answer__does_the_app_include_the_ability_to_report_users_or_user_04c5c153,radio,does_the_app_include_the_ability_to_report_users_or_user_04c5c153,Does the app include the ability to report users or user-generated content?,radio,__INACTIVE__,All Other App Types || Social or Communication,true,296
239,answer__does_the_app_include_the_ability_to_report_users_or_user_04c5c153__not_applicable,answer__does_the_app_include_the_ability_to_report_users_or_user_04c5c153,radio,does_the_app_include_the_ability_to_report_users_or_user_04c5c153,Does the app include the ability to report users or user-generated content?,radio,__NOT_APPLICABLE__,All Other App Types || Social or Communication,true,406
240,answer__does_the_app_natively_allow_users_to_interact_or_exchang_0814bcf5__no,answer__does_the_app_natively_allow_users_to_interact_or_exchang_0814bcf5,radio,does_the_app_natively_allow_users_to_interact_or_exchang_0814bcf5,"Does the app natively allow users to interact or exchange content with other users through voice communication, text, or sharing images or audio?",radio,No,All Other App Types,false,296
241,answer__does_the_app_natively_allow_users_to_interact_or_exchang_0814bcf5__yes,answer__does_the_app_natively_allow_users_to_interact_or_exchang_0814bcf5,radio,does_the_app_natively_allow_users_to_interact_or_exchang_0814bcf5,"Does the app natively allow users to interact or exchange content with other users through voice communication, text, or sharing images or audio?",radio,Yes,All Other App Types,false,98
242,answer__does_the_app_natively_allow_users_to_interact_or_exchang_0814bcf5__inactive,answer__does_the_app_natively_allow_users_to_interact_or_exchang_0814bcf5,radio,does_the_app_natively_allow_users_to_interact_or_exchang_0814bcf5,"Does the app natively allow users to interact or exchange content with other users through voice communication, text, or sharing images or audio?",radio,__INACTIVE__,All Other App Types,true,0
243,answer__does_the_app_natively_allow_users_to_interact_or_exchang_0814bcf5__not_applicable,answer__does_the_app_natively_allow_users_to_interact_or_exchang_0814bcf5,radio,does_the_app_natively_allow_users_to_interact_or_exchang_0814bcf5,"Does the app natively allow users to interact or exchange content with other users through voice communication, text, or sharing images or audio?",radio,__NOT_APPLICABLE__,All Other App Types,true,416
244,answer__does_the_app_permit_the_public_sharing_of_nudity_54ca8431__no,answer__does_the_app_permit_the_public_sharing_of_nudity_54ca8431,radio,does_the_app_permit_the_public_sharing_of_nudity_54ca8431,Does the app permit the public sharing of nudity?,radio,No,All Other App Types || Social or Communication,false,92
245,answer__does_the_app_permit_the_public_sharing_of_nudity_54ca8431__yes,answer__does_the_app_permit_the_public_sharing_of_nudity_54ca8431,radio,does_the_app_permit_the_public_sharing_of_nudity_54ca8431,Does the app permit the public sharing of nudity?,radio,Yes,All Other App Types || Social or Communication,false,14
246,answer__does_the_app_permit_the_public_sharing_of_nudity_54ca8431__inactive,answer__does_the_app_permit_the_public_sharing_of_nudity_54ca8431,radio,does_the_app_permit_the_public_sharing_of_nudity_54ca8431,Does the app permit the public sharing of nudity?,radio,__INACTIVE__,All Other App Types || Social or Communication,true,298
247,answer__does_the_app_permit_the_public_sharing_of_nudity_54ca8431__not_applicable,answer__does_the_app_permit_the_public_sharing_of_nudity_54ca8431,radio,does_the_app_permit_the_public_sharing_of_nudity_54ca8431,Does the app permit the public sharing of nudity?,radio,__NOT_APPLICABLE__,All Other App Types || Social or Communication,true,406
248,answer__does_the_app_permit_the_public_sharing_of_real_world_gra_809166c4__no,answer__does_the_app_permit_the_public_sharing_of_real_world_gra_809166c4,radio,does_the_app_permit_the_public_sharing_of_real_world_gra_809166c4,"Does the app permit the public sharing of real-world, graphic violence outside of a newsworthy context?",radio,No,All Other App Types || Social or Communication,false,99
249,answer__does_the_app_permit_the_public_sharing_of_real_world_gra_809166c4__yes,answer__does_the_app_permit_the_public_sharing_of_real_world_gra_809166c4,radio,does_the_app_permit_the_public_sharing_of_real_world_gra_809166c4,"Does the app permit the public sharing of real-world, graphic violence outside of a newsworthy context?",radio,Yes,All Other App Types || Social or Communication,false,7
250,answer__does_the_app_permit_the_public_sharing_of_real_world_gra_809166c4__inactive,answer__does_the_app_permit_the_public_sharing_of_real_world_gra_809166c4,radio,does_the_app_permit_the_public_sharing_of_real_world_gra_809166c4,"Does the app permit the public sharing of real-world, graphic violence outside of a newsworthy context?",radio,__INACTIVE__,All Other App Types || Social or Communication,true,298
251,answer__does_the_app_permit_the_public_sharing_of_real_world_gra_809166c4__not_applicable,answer__does_the_app_permit_the_public_sharing_of_real_world_gra_809166c4,radio,does_the_app_permit_the_public_sharing_of_real_world_gra_809166c4,"Does the app permit the public sharing of real-world, graphic violence outside of a newsworthy context?",radio,__NOT_APPLICABLE__,All Other App Types || Social or Communication,true,406
252,answer__does_the_app_share_the_user_s_current_and_precise_physic_259a3f8a__no,answer__does_the_app_share_the_user_s_current_and_precise_physic_259a3f8a,radio,does_the_app_share_the_user_s_current_and_precise_physic_259a3f8a,Does the app share the user's current and precise physical location with other users?,radio,No,All Other App Types || Social or Communication,false,383
253,answer__does_the_app_share_the_user_s_current_and_precise_physic_259a3f8a__yes,answer__does_the_app_share_the_user_s_current_and_precise_physic_259a3f8a,radio,does_the_app_share_the_user_s_current_and_precise_physic_259a3f8a,Does the app share the user's current and precise physical location with other users?,radio,Yes,All Other App Types || Social or Communication,false,21
254,answer__does_the_app_share_the_user_s_current_and_precise_physic_259a3f8a__inactive,answer__does_the_app_share_the_user_s_current_and_precise_physic_259a3f8a,radio,does_the_app_share_the_user_s_current_and_precise_physic_259a3f8a,Does the app share the user's current and precise physical location with other users?,radio,__INACTIVE__,All Other App Types || Social or Communication,true,0
255,answer__does_the_app_share_the_user_s_current_and_precise_physic_259a3f8a__not_applicable,answer__does_the_app_share_the_user_s_current_and_precise_physic_259a3f8a,radio,does_the_app_share_the_user_s_current_and_precise_physic_259a3f8a,Does the app share the user's current and precise physical location with other users?,radio,__NOT_APPLICABLE__,All Other App Types || Social or Communication,true,406
256,answer__does_the_app_take_place_in_a_realistic_or_historical_war_78e4413f__no,answer__does_the_app_take_place_in_a_realistic_or_historical_war_78e4413f,radio,does_the_app_take_place_in_a_realistic_or_historical_war_78e4413f,Does the app take place in a realistic or historical war setting?,radio,No,All Other App Types,false,40
257,answer__does_the_app_take_place_in_a_realistic_or_historical_war_78e4413f__yes,answer__does_the_app_take_place_in_a_realistic_or_historical_war_78e4413f,radio,does_the_app_take_place_in_a_realistic_or_historical_war_78e4413f,Does the app take place in a realistic or historical war setting?,radio,Yes,All Other App Types,false,5
258,answer__does_the_app_take_place_in_a_realistic_or_historical_war_78e4413f__inactive,answer__does_the_app_take_place_in_a_realistic_or_historical_war_78e4413f,radio,does_the_app_take_place_in_a_realistic_or_historical_war_78e4413f,Does the app take place in a realistic or historical war setting?,radio,__INACTIVE__,All Other App Types,true,349
259,answer__does_the_app_take_place_in_a_realistic_or_historical_war_78e4413f__not_applicable,answer__does_the_app_take_place_in_a_realistic_or_historical_war_78e4413f,radio,does_the_app_take_place_in_a_realistic_or_historical_war_78e4413f,Does the app take place in a realistic or historical war setting?,radio,__NOT_APPLICABLE__,All Other App Types,true,416
260,answer__does_the_game_advocate_committing_acts_of_terrorism_e10f0658__no,answer__does_the_game_advocate_committing_acts_of_terrorism_e10f0658,radio,does_the_game_advocate_committing_acts_of_terrorism_e10f0658,Does the game advocate committing acts of terrorism?,radio,No,Game,false,401
261,answer__does_the_game_advocate_committing_acts_of_terrorism_e10f0658__yes,answer__does_the_game_advocate_committing_acts_of_terrorism_e10f0658,radio,does_the_game_advocate_committing_acts_of_terrorism_e10f0658,Does the game advocate committing acts of terrorism?,radio,Yes,Game,false,5
262,answer__does_the_game_advocate_committing_acts_of_terrorism_e10f0658__inactive,answer__does_the_game_advocate_committing_acts_of_terrorism_e10f0658,radio,does_the_game_advocate_committing_acts_of_terrorism_e10f0658,Does the game advocate committing acts of terrorism?,radio,__INACTIVE__,Game,true,0
263,answer__does_the_game_advocate_committing_acts_of_terrorism_e10f0658__not_applicable,answer__does_the_game_advocate_committing_acts_of_terrorism_e10f0658,radio,does_the_game_advocate_committing_acts_of_terrorism_e10f0658,Does the game advocate committing acts of terrorism?,radio,__NOT_APPLICABLE__,Game,true,404
264,answer__does_the_game_contain_an_integrated_marketplace_for_thes_feb79fb9__no,answer__does_the_game_contain_an_integrated_marketplace_for_thes_feb79fb9,radio,does_the_game_contain_an_integrated_marketplace_for_thes_feb79fb9,Does the game contain an integrated marketplace for these assets or promote/feature a particular marketplace for these assets?,radio,No,Game,false,12
265,answer__does_the_game_contain_an_integrated_marketplace_for_thes_feb79fb9__yes,answer__does_the_game_contain_an_integrated_marketplace_for_thes_feb79fb9,radio,does_the_game_contain_an_integrated_marketplace_for_thes_feb79fb9,Does the game contain an integrated marketplace for these assets or promote/feature a particular marketplace for these assets?,radio,Yes,Game,false,9
266,answer__does_the_game_contain_an_integrated_marketplace_for_thes_feb79fb9__inactive,answer__does_the_game_contain_an_integrated_marketplace_for_thes_feb79fb9,radio,does_the_game_contain_an_integrated_marketplace_for_thes_feb79fb9,Does the game contain an integrated marketplace for these assets or promote/feature a particular marketplace for these assets?,radio,__INACTIVE__,Game,true,385
267,answer__does_the_game_contain_an_integrated_marketplace_for_thes_feb79fb9__not_applicable,answer__does_the_game_contain_an_integrated_marketplace_for_thes_feb79fb9,radio,does_the_game_contain_an_integrated_marketplace_for_thes_feb79fb9,Does the game contain an integrated marketplace for these assets or promote/feature a particular marketplace for these assets?,radio,__NOT_APPLICABLE__,Game,true,404
268,answer__does_the_game_contain_any_bodily_functions_such_as_belch_7d053cfc__no,answer__does_the_game_contain_any_bodily_functions_such_as_belch_7d053cfc,radio,does_the_game_contain_any_bodily_functions_such_as_belch_7d053cfc,"Does the game contain any bodily functions such as belching, flatulence, or vomiting when used for humorous purposes? Please note that this question does not refer to user-generated content.",radio,No,Game,false,379
269,answer__does_the_game_contain_any_bodily_functions_such_as_belch_7d053cfc__yes,answer__does_the_game_contain_any_bodily_functions_such_as_belch_7d053cfc,radio,does_the_game_contain_any_bodily_functions_such_as_belch_7d053cfc,"Does the game contain any bodily functions such as belching, flatulence, or vomiting when used for humorous purposes? Please note that this question does not refer to user-generated content.",radio,Yes,Game,false,27
270,answer__does_the_game_contain_any_bodily_functions_such_as_belch_7d053cfc__inactive,answer__does_the_game_contain_any_bodily_functions_such_as_belch_7d053cfc,radio,does_the_game_contain_any_bodily_functions_such_as_belch_7d053cfc,"Does the game contain any bodily functions such as belching, flatulence, or vomiting when used for humorous purposes? Please note that this question does not refer to user-generated content.",radio,__INACTIVE__,Game,true,0
271,answer__does_the_game_contain_any_bodily_functions_such_as_belch_7d053cfc__not_applicable,answer__does_the_game_contain_any_bodily_functions_such_as_belch_7d053cfc,radio,does_the_game_contain_any_bodily_functions_such_as_belch_7d053cfc,"Does the game contain any bodily functions such as belching, flatulence, or vomiting when used for humorous purposes? Please note that this question does not refer to user-generated content.",radio,__NOT_APPLICABLE__,Game,true,404
272,answer__does_the_game_contain_any_content_that_can_substantially_0e8549e7__no,answer__does_the_game_contain_any_content_that_can_substantially_0e8549e7,radio,does_the_game_contain_any_content_that_can_substantially_0e8549e7,Does the game contain any content that can substantially erode the national identity of the Republic of Korea by describing anti-national acts or distorting historical facts?,radio,No,Game,false,406
273,answer__does_the_game_contain_any_content_that_can_substantially_0e8549e7__yes,answer__does_the_game_contain_any_content_that_can_substantially_0e8549e7,radio,does_the_game_contain_any_content_that_can_substantially_0e8549e7,Does the game contain any content that can substantially erode the national identity of the Republic of Korea by describing anti-national acts or distorting historical facts?,radio,Yes,Game,false,0
274,answer__does_the_game_contain_any_content_that_can_substantially_0e8549e7__inactive,answer__does_the_game_contain_any_content_that_can_substantially_0e8549e7,radio,does_the_game_contain_any_content_that_can_substantially_0e8549e7,Does the game contain any content that can substantially erode the national identity of the Republic of Korea by describing anti-national acts or distorting historical facts?,radio,__INACTIVE__,Game,true,0
275,answer__does_the_game_contain_any_content_that_can_substantially_0e8549e7__not_applicable,answer__does_the_game_contain_any_content_that_can_substantially_0e8549e7,radio,does_the_game_contain_any_content_that_can_substantially_0e8549e7,Does the game contain any content that can substantially erode the national identity of the Republic of Korea by describing anti-national acts or distorting historical facts?,radio,__NOT_APPLICABLE__,Game,true,404
276,answer__does_the_game_contain_any_potentially_offensive_language_3a42be1b__no,answer__does_the_game_contain_any_potentially_offensive_language_3a42be1b,radio,does_the_game_contain_any_potentially_offensive_language_3a42be1b,Does the game contain any potentially offensive language? Please note that this question does not refer to user-generated content.,radio,No,Game,false,331
277,answer__does_the_game_contain_any_potentially_offensive_language_3a42be1b__yes,answer__does_the_game_contain_any_potentially_offensive_language_3a42be1b,radio,does_the_game_contain_any_potentially_offensive_language_3a42be1b,Does the game contain any potentially offensive language? Please note that this question does not refer to user-generated content.,radio,Yes,Game,false,75
278,answer__does_the_game_contain_any_potentially_offensive_language_3a42be1b__inactive,answer__does_the_game_contain_any_potentially_offensive_language_3a42be1b,radio,does_the_game_contain_any_potentially_offensive_language_3a42be1b,Does the game contain any potentially offensive language? Please note that this question does not refer to user-generated content.,radio,__INACTIVE__,Game,true,0
279,answer__does_the_game_contain_any_potentially_offensive_language_3a42be1b__not_applicable,answer__does_the_game_contain_any_potentially_offensive_language_3a42be1b,radio,does_the_game_contain_any_potentially_offensive_language_3a42be1b,Does the game contain any potentially offensive language? Please note that this question does not refer to user-generated content.,radio,__NOT_APPLICABLE__,Game,true,404
280,answer__does_the_game_contain_any_reference_to_or_use_of_drugs_a_10f81ced__no,answer__does_the_game_contain_any_reference_to_or_use_of_drugs_a_10f81ced,radio,does_the_game_contain_any_reference_to_or_use_of_drugs_a_10f81ced,"Does the game contain any reference to or use of drugs, alcohol, or tobacco? Please note that this question does not refer to user-generated content.",radio,No,Game,false,287
281,answer__does_the_game_contain_any_reference_to_or_use_of_drugs_a_10f81ced__yes,answer__does_the_game_contain_any_reference_to_or_use_of_drugs_a_10f81ced,radio,does_the_game_contain_any_reference_to_or_use_of_drugs_a_10f81ced,"Does the game contain any reference to or use of drugs, alcohol, or tobacco? Please note that this question does not refer to user-generated content.",radio,Yes,Game,false,119
282,answer__does_the_game_contain_any_reference_to_or_use_of_drugs_a_10f81ced__inactive,answer__does_the_game_contain_any_reference_to_or_use_of_drugs_a_10f81ced,radio,does_the_game_contain_any_reference_to_or_use_of_drugs_a_10f81ced,"Does the game contain any reference to or use of drugs, alcohol, or tobacco? Please note that this question does not refer to user-generated content.",radio,__INACTIVE__,Game,true,0
283,answer__does_the_game_contain_any_reference_to_or_use_of_drugs_a_10f81ced__not_applicable,answer__does_the_game_contain_any_reference_to_or_use_of_drugs_a_10f81ced,radio,does_the_game_contain_any_reference_to_or_use_of_drugs_a_10f81ced,"Does the game contain any reference to or use of drugs, alcohol, or tobacco? Please note that this question does not refer to user-generated content.",radio,__NOT_APPLICABLE__,Game,true,404
284,answer__does_the_game_contain_any_swastikas_other_nazi_symbols_o_b8cf710d__no,answer__does_the_game_contain_any_swastikas_other_nazi_symbols_o_b8cf710d,radio,does_the_game_contain_any_swastikas_other_nazi_symbols_o_b8cf710d,"Does the game contain any swastikas, other Nazi symbols or propaganda deemed unconstitutional in Germany?",radio,No,Game,false,406
285,answer__does_the_game_contain_any_swastikas_other_nazi_symbols_o_b8cf710d__yes,answer__does_the_game_contain_any_swastikas_other_nazi_symbols_o_b8cf710d,radio,does_the_game_contain_any_swastikas_other_nazi_symbols_o_b8cf710d,"Does the game contain any swastikas, other Nazi symbols or propaganda deemed unconstitutional in Germany?",radio,Yes,Game,false,0
286,answer__does_the_game_contain_any_swastikas_other_nazi_symbols_o_b8cf710d__inactive,answer__does_the_game_contain_any_swastikas_other_nazi_symbols_o_b8cf710d,radio,does_the_game_contain_any_swastikas_other_nazi_symbols_o_b8cf710d,"Does the game contain any swastikas, other Nazi symbols or propaganda deemed unconstitutional in Germany?",radio,__INACTIVE__,Game,true,0
287,answer__does_the_game_contain_any_swastikas_other_nazi_symbols_o_b8cf710d__not_applicable,answer__does_the_game_contain_any_swastikas_other_nazi_symbols_o_b8cf710d,radio,does_the_game_contain_any_swastikas_other_nazi_symbols_o_b8cf710d,"Does the game contain any swastikas, other Nazi symbols or propaganda deemed unconstitutional in Germany?",radio,__NOT_APPLICABLE__,Game,true,404
288,answer__does_the_game_contain_gambling_simulations_of_casino_gam_251e14df__no,answer__does_the_game_contain_gambling_simulations_of_casino_gam_251e14df,radio,does_the_game_contain_gambling_simulations_of_casino_gam_251e14df,"Does the game contain gambling, simulations of casino gambling/bingo, or gambling themes? Please note that this question does not refer to user-generated content.",radio,No,Game,false,347
289,answer__does_the_game_contain_gambling_simulations_of_casino_gam_251e14df__yes,answer__does_the_game_contain_gambling_simulations_of_casino_gam_251e14df,radio,does_the_game_contain_gambling_simulations_of_casino_gam_251e14df,"Does the game contain gambling, simulations of casino gambling/bingo, or gambling themes? Please note that this question does not refer to user-generated content.",radio,Yes,Game,false,59
290,answer__does_the_game_contain_gambling_simulations_of_casino_gam_251e14df__inactive,answer__does_the_game_contain_gambling_simulations_of_casino_gam_251e14df,radio,does_the_game_contain_gambling_simulations_of_casino_gam_251e14df,"Does the game contain gambling, simulations of casino gambling/bingo, or gambling themes? Please note that this question does not refer to user-generated content.",radio,__INACTIVE__,Game,true,0
291,answer__does_the_game_contain_gambling_simulations_of_casino_gam_251e14df__not_applicable,answer__does_the_game_contain_gambling_simulations_of_casino_gam_251e14df,radio,does_the_game_contain_gambling_simulations_of_casino_gam_251e14df,"Does the game contain gambling, simulations of casino gambling/bingo, or gambling themes? Please note that this question does not refer to user-generated content.",radio,__NOT_APPLICABLE__,Game,true,404
292,answer__does_the_game_contain_inferences_of_references_to_or_dep_a40be1cf__no,answer__does_the_game_contain_inferences_of_references_to_or_dep_a40be1cf,radio,does_the_game_contain_inferences_of_references_to_or_dep_a40be1cf,"Does the game contain inferences of, references to, or depictions of sexuality, sexual violence, suggestiveness, dating games, revealing attire, or nudity? Please note that this question does not refer to user-generated content.",radio,No,Game,false,266
293,answer__does_the_game_contain_inferences_of_references_to_or_dep_a40be1cf__yes,answer__does_the_game_contain_inferences_of_references_to_or_dep_a40be1cf,radio,does_the_game_contain_inferences_of_references_to_or_dep_a40be1cf,"Does the game contain inferences of, references to, or depictions of sexuality, sexual violence, suggestiveness, dating games, revealing attire, or nudity? Please note that this question does not refer to user-generated content.",radio,Yes,Game,false,140
294,answer__does_the_game_contain_inferences_of_references_to_or_dep_a40be1cf__inactive,answer__does_the_game_contain_inferences_of_references_to_or_dep_a40be1cf,radio,does_the_game_contain_inferences_of_references_to_or_dep_a40be1cf,"Does the game contain inferences of, references to, or depictions of sexuality, sexual violence, suggestiveness, dating games, revealing attire, or nudity? Please note that this question does not refer to user-generated content.",radio,__INACTIVE__,Game,true,0
295,answer__does_the_game_contain_inferences_of_references_to_or_dep_a40be1cf__not_applicable,answer__does_the_game_contain_inferences_of_references_to_or_dep_a40be1cf,radio,does_the_game_contain_inferences_of_references_to_or_dep_a40be1cf,"Does the game contain inferences of, references to, or depictions of sexuality, sexual violence, suggestiveness, dating games, revealing attire, or nudity? Please note that this question does not refer to user-generated content.",radio,__NOT_APPLICABLE__,Game,true,404
296,answer__does_the_game_contain_inferences_of_references_to_or_dep_a60327ce__no,answer__does_the_game_contain_inferences_of_references_to_or_dep_a60327ce,radio,does_the_game_contain_inferences_of_references_to_or_dep_a60327ce,"Does the game contain inferences of, references to, or depictions of violence, blood, or gory images? This includes violence directed at the player's character. Please note that this question does not refer to user-generated content.",radio,No,Game,false,266
297,answer__does_the_game_contain_inferences_of_references_to_or_dep_a60327ce__yes,answer__does_the_game_contain_inferences_of_references_to_or_dep_a60327ce,radio,does_the_game_contain_inferences_of_references_to_or_dep_a60327ce,"Does the game contain inferences of, references to, or depictions of violence, blood, or gory images? This includes violence directed at the player's character. Please note that this question does not refer to user-generated content.",radio,Yes,Game,false,140
298,answer__does_the_game_contain_inferences_of_references_to_or_dep_a60327ce__inactive,answer__does_the_game_contain_inferences_of_references_to_or_dep_a60327ce,radio,does_the_game_contain_inferences_of_references_to_or_dep_a60327ce,"Does the game contain inferences of, references to, or depictions of violence, blood, or gory images? This includes violence directed at the player's character. Please note that this question does not refer to user-generated content.",radio,__INACTIVE__,Game,true,0
299,answer__does_the_game_contain_inferences_of_references_to_or_dep_a60327ce__not_applicable,answer__does_the_game_contain_inferences_of_references_to_or_dep_a60327ce,radio,does_the_game_contain_inferences_of_references_to_or_dep_a60327ce,"Does the game contain inferences of, references to, or depictions of violence, blood, or gory images? This includes violence directed at the player's character. Please note that this question does not refer to user-generated content.",radio,__NOT_APPLICABLE__,Game,true,404
300,answer__does_the_game_contain_pictures_or_sounds_likely_to_be_sc_954ee2f8__no,answer__does_the_game_contain_pictures_or_sounds_likely_to_be_sc_954ee2f8,radio,does_the_game_contain_pictures_or_sounds_likely_to_be_sc_954ee2f8,"Does the game contain pictures or sounds likely to be scary, horrifying, or disturbing? Please note that this question does not refer to user-generated content.",radio,No,Game,false,343
301,answer__does_the_game_contain_pictures_or_sounds_likely_to_be_sc_954ee2f8__yes,answer__does_the_game_contain_pictures_or_sounds_likely_to_be_sc_954ee2f8,radio,does_the_game_contain_pictures_or_sounds_likely_to_be_sc_954ee2f8,"Does the game contain pictures or sounds likely to be scary, horrifying, or disturbing? Please note that this question does not refer to user-generated content.",radio,Yes,Game,false,63
302,answer__does_the_game_contain_pictures_or_sounds_likely_to_be_sc_954ee2f8__inactive,answer__does_the_game_contain_pictures_or_sounds_likely_to_be_sc_954ee2f8,radio,does_the_game_contain_pictures_or_sounds_likely_to_be_sc_954ee2f8,"Does the game contain pictures or sounds likely to be scary, horrifying, or disturbing? Please note that this question does not refer to user-generated content.",radio,__INACTIVE__,Game,true,0
303,answer__does_the_game_contain_pictures_or_sounds_likely_to_be_sc_954ee2f8__not_applicable,answer__does_the_game_contain_pictures_or_sounds_likely_to_be_sc_954ee2f8,radio,does_the_game_contain_pictures_or_sounds_likely_to_be_sc_954ee2f8,"Does the game contain pictures or sounds likely to be scary, horrifying, or disturbing? Please note that this question does not refer to user-generated content.",radio,__NOT_APPLICABLE__,Game,true,404
304,answer__does_the_game_contain_realistic_descriptions_of_crimes_e_7a9af535__no,answer__does_the_game_contain_realistic_descriptions_of_crimes_e_7a9af535,radio,does_the_game_contain_realistic_descriptions_of_crimes_e_7a9af535,"Does the game contain realistic descriptions of crimes (e.g., robbery, kidnapping) or techniques that can be used in criminal offenses?",radio,No,Game,false,385
305,answer__does_the_game_contain_realistic_descriptions_of_crimes_e_7a9af535__yes,answer__does_the_game_contain_realistic_descriptions_of_crimes_e_7a9af535,radio,does_the_game_contain_realistic_descriptions_of_crimes_e_7a9af535,"Does the game contain realistic descriptions of crimes (e.g., robbery, kidnapping) or techniques that can be used in criminal offenses?",radio,Yes,Game,false,21
306,answer__does_the_game_contain_realistic_descriptions_of_crimes_e_7a9af535__inactive,answer__does_the_game_contain_realistic_descriptions_of_crimes_e_7a9af535,radio,does_the_game_contain_realistic_descriptions_of_crimes_e_7a9af535,"Does the game contain realistic descriptions of crimes (e.g., robbery, kidnapping) or techniques that can be used in criminal offenses?",radio,__INACTIVE__,Game,true,0
307,answer__does_the_game_contain_realistic_descriptions_of_crimes_e_7a9af535__not_applicable,answer__does_the_game_contain_realistic_descriptions_of_crimes_e_7a9af535,radio,does_the_game_contain_realistic_descriptions_of_crimes_e_7a9af535,"Does the game contain realistic descriptions of crimes (e.g., robbery, kidnapping) or techniques that can be used in criminal offenses?",radio,__NOT_APPLICABLE__,Game,true,404
308,answer__does_the_game_have_a_pixelated_or_childlike_style_7003dd1d__no,answer__does_the_game_have_a_pixelated_or_childlike_style_7003dd1d,radio,does_the_game_have_a_pixelated_or_childlike_style_7003dd1d,Does the game have a pixelated or childlike style?,radio,No,Game,false,30
309,answer__does_the_game_have_a_pixelated_or_childlike_style_7003dd1d__yes,answer__does_the_game_have_a_pixelated_or_childlike_style_7003dd1d,radio,does_the_game_have_a_pixelated_or_childlike_style_7003dd1d,Does the game have a pixelated or childlike style?,radio,Yes,Game,false,3
310,answer__does_the_game_have_a_pixelated_or_childlike_style_7003dd1d__inactive,answer__does_the_game_have_a_pixelated_or_childlike_style_7003dd1d,radio,does_the_game_have_a_pixelated_or_childlike_style_7003dd1d,Does the game have a pixelated or childlike style?,radio,__INACTIVE__,Game,true,373
311,answer__does_the_game_have_a_pixelated_or_childlike_style_7003dd1d__not_applicable,answer__does_the_game_have_a_pixelated_or_childlike_style_7003dd1d,radio,does_the_game_have_a_pixelated_or_childlike_style_7003dd1d,Does the game have a pixelated or childlike style?,radio,__NOT_APPLICABLE__,Game,true,404
312,answer__does_the_game_have_a_pixelated_or_childlike_style_df8228d5__no,answer__does_the_game_have_a_pixelated_or_childlike_style_df8228d5,radio,does_the_game_have_a_pixelated_or_childlike_style_df8228d5,Does the game have a pixelated or childlike style?,radio,No,Game,false,72
313,answer__does_the_game_have_a_pixelated_or_childlike_style_df8228d5__yes_it_has_a_childlike_style_e_g_likely_to_appeal_to_younger_children,answer__does_the_game_have_a_pixelated_or_childlike_style_df8228d5,radio,does_the_game_have_a_pixelated_or_childlike_style_df8228d5,Does the game have a pixelated or childlike style?,radio,"Yes, it has a childlike style (e.g., likely to appeal to younger children)",Game,false,0
314,answer__does_the_game_have_a_pixelated_or_childlike_style_df8228d5__yes_it_has_a_pixelated_style,answer__does_the_game_have_a_pixelated_or_childlike_style_df8228d5,radio,does_the_game_have_a_pixelated_or_childlike_style_df8228d5,Does the game have a pixelated or childlike style?,radio,"Yes, it has a pixelated style",Game,false,4
315,answer__does_the_game_have_a_pixelated_or_childlike_style_df8228d5__inactive,answer__does_the_game_have_a_pixelated_or_childlike_style_df8228d5,radio,does_the_game_have_a_pixelated_or_childlike_style_df8228d5,Does the game have a pixelated or childlike style?,radio,__INACTIVE__,Game,true,330
316,answer__does_the_game_have_a_pixelated_or_childlike_style_df8228d5__not_applicable,answer__does_the_game_have_a_pixelated_or_childlike_style_df8228d5,radio,does_the_game_have_a_pixelated_or_childlike_style_df8228d5,Does the game have a pixelated or childlike style?,radio,__NOT_APPLICABLE__,Game,true,404
317,answer__does_the_game_have_a_system_for_players_to_trade_items_w_540e69c1__no,answer__does_the_game_have_a_system_for_players_to_trade_items_w_540e69c1,radio,does_the_game_have_a_system_for_players_to_trade_items_w_540e69c1,"Does the game have a system for players to trade items with each other using real money or in-game currency purchased with real money? (e.g. auction house, item exchange)",radio,No,Game,false,12
318,answer__does_the_game_have_a_system_for_players_to_trade_items_w_540e69c1__yes,answer__does_the_game_have_a_system_for_players_to_trade_items_w_540e69c1,radio,does_the_game_have_a_system_for_players_to_trade_items_w_540e69c1,"Does the game have a system for players to trade items with each other using real money or in-game currency purchased with real money? (e.g. auction house, item exchange)",radio,Yes,Game,false,6
319,answer__does_the_game_have_a_system_for_players_to_trade_items_w_540e69c1__inactive,answer__does_the_game_have_a_system_for_players_to_trade_items_w_540e69c1,radio,does_the_game_have_a_system_for_players_to_trade_items_w_540e69c1,"Does the game have a system for players to trade items with each other using real money or in-game currency purchased with real money? (e.g. auction house, item exchange)",radio,__INACTIVE__,Game,true,388
320,answer__does_the_game_have_a_system_for_players_to_trade_items_w_540e69c1__not_applicable,answer__does_the_game_have_a_system_for_players_to_trade_items_w_540e69c1,radio,does_the_game_have_a_system_for_players_to_trade_items_w_540e69c1,"Does the game have a system for players to trade items with each other using real money or in-game currency purchased with real money? (e.g. auction house, item exchange)",radio,__NOT_APPLICABLE__,Game,true,404
321,answer__does_the_game_include_chat_moderation_f5949739__no,answer__does_the_game_include_chat_moderation_f5949739,radio,does_the_game_include_chat_moderation_f5949739,Does the game include chat moderation?,radio,No,Game,false,33
322,answer__does_the_game_include_chat_moderation_f5949739__yes,answer__does_the_game_include_chat_moderation_f5949739,radio,does_the_game_include_chat_moderation_f5949739,Does the game include chat moderation?,radio,Yes,Game,false,4
323,answer__does_the_game_include_chat_moderation_f5949739__inactive,answer__does_the_game_include_chat_moderation_f5949739,radio,does_the_game_include_chat_moderation_f5949739,Does the game include chat moderation?,radio,__INACTIVE__,Game,true,369
324,answer__does_the_game_include_chat_moderation_f5949739__not_applicable,answer__does_the_game_include_chat_moderation_f5949739,radio,does_the_game_include_chat_moderation_f5949739,Does the game include chat moderation?,radio,__NOT_APPLICABLE__,Game,true,404
325,answer__does_the_game_include_the_ability_or_requirement_to_make_87aee7ff__no,answer__does_the_game_include_the_ability_or_requirement_to_make_87aee7ff,radio,does_the_game_include_the_ability_or_requirement_to_make_87aee7ff,Does the game include the ability or requirement to make any purchases related to the issuance or earning of these digital assets?,radio,No,Game,false,14
326,answer__does_the_game_include_the_ability_or_requirement_to_make_87aee7ff__yes,answer__does_the_game_include_the_ability_or_requirement_to_make_87aee7ff,radio,does_the_game_include_the_ability_or_requirement_to_make_87aee7ff,Does the game include the ability or requirement to make any purchases related to the issuance or earning of these digital assets?,radio,Yes,Game,false,7
327,answer__does_the_game_include_the_ability_or_requirement_to_make_87aee7ff__inactive,answer__does_the_game_include_the_ability_or_requirement_to_make_87aee7ff,radio,does_the_game_include_the_ability_or_requirement_to_make_87aee7ff,Does the game include the ability or requirement to make any purchases related to the issuance or earning of these digital assets?,radio,__INACTIVE__,Game,true,385
328,answer__does_the_game_include_the_ability_or_requirement_to_make_87aee7ff__not_applicable,answer__does_the_game_include_the_ability_or_requirement_to_make_87aee7ff,radio,does_the_game_include_the_ability_or_requirement_to_make_87aee7ff,Does the game include the ability or requirement to make any purchases related to the issuance or earning of these digital assets?,radio,__NOT_APPLICABLE__,Game,true,404
329,answer__does_the_game_include_the_ability_or_requirement_to_wage_2d25b462__no,answer__does_the_game_include_the_ability_or_requirement_to_wage_2d25b462,radio,does_the_game_include_the_ability_or_requirement_to_wage_2d25b462,"Does the game include the ability or requirement to wager, purchase entrance fees, additional chances to win, or any other purchases potentially related to winning cash payouts or rewards of significant monetary value from these casino games, lotteries, or racetrack betting games?",radio,No,Game,false,6
330,answer__does_the_game_include_the_ability_or_requirement_to_wage_2d25b462__yes,answer__does_the_game_include_the_ability_or_requirement_to_wage_2d25b462,radio,does_the_game_include_the_ability_or_requirement_to_wage_2d25b462,"Does the game include the ability or requirement to wager, purchase entrance fees, additional chances to win, or any other purchases potentially related to winning cash payouts or rewards of significant monetary value from these casino games, lotteries, or racetrack betting games?",radio,Yes,Game,false,4
331,answer__does_the_game_include_the_ability_or_requirement_to_wage_2d25b462__inactive,answer__does_the_game_include_the_ability_or_requirement_to_wage_2d25b462,radio,does_the_game_include_the_ability_or_requirement_to_wage_2d25b462,"Does the game include the ability or requirement to wager, purchase entrance fees, additional chances to win, or any other purchases potentially related to winning cash payouts or rewards of significant monetary value from these casino games, lotteries, or racetrack betting games?",radio,__INACTIVE__,Game,true,396
332,answer__does_the_game_include_the_ability_or_requirement_to_wage_2d25b462__not_applicable,answer__does_the_game_include_the_ability_or_requirement_to_wage_2d25b462,radio,does_the_game_include_the_ability_or_requirement_to_wage_2d25b462,"Does the game include the ability or requirement to wager, purchase entrance fees, additional chances to win, or any other purchases potentially related to winning cash payouts or rewards of significant monetary value from these casino games, lotteries, or racetrack betting games?",radio,__NOT_APPLICABLE__,Game,true,404
333,answer__does_the_game_include_the_ability_or_requirement_to_wage_3f5a30fa__no,answer__does_the_game_include_the_ability_or_requirement_to_wage_3f5a30fa,radio,does_the_game_include_the_ability_or_requirement_to_wage_3f5a30fa,"Does the game include the ability or requirement to wager, purchase entrance fees, additional chances to win, or any other purchases potentially related to winning cash payouts or rewards of significant monetary value from these bingo games?",radio,No,Game,false,14
334,answer__does_the_game_include_the_ability_or_requirement_to_wage_3f5a30fa__yes,answer__does_the_game_include_the_ability_or_requirement_to_wage_3f5a30fa,radio,does_the_game_include_the_ability_or_requirement_to_wage_3f5a30fa,"Does the game include the ability or requirement to wager, purchase entrance fees, additional chances to win, or any other purchases potentially related to winning cash payouts or rewards of significant monetary value from these bingo games?",radio,Yes,Game,false,4
335,answer__does_the_game_include_the_ability_or_requirement_to_wage_3f5a30fa__inactive,answer__does_the_game_include_the_ability_or_requirement_to_wage_3f5a30fa,radio,does_the_game_include_the_ability_or_requirement_to_wage_3f5a30fa,"Does the game include the ability or requirement to wager, purchase entrance fees, additional chances to win, or any other purchases potentially related to winning cash payouts or rewards of significant monetary value from these bingo games?",radio,__INACTIVE__,Game,true,388
336,answer__does_the_game_include_the_ability_or_requirement_to_wage_3f5a30fa__not_applicable,answer__does_the_game_include_the_ability_or_requirement_to_wage_3f5a30fa,radio,does_the_game_include_the_ability_or_requirement_to_wage_3f5a30fa,"Does the game include the ability or requirement to wager, purchase entrance fees, additional chances to win, or any other purchases potentially related to winning cash payouts or rewards of significant monetary value from these bingo games?",radio,__NOT_APPLICABLE__,Game,true,404
337,answer__does_the_game_include_the_ability_or_requirement_to_wage_c8e71373__no,answer__does_the_game_include_the_ability_or_requirement_to_wage_c8e71373,radio,does_the_game_include_the_ability_or_requirement_to_wage_c8e71373,"Does the game include the ability or requirement to wager, purchase entrance fees, additional chances to win, boosts, or any other purchases potentially related to earning or winning cash rewards or rewards of significant monetary value?",radio,No,Game,false,10
338,answer__does_the_game_include_the_ability_or_requirement_to_wage_c8e71373__yes,answer__does_the_game_include_the_ability_or_requirement_to_wage_c8e71373,radio,does_the_game_include_the_ability_or_requirement_to_wage_c8e71373,"Does the game include the ability or requirement to wager, purchase entrance fees, additional chances to win, boosts, or any other purchases potentially related to earning or winning cash rewards or rewards of significant monetary value?",radio,Yes,Game,false,10
339,answer__does_the_game_include_the_ability_or_requirement_to_wage_c8e71373__inactive,answer__does_the_game_include_the_ability_or_requirement_to_wage_c8e71373,radio,does_the_game_include_the_ability_or_requirement_to_wage_c8e71373,"Does the game include the ability or requirement to wager, purchase entrance fees, additional chances to win, boosts, or any other purchases potentially related to earning or winning cash rewards or rewards of significant monetary value?",radio,__INACTIVE__,Game,true,386
340,answer__does_the_game_include_the_ability_or_requirement_to_wage_c8e71373__not_applicable,answer__does_the_game_include_the_ability_or_requirement_to_wage_c8e71373,radio,does_the_game_include_the_ability_or_requirement_to_wage_c8e71373,"Does the game include the ability or requirement to wager, purchase entrance fees, additional chances to win, boosts, or any other purchases potentially related to earning or winning cash rewards or rewards of significant monetary value?",radio,__NOT_APPLICABLE__,Game,true,404
341,answer__does_the_game_include_the_ability_to_block_users_or_user_ae7dcc61__no,answer__does_the_game_include_the_ability_to_block_users_or_user_ae7dcc61,radio,does_the_game_include_the_ability_to_block_users_or_user_ae7dcc61,Does the game include the ability to block users or user-generated content?,radio,No,Game,false,31
342,answer__does_the_game_include_the_ability_to_block_users_or_user_ae7dcc61__yes,answer__does_the_game_include_the_ability_to_block_users_or_user_ae7dcc61,radio,does_the_game_include_the_ability_to_block_users_or_user_ae7dcc61,Does the game include the ability to block users or user-generated content?,radio,Yes,Game,false,6
343,answer__does_the_game_include_the_ability_to_block_users_or_user_ae7dcc61__inactive,answer__does_the_game_include_the_ability_to_block_users_or_user_ae7dcc61,radio,does_the_game_include_the_ability_to_block_users_or_user_ae7dcc61,Does the game include the ability to block users or user-generated content?,radio,__INACTIVE__,Game,true,369
344,answer__does_the_game_include_the_ability_to_block_users_or_user_ae7dcc61__not_applicable,answer__does_the_game_include_the_ability_to_block_users_or_user_ae7dcc61,radio,does_the_game_include_the_ability_to_block_users_or_user_ae7dcc61,Does the game include the ability to block users or user-generated content?,radio,__NOT_APPLICABLE__,Game,true,404
345,answer__does_the_game_include_the_ability_to_report_users_or_use_5e66cfbc__no,answer__does_the_game_include_the_ability_to_report_users_or_use_5e66cfbc,radio,does_the_game_include_the_ability_to_report_users_or_use_5e66cfbc,Does the game include the ability to report users or user-generated content?,radio,No,Game,false,31
346,answer__does_the_game_include_the_ability_to_report_users_or_use_5e66cfbc__yes,answer__does_the_game_include_the_ability_to_report_users_or_use_5e66cfbc,radio,does_the_game_include_the_ability_to_report_users_or_use_5e66cfbc,Does the game include the ability to report users or user-generated content?,radio,Yes,Game,false,6
347,answer__does_the_game_include_the_ability_to_report_users_or_use_5e66cfbc__inactive,answer__does_the_game_include_the_ability_to_report_users_or_use_5e66cfbc,radio,does_the_game_include_the_ability_to_report_users_or_use_5e66cfbc,Does the game include the ability to report users or user-generated content?,radio,__INACTIVE__,Game,true,369
348,answer__does_the_game_include_the_ability_to_report_users_or_use_5e66cfbc__not_applicable,answer__does_the_game_include_the_ability_to_report_users_or_use_5e66cfbc,radio,does_the_game_include_the_ability_to_report_users_or_use_5e66cfbc,Does the game include the ability to report users or user-generated content?,radio,__NOT_APPLICABLE__,Game,true,404
349,answer__does_the_game_include_the_purchase_or_sale_of_digital_go_9a08ca09__no,answer__does_the_game_include_the_purchase_or_sale_of_digital_go_9a08ca09,radio,does_the_game_include_the_purchase_or_sale_of_digital_go_9a08ca09,"Does the game include the purchase or sale of digital goods, cash rewards, gift cards, play-to-earn features, convertible cryptocurrency rewards, or the issuance of transferable digital assets (e.g., NFTs)?",radio,No,Game,false,349
350,answer__does_the_game_include_the_purchase_or_sale_of_digital_go_9a08ca09__yes,answer__does_the_game_include_the_purchase_or_sale_of_digital_go_9a08ca09,radio,does_the_game_include_the_purchase_or_sale_of_digital_go_9a08ca09,"Does the game include the purchase or sale of digital goods, cash rewards, gift cards, play-to-earn features, convertible cryptocurrency rewards, or the issuance of transferable digital assets (e.g., NFTs)?",radio,Yes,Game,false,57
351,answer__does_the_game_include_the_purchase_or_sale_of_digital_go_9a08ca09__inactive,answer__does_the_game_include_the_purchase_or_sale_of_digital_go_9a08ca09,radio,does_the_game_include_the_purchase_or_sale_of_digital_go_9a08ca09,"Does the game include the purchase or sale of digital goods, cash rewards, gift cards, play-to-earn features, convertible cryptocurrency rewards, or the issuance of transferable digital assets (e.g., NFTs)?",radio,__INACTIVE__,Game,true,0
352,answer__does_the_game_include_the_purchase_or_sale_of_digital_go_9a08ca09__not_applicable,answer__does_the_game_include_the_purchase_or_sale_of_digital_go_9a08ca09,radio,does_the_game_include_the_purchase_or_sale_of_digital_go_9a08ca09,"Does the game include the purchase or sale of digital goods, cash rewards, gift cards, play-to-earn features, convertible cryptocurrency rewards, or the issuance of transferable digital assets (e.g., NFTs)?",radio,__NOT_APPLICABLE__,Game,true,404
353,answer__does_the_game_natively_allow_users_to_interact_or_exchan_a4531922__no,answer__does_the_game_natively_allow_users_to_interact_or_exchan_a4531922,radio,does_the_game_natively_allow_users_to_interact_or_exchan_a4531922,"Does the game natively allow users to interact or exchange content with other users through voice communication, text, or sharing images or audio?",radio,No,Game,false,369
354,answer__does_the_game_natively_allow_users_to_interact_or_exchan_a4531922__yes,answer__does_the_game_natively_allow_users_to_interact_or_exchan_a4531922,radio,does_the_game_natively_allow_users_to_interact_or_exchan_a4531922,"Does the game natively allow users to interact or exchange content with other users through voice communication, text, or sharing images or audio?",radio,Yes,Game,false,37
355,answer__does_the_game_natively_allow_users_to_interact_or_exchan_a4531922__inactive,answer__does_the_game_natively_allow_users_to_interact_or_exchan_a4531922,radio,does_the_game_natively_allow_users_to_interact_or_exchan_a4531922,"Does the game natively allow users to interact or exchange content with other users through voice communication, text, or sharing images or audio?",radio,__INACTIVE__,Game,true,0
356,answer__does_the_game_natively_allow_users_to_interact_or_exchan_a4531922__not_applicable,answer__does_the_game_natively_allow_users_to_interact_or_exchan_a4531922,radio,does_the_game_natively_allow_users_to_interact_or_exchan_a4531922,"Does the game natively allow users to interact or exchange content with other users through voice communication, text, or sharing images or audio?",radio,__NOT_APPLICABLE__,Game,true,404
357,answer__does_the_game_share_the_user_s_current_and_precise_physi_9a758681__no,answer__does_the_game_share_the_user_s_current_and_precise_physi_9a758681,radio,does_the_game_share_the_user_s_current_and_precise_physi_9a758681,Does the game share the user's current and precise physical location with other users?,radio,No,Game,false,402
358,answer__does_the_game_share_the_user_s_current_and_precise_physi_9a758681__yes,answer__does_the_game_share_the_user_s_current_and_precise_physi_9a758681,radio,does_the_game_share_the_user_s_current_and_precise_physi_9a758681,Does the game share the user's current and precise physical location with other users?,radio,Yes,Game,false,4
359,answer__does_the_game_share_the_user_s_current_and_precise_physi_9a758681__inactive,answer__does_the_game_share_the_user_s_current_and_precise_physi_9a758681,radio,does_the_game_share_the_user_s_current_and_precise_physi_9a758681,Does the game share the user's current and precise physical location with other users?,radio,__INACTIVE__,Game,true,0
360,answer__does_the_game_share_the_user_s_current_and_precise_physi_9a758681__not_applicable,answer__does_the_game_share_the_user_s_current_and_precise_physi_9a758681,radio,does_the_game_share_the_user_s_current_and_precise_physi_9a758681,Does the game share the user's current and precise physical location with other users?,radio,__NOT_APPLICABLE__,Game,true,404
361,answer__does_the_game_take_place_in_a_realistic_or_historical_wa_067f5d44__no,answer__does_the_game_take_place_in_a_realistic_or_historical_wa_067f5d44,radio,does_the_game_take_place_in_a_realistic_or_historical_wa_067f5d44,Does the game take place in a realistic or historical war setting?,radio,No,Game,false,72
362,answer__does_the_game_take_place_in_a_realistic_or_historical_wa_067f5d44__yes,answer__does_the_game_take_place_in_a_realistic_or_historical_wa_067f5d44,radio,does_the_game_take_place_in_a_realistic_or_historical_wa_067f5d44,Does the game take place in a realistic or historical war setting?,radio,Yes,Game,false,4
363,answer__does_the_game_take_place_in_a_realistic_or_historical_wa_067f5d44__inactive,answer__does_the_game_take_place_in_a_realistic_or_historical_wa_067f5d44,radio,does_the_game_take_place_in_a_realistic_or_historical_wa_067f5d44,Does the game take place in a realistic or historical war setting?,radio,__INACTIVE__,Game,true,330
364,answer__does_the_game_take_place_in_a_realistic_or_historical_wa_067f5d44__not_applicable,answer__does_the_game_take_place_in_a_realistic_or_historical_wa_067f5d44,radio,does_the_game_take_place_in_a_realistic_or_historical_wa_067f5d44,Does the game take place in a realistic or historical war setting?,radio,__NOT_APPLICABLE__,Game,true,404
365,answer__does_the_product_focus_on_any_other_age_restricted_activ_f21b28b2__no,answer__does_the_product_focus_on_any_other_age_restricted_activ_f21b28b2,radio,does_the_product_focus_on_any_other_age_restricted_activ_f21b28b2,Does the product focus on any other age-restricted activities or items?,radio,No,All Other App Types,false,27
366,answer__does_the_product_focus_on_any_other_age_restricted_activ_f21b28b2__yes,answer__does_the_product_focus_on_any_other_age_restricted_activ_f21b28b2,radio,does_the_product_focus_on_any_other_age_restricted_activ_f21b28b2,Does the product focus on any other age-restricted activities or items?,radio,Yes,All Other App Types,false,5
367,answer__does_the_product_focus_on_any_other_age_restricted_activ_f21b28b2__inactive,answer__does_the_product_focus_on_any_other_age_restricted_activ_f21b28b2,radio,does_the_product_focus_on_any_other_age_restricted_activ_f21b28b2,Does the product focus on any other age-restricted activities or items?,radio,__INACTIVE__,All Other App Types,true,362
368,answer__does_the_product_focus_on_any_other_age_restricted_activ_f21b28b2__not_applicable,answer__does_the_product_focus_on_any_other_age_restricted_activ_f21b28b2,radio,does_the_product_focus_on_any_other_age_restricted_activ_f21b28b2,Does the product focus on any other age-restricted activities or items?,radio,__NOT_APPLICABLE__,All Other App Types,true,416
369,answer__does_the_product_focus_on_promoting_alcohol_or_tobacco_fda3ff82__no,answer__does_the_product_focus_on_promoting_alcohol_or_tobacco_fda3ff82,radio,does_the_product_focus_on_promoting_alcohol_or_tobacco_fda3ff82,Does the product focus on promoting alcohol or tobacco?,radio,No,All Other App Types,false,27
370,answer__does_the_product_focus_on_promoting_alcohol_or_tobacco_fda3ff82__yes,answer__does_the_product_focus_on_promoting_alcohol_or_tobacco_fda3ff82,radio,does_the_product_focus_on_promoting_alcohol_or_tobacco_fda3ff82,Does the product focus on promoting alcohol or tobacco?,radio,Yes,All Other App Types,false,5
371,answer__does_the_product_focus_on_promoting_alcohol_or_tobacco_fda3ff82__inactive,answer__does_the_product_focus_on_promoting_alcohol_or_tobacco_fda3ff82,radio,does_the_product_focus_on_promoting_alcohol_or_tobacco_fda3ff82,Does the product focus on promoting alcohol or tobacco?,radio,__INACTIVE__,All Other App Types,true,362
372,answer__does_the_product_focus_on_promoting_alcohol_or_tobacco_fda3ff82__not_applicable,answer__does_the_product_focus_on_promoting_alcohol_or_tobacco_fda3ff82,radio,does_the_product_focus_on_promoting_alcohol_or_tobacco_fda3ff82,Does the product focus on promoting alcohol or tobacco?,radio,__NOT_APPLICABLE__,All Other App Types,true,416
373,answer__how_explicitly_depicted_are_these_disturbing_or_gory_ima_31c85158__graphic_detail,answer__how_explicitly_depicted_are_these_disturbing_or_gory_ima_31c85158,radio,how_explicitly_depicted_are_these_disturbing_or_gory_ima_31c85158,How explicitly depicted are these disturbing or gory images?,radio,Graphic Detail,All Other App Types || Game,false,17
374,answer__how_explicitly_depicted_are_these_disturbing_or_gory_ima_31c85158__limited_detail,answer__how_explicitly_depicted_are_these_disturbing_or_gory_ima_31c85158,radio,how_explicitly_depicted_are_these_disturbing_or_gory_ima_31c85158,How explicitly depicted are these disturbing or gory images?,radio,Limited Detail,All Other App Types || Game,false,11
375,answer__how_explicitly_depicted_are_these_disturbing_or_gory_ima_31c85158__moderate_detail,answer__how_explicitly_depicted_are_these_disturbing_or_gory_ima_31c85158,radio,how_explicitly_depicted_are_these_disturbing_or_gory_ima_31c85158,How explicitly depicted are these disturbing or gory images?,radio,Moderate Detail,All Other App Types || Game,false,8
376,answer__how_explicitly_depicted_are_these_disturbing_or_gory_ima_31c85158__inactive,answer__how_explicitly_depicted_are_these_disturbing_or_gory_ima_31c85158,radio,how_explicitly_depicted_are_these_disturbing_or_gory_ima_31c85158,How explicitly depicted are these disturbing or gory images?,radio,__INACTIVE__,All Other App Types || Game,true,764
377,answer__how_explicitly_depicted_are_these_disturbing_or_gory_ima_31c85158__not_applicable,answer__how_explicitly_depicted_are_these_disturbing_or_gory_ima_31c85158,radio,how_explicitly_depicted_are_these_disturbing_or_gory_ima_31c85158,How explicitly depicted are these disturbing or gory images?,radio,__NOT_APPLICABLE__,All Other App Types || Game,true,10
378,answer__how_frequent_are_the_horrifying_elements_793da69a__often,answer__how_frequent_are_the_horrifying_elements_793da69a,radio,how_frequent_are_the_horrifying_elements_793da69a,How frequent are the horrifying elements?,radio,Often,All Other App Types || Game,false,26
379,answer__how_frequent_are_the_horrifying_elements_793da69a__rare,answer__how_frequent_are_the_horrifying_elements_793da69a,radio,how_frequent_are_the_horrifying_elements_793da69a,How frequent are the horrifying elements?,radio,Rare,All Other App Types || Game,false,12
380,answer__how_frequent_are_the_horrifying_elements_793da69a__inactive,answer__how_frequent_are_the_horrifying_elements_793da69a,radio,how_frequent_are_the_horrifying_elements_793da69a,How frequent are the horrifying elements?,radio,__INACTIVE__,All Other App Types || Game,true,762
381,answer__how_frequent_are_the_horrifying_elements_793da69a__not_applicable,answer__how_frequent_are_the_horrifying_elements_793da69a,radio,how_frequent_are_the_horrifying_elements_793da69a,How frequent are the horrifying elements?,radio,__NOT_APPLICABLE__,All Other App Types || Game,true,10
382,answer__how_frequent_are_the_scary_elements_71813163__often,answer__how_frequent_are_the_scary_elements_71813163,radio,how_frequent_are_the_scary_elements_71813163,How frequent are the scary elements?,radio,Often,All Other App Types || Game,false,13
383,answer__how_frequent_are_the_scary_elements_71813163__rare,answer__how_frequent_are_the_scary_elements_71813163,radio,how_frequent_are_the_scary_elements_71813163,How frequent are the scary elements?,radio,Rare,All Other App Types || Game,false,35
384,answer__how_frequent_are_the_scary_elements_71813163__inactive,answer__how_frequent_are_the_scary_elements_71813163,radio,how_frequent_are_the_scary_elements_71813163,How frequent are the scary elements?,radio,__INACTIVE__,All Other App Types || Game,true,752
385,answer__how_frequent_are_the_scary_elements_71813163__not_applicable,answer__how_frequent_are_the_scary_elements_71813163,radio,how_frequent_are_the_scary_elements_71813163,How frequent are the scary elements?,radio,__NOT_APPLICABLE__,All Other App Types || Game,true,10
386,answer__how_frequently_are_revealing_outfits_depicted_dbabdf26__often,answer__how_frequently_are_revealing_outfits_depicted_dbabdf26,radio,how_frequently_are_revealing_outfits_depicted_dbabdf26,How frequently are revealing outfits depicted?,radio,Often,All Other App Types || Game,false,10
387,answer__how_frequently_are_revealing_outfits_depicted_dbabdf26__rarely,answer__how_frequently_are_revealing_outfits_depicted_dbabdf26,radio,how_frequently_are_revealing_outfits_depicted_dbabdf26,How frequently are revealing outfits depicted?,radio,Rarely,All Other App Types || Game,false,27
388,answer__how_frequently_are_revealing_outfits_depicted_dbabdf26__inactive,answer__how_frequently_are_revealing_outfits_depicted_dbabdf26,radio,how_frequently_are_revealing_outfits_depicted_dbabdf26,How frequently are revealing outfits depicted?,radio,__INACTIVE__,All Other App Types || Game,true,763
389,answer__how_frequently_are_revealing_outfits_depicted_dbabdf26__not_applicable,answer__how_frequently_are_revealing_outfits_depicted_dbabdf26,radio,how_frequently_are_revealing_outfits_depicted_dbabdf26,How frequently are revealing outfits depicted?,radio,__NOT_APPLICABLE__,All Other App Types || Game,true,10
390,answer__how_frequently_do_fantasy_drugs_occur_f510ee29__often,answer__how_frequently_do_fantasy_drugs_occur_f510ee29,radio,how_frequently_do_fantasy_drugs_occur_f510ee29,How frequently do fantasy drugs occur?,radio,Often,All Other App Types || Game,false,6
391,answer__how_frequently_do_fantasy_drugs_occur_f510ee29__rarely,answer__how_frequently_do_fantasy_drugs_occur_f510ee29,radio,how_frequently_do_fantasy_drugs_occur_f510ee29,How frequently do fantasy drugs occur?,radio,Rarely,All Other App Types || Game,false,24
392,answer__how_frequently_do_fantasy_drugs_occur_f510ee29__inactive,answer__how_frequently_do_fantasy_drugs_occur_f510ee29,radio,how_frequently_do_fantasy_drugs_occur_f510ee29,How frequently do fantasy drugs occur?,radio,__INACTIVE__,All Other App Types || Game,true,770
393,answer__how_frequently_do_fantasy_drugs_occur_f510ee29__not_applicable,answer__how_frequently_do_fantasy_drugs_occur_f510ee29,radio,how_frequently_do_fantasy_drugs_occur_f510ee29,How frequently do fantasy drugs occur?,radio,__NOT_APPLICABLE__,All Other App Types || Game,true,10
394,answer__how_frequently_do_medical_drugs_occur_04c7e80e__often,answer__how_frequently_do_medical_drugs_occur_04c7e80e,radio,how_frequently_do_medical_drugs_occur_04c7e80e,How frequently do medical drugs occur?,radio,Often,All Other App Types || Game,false,10
395,answer__how_frequently_do_medical_drugs_occur_04c7e80e__rarely,answer__how_frequently_do_medical_drugs_occur_04c7e80e,radio,how_frequently_do_medical_drugs_occur_04c7e80e,How frequently do medical drugs occur?,radio,Rarely,All Other App Types || Game,false,35
396,answer__how_frequently_do_medical_drugs_occur_04c7e80e__inactive,answer__how_frequently_do_medical_drugs_occur_04c7e80e,radio,how_frequently_do_medical_drugs_occur_04c7e80e,How frequently do medical drugs occur?,radio,__INACTIVE__,All Other App Types || Game,true,755
397,answer__how_frequently_do_medical_drugs_occur_04c7e80e__not_applicable,answer__how_frequently_do_medical_drugs_occur_04c7e80e,radio,how_frequently_do_medical_drugs_occur_04c7e80e,How frequently do medical drugs occur?,radio,__NOT_APPLICABLE__,All Other App Types || Game,true,10
398,answer__how_frequently_do_minor_profanities_occur_9d2bf28d__often,answer__how_frequently_do_minor_profanities_occur_9d2bf28d,radio,how_frequently_do_minor_profanities_occur_9d2bf28d,How frequently do minor profanities occur?,radio,Often,All Other App Types || Game,false,15
399,answer__how_frequently_do_minor_profanities_occur_9d2bf28d__rarely,answer__how_frequently_do_minor_profanities_occur_9d2bf28d,radio,how_frequently_do_minor_profanities_occur_9d2bf28d,How frequently do minor profanities occur?,radio,Rarely,All Other App Types || Game,false,14
400,answer__how_frequently_do_minor_profanities_occur_9d2bf28d__inactive,answer__how_frequently_do_minor_profanities_occur_9d2bf28d,radio,how_frequently_do_minor_profanities_occur_9d2bf28d,How frequently do minor profanities occur?,radio,__INACTIVE__,All Other App Types || Game,true,771
401,answer__how_frequently_do_minor_profanities_occur_9d2bf28d__not_applicable,answer__how_frequently_do_minor_profanities_occur_9d2bf28d,radio,how_frequently_do_minor_profanities_occur_9d2bf28d,How frequently do minor profanities occur?,radio,__NOT_APPLICABLE__,All Other App Types || Game,true,10
402,answer__how_frequently_do_sexual_expletives_occur_d0c59225__often,answer__how_frequently_do_sexual_expletives_occur_d0c59225,radio,how_frequently_do_sexual_expletives_occur_d0c59225,How frequently do sexual expletives occur?,radio,Often,All Other App Types || Game,false,14
403,answer__how_frequently_do_sexual_expletives_occur_d0c59225__rarely,answer__how_frequently_do_sexual_expletives_occur_d0c59225,radio,how_frequently_do_sexual_expletives_occur_d0c59225,How frequently do sexual expletives occur?,radio,Rarely,All Other App Types || Game,false,12
404,answer__how_frequently_do_sexual_expletives_occur_d0c59225__inactive,answer__how_frequently_do_sexual_expletives_occur_d0c59225,radio,how_frequently_do_sexual_expletives_occur_d0c59225,How frequently do sexual expletives occur?,radio,__INACTIVE__,All Other App Types || Game,true,774
405,answer__how_frequently_do_sexual_expletives_occur_d0c59225__not_applicable,answer__how_frequently_do_sexual_expletives_occur_d0c59225,radio,how_frequently_do_sexual_expletives_occur_d0c59225,How frequently do sexual expletives occur?,radio,__NOT_APPLICABLE__,All Other App Types || Game,true,10
406,answer__how_frequently_do_the_fantasy_creatures_breasts_appear_e879ee9f__often,answer__how_frequently_do_the_fantasy_creatures_breasts_appear_e879ee9f,radio,how_frequently_do_the_fantasy_creatures_breasts_appear_e879ee9f,How frequently do the fantasy creatures' breasts appear?,radio,Often,All Other App Types || Game,false,9
407,answer__how_frequently_do_the_fantasy_creatures_breasts_appear_e879ee9f__rarely,answer__how_frequently_do_the_fantasy_creatures_breasts_appear_e879ee9f,radio,how_frequently_do_the_fantasy_creatures_breasts_appear_e879ee9f,How frequently do the fantasy creatures' breasts appear?,radio,Rarely,All Other App Types || Game,false,7
408,answer__how_frequently_do_the_fantasy_creatures_breasts_appear_e879ee9f__inactive,answer__how_frequently_do_the_fantasy_creatures_breasts_appear_e879ee9f,radio,how_frequently_do_the_fantasy_creatures_breasts_appear_e879ee9f,How frequently do the fantasy creatures' breasts appear?,radio,__INACTIVE__,All Other App Types || Game,true,784
409,answer__how_frequently_do_the_fantasy_creatures_breasts_appear_e879ee9f__not_applicable,answer__how_frequently_do_the_fantasy_creatures_breasts_appear_e879ee9f,radio,how_frequently_do_the_fantasy_creatures_breasts_appear_e879ee9f,How frequently do the fantasy creatures' breasts appear?,radio,__NOT_APPLICABLE__,All Other App Types || Game,true,10
410,answer__how_frequently_do_the_female_human_breasts_with_nipples__163e9d54__often,answer__how_frequently_do_the_female_human_breasts_with_nipples__163e9d54,radio,how_frequently_do_the_female_human_breasts_with_nipples__163e9d54,How frequently do the female human breasts with nipples appear?,radio,Often,All Other App Types || Game,false,9
411,answer__how_frequently_do_the_female_human_breasts_with_nipples__163e9d54__rarely,answer__how_frequently_do_the_female_human_breasts_with_nipples__163e9d54,radio,how_frequently_do_the_female_human_breasts_with_nipples__163e9d54,How frequently do the female human breasts with nipples appear?,radio,Rarely,All Other App Types || Game,false,8
412,answer__how_frequently_do_the_female_human_breasts_with_nipples__163e9d54__inactive,answer__how_frequently_do_the_female_human_breasts_with_nipples__163e9d54,radio,how_frequently_do_the_female_human_breasts_with_nipples__163e9d54,How frequently do the female human breasts with nipples appear?,radio,__INACTIVE__,All Other App Types || Game,true,783
413,answer__how_frequently_do_the_female_human_breasts_with_nipples__163e9d54__not_applicable,answer__how_frequently_do_the_female_human_breasts_with_nipples__163e9d54,radio,how_frequently_do_the_female_human_breasts_with_nipples__163e9d54,How frequently do the female human breasts with nipples appear?,radio,__NOT_APPLICABLE__,All Other App Types || Game,true,10
414,answer__how_frequently_do_the_human_buttocks_appear_6198e796__often,answer__how_frequently_do_the_human_buttocks_appear_6198e796,radio,how_frequently_do_the_human_buttocks_appear_6198e796,How frequently do the human buttocks appear?,radio,Often,All Other App Types || Game,false,5
415,answer__how_frequently_do_the_human_buttocks_appear_6198e796__rarely,answer__how_frequently_do_the_human_buttocks_appear_6198e796,radio,how_frequently_do_the_human_buttocks_appear_6198e796,How frequently do the human buttocks appear?,radio,Rarely,All Other App Types || Game,false,8
416,answer__how_frequently_do_the_human_buttocks_appear_6198e796__inactive,answer__how_frequently_do_the_human_buttocks_appear_6198e796,radio,how_frequently_do_the_human_buttocks_appear_6198e796,How frequently do the human buttocks appear?,radio,__INACTIVE__,All Other App Types || Game,true,787
417,answer__how_frequently_do_the_human_buttocks_appear_6198e796__not_applicable,answer__how_frequently_do_the_human_buttocks_appear_6198e796,radio,how_frequently_do_the_human_buttocks_appear_6198e796,How frequently do the human buttocks appear?,radio,__NOT_APPLICABLE__,All Other App Types || Game,true,10
418,answer__how_frequently_do_the_nipple_less_breasts_appear_9f7d8dc0__often,answer__how_frequently_do_the_nipple_less_breasts_appear_9f7d8dc0,radio,how_frequently_do_the_nipple_less_breasts_appear_9f7d8dc0,How frequently do the nipple-less breasts appear?,radio,Often,All Other App Types || Game,false,8
419,answer__how_frequently_do_the_nipple_less_breasts_appear_9f7d8dc0__rarely,answer__how_frequently_do_the_nipple_less_breasts_appear_9f7d8dc0,radio,how_frequently_do_the_nipple_less_breasts_appear_9f7d8dc0,How frequently do the nipple-less breasts appear?,radio,Rarely,All Other App Types || Game,false,7
420,answer__how_frequently_do_the_nipple_less_breasts_appear_9f7d8dc0__inactive,answer__how_frequently_do_the_nipple_less_breasts_appear_9f7d8dc0,radio,how_frequently_do_the_nipple_less_breasts_appear_9f7d8dc0,How frequently do the nipple-less breasts appear?,radio,__INACTIVE__,All Other App Types || Game,true,785
421,answer__how_frequently_do_the_nipple_less_breasts_appear_9f7d8dc0__not_applicable,answer__how_frequently_do_the_nipple_less_breasts_appear_9f7d8dc0,radio,how_frequently_do_the_nipple_less_breasts_appear_9f7d8dc0,How frequently do the nipple-less breasts appear?,radio,__NOT_APPLICABLE__,All Other App Types || Game,true,10
422,answer__how_frequently_does_discriminatory_language_occur_5fd2d7f7__often,answer__how_frequently_does_discriminatory_language_occur_5fd2d7f7,radio,how_frequently_does_discriminatory_language_occur_5fd2d7f7,How frequently does discriminatory language occur?,radio,Often,All Other App Types || Game,false,3
423,answer__how_frequently_does_discriminatory_language_occur_5fd2d7f7__rarely,answer__how_frequently_does_discriminatory_language_occur_5fd2d7f7,radio,how_frequently_does_discriminatory_language_occur_5fd2d7f7,How frequently does discriminatory language occur?,radio,Rarely,All Other App Types || Game,false,17
424,answer__how_frequently_does_discriminatory_language_occur_5fd2d7f7__inactive,answer__how_frequently_does_discriminatory_language_occur_5fd2d7f7,radio,how_frequently_does_discriminatory_language_occur_5fd2d7f7,How frequently does discriminatory language occur?,radio,__INACTIVE__,All Other App Types || Game,true,780
425,answer__how_frequently_does_discriminatory_language_occur_5fd2d7f7__not_applicable,answer__how_frequently_does_discriminatory_language_occur_5fd2d7f7,radio,how_frequently_does_discriminatory_language_occur_5fd2d7f7,How frequently does discriminatory language occur?,radio,__NOT_APPLICABLE__,All Other App Types || Game,true,10
426,answer__how_frequently_does_moderate_swearing_occur_7d1d932d__often,answer__how_frequently_does_moderate_swearing_occur_7d1d932d,radio,how_frequently_does_moderate_swearing_occur_7d1d932d,How frequently does moderate swearing occur?,radio,Often,All Other App Types || Game,false,9
427,answer__how_frequently_does_moderate_swearing_occur_7d1d932d__rarely,answer__how_frequently_does_moderate_swearing_occur_7d1d932d,radio,how_frequently_does_moderate_swearing_occur_7d1d932d,How frequently does moderate swearing occur?,radio,Rarely,All Other App Types || Game,false,17
428,answer__how_frequently_does_moderate_swearing_occur_7d1d932d__inactive,answer__how_frequently_does_moderate_swearing_occur_7d1d932d,radio,how_frequently_does_moderate_swearing_occur_7d1d932d,How frequently does moderate swearing occur?,radio,__INACTIVE__,All Other App Types || Game,true,774
429,answer__how_frequently_does_moderate_swearing_occur_7d1d932d__not_applicable,answer__how_frequently_does_moderate_swearing_occur_7d1d932d,radio,how_frequently_does_moderate_swearing_occur_7d1d932d,How frequently does moderate swearing occur?,radio,__NOT_APPLICABLE__,All Other App Types || Game,true,10
430,answer__how_frequently_does_the_genitalia_appear_6e9bbba6__often,answer__how_frequently_does_the_genitalia_appear_6e9bbba6,radio,how_frequently_does_the_genitalia_appear_6e9bbba6,How frequently does the genitalia appear?,radio,Often,All Other App Types || Game,false,72
431,answer__how_frequently_does_the_genitalia_appear_6e9bbba6__rarely,answer__how_frequently_does_the_genitalia_appear_6e9bbba6,radio,how_frequently_does_the_genitalia_appear_6e9bbba6,How frequently does the genitalia appear?,radio,Rarely,All Other App Types || Game,false,9
432,answer__how_frequently_does_the_genitalia_appear_6e9bbba6__inactive,answer__how_frequently_does_the_genitalia_appear_6e9bbba6,radio,how_frequently_does_the_genitalia_appear_6e9bbba6,How frequently does the genitalia appear?,radio,__INACTIVE__,All Other App Types || Game,true,719
433,answer__how_frequently_does_the_genitalia_appear_6e9bbba6__not_applicable,answer__how_frequently_does_the_genitalia_appear_6e9bbba6,radio,how_frequently_does_the_genitalia_appear_6e9bbba6,How frequently does the genitalia appear?,radio,__NOT_APPLICABLE__,All Other App Types || Game,true,10
434,answer__how_frequently_does_this_alcohol_content_occur_861b9e63__often,answer__how_frequently_does_this_alcohol_content_occur_861b9e63,radio,how_frequently_does_this_alcohol_content_occur_861b9e63,How frequently does this alcohol content occur?,radio,Often,All Other App Types || Game,false,9
435,answer__how_frequently_does_this_alcohol_content_occur_861b9e63__rarely,answer__how_frequently_does_this_alcohol_content_occur_861b9e63,radio,how_frequently_does_this_alcohol_content_occur_861b9e63,How frequently does this alcohol content occur?,radio,Rarely,All Other App Types || Game,false,33
436,answer__how_frequently_does_this_alcohol_content_occur_861b9e63__inactive,answer__how_frequently_does_this_alcohol_content_occur_861b9e63,radio,how_frequently_does_this_alcohol_content_occur_861b9e63,How frequently does this alcohol content occur?,radio,__INACTIVE__,All Other App Types || Game,true,758
437,answer__how_frequently_does_this_alcohol_content_occur_861b9e63__not_applicable,answer__how_frequently_does_this_alcohol_content_occur_861b9e63,radio,how_frequently_does_this_alcohol_content_occur_861b9e63,How frequently does this alcohol content occur?,radio,__NOT_APPLICABLE__,All Other App Types || Game,true,10
438,answer__how_frequently_does_this_tobacco_content_occur_0cdd660c__often,answer__how_frequently_does_this_tobacco_content_occur_0cdd660c,radio,how_frequently_does_this_tobacco_content_occur_0cdd660c,How frequently does this tobacco content occur?,radio,Often,All Other App Types || Game,false,9
439,answer__how_frequently_does_this_tobacco_content_occur_0cdd660c__rarely,answer__how_frequently_does_this_tobacco_content_occur_0cdd660c,radio,how_frequently_does_this_tobacco_content_occur_0cdd660c,How frequently does this tobacco content occur?,radio,Rarely,All Other App Types || Game,false,37
440,answer__how_frequently_does_this_tobacco_content_occur_0cdd660c__inactive,answer__how_frequently_does_this_tobacco_content_occur_0cdd660c,radio,how_frequently_does_this_tobacco_content_occur_0cdd660c,How frequently does this tobacco content occur?,radio,__INACTIVE__,All Other App Types || Game,true,754
441,answer__how_frequently_does_this_tobacco_content_occur_0cdd660c__not_applicable,answer__how_frequently_does_this_tobacco_content_occur_0cdd660c,radio,how_frequently_does_this_tobacco_content_occur_0cdd660c,How frequently does this tobacco content occur?,radio,__NOT_APPLICABLE__,All Other App Types || Game,true,10
442,answer__how_is_the_sexual_violence_in_the_app_presented_a33620b5__referred_to_only,answer__how_is_the_sexual_violence_in_the_app_presented_a33620b5,radio,how_is_the_sexual_violence_in_the_app_presented_a33620b5,How is the sexual violence in the app presented?,radio,Referred to only,All Other App Types,false,5
443,answer__how_is_the_sexual_violence_in_the_app_presented_a33620b5__visually_depicted,answer__how_is_the_sexual_violence_in_the_app_presented_a33620b5,radio,how_is_the_sexual_violence_in_the_app_presented_a33620b5,How is the sexual violence in the app presented?,radio,Visually depicted,All Other App Types,false,5
444,answer__how_is_the_sexual_violence_in_the_app_presented_a33620b5__inactive,answer__how_is_the_sexual_violence_in_the_app_presented_a33620b5,radio,how_is_the_sexual_violence_in_the_app_presented_a33620b5,How is the sexual violence in the app presented?,radio,__INACTIVE__,All Other App Types,true,384
445,answer__how_is_the_sexual_violence_in_the_app_presented_a33620b5__not_applicable,answer__how_is_the_sexual_violence_in_the_app_presented_a33620b5,radio,how_is_the_sexual_violence_in_the_app_presented_a33620b5,How is the sexual violence in the app presented?,radio,__NOT_APPLICABLE__,All Other App Types,true,416
446,answer__how_is_the_sexual_violence_in_the_game_presented_1aa9d746__referred_to_only,answer__how_is_the_sexual_violence_in_the_game_presented_1aa9d746,radio,how_is_the_sexual_violence_in_the_game_presented_1aa9d746,How is the sexual violence in the game presented?,radio,Referred to only,Game,false,4
447,answer__how_is_the_sexual_violence_in_the_game_presented_1aa9d746__visually_depicted,answer__how_is_the_sexual_violence_in_the_game_presented_1aa9d746,radio,how_is_the_sexual_violence_in_the_game_presented_1aa9d746,How is the sexual violence in the game presented?,radio,Visually depicted,Game,false,11
448,answer__how_is_the_sexual_violence_in_the_game_presented_1aa9d746__inactive,answer__how_is_the_sexual_violence_in_the_game_presented_1aa9d746,radio,how_is_the_sexual_violence_in_the_game_presented_1aa9d746,How is the sexual violence in the game presented?,radio,__INACTIVE__,Game,true,391
449,answer__how_is_the_sexual_violence_in_the_game_presented_1aa9d746__not_applicable,answer__how_is_the_sexual_violence_in_the_game_presented_1aa9d746,radio,how_is_the_sexual_violence_in_the_game_presented_1aa9d746,How is the sexual violence in the game presented?,radio,__NOT_APPLICABLE__,Game,true,404
450,answer__how_often_do_sexual_acts_occur_7a0c9886__often,answer__how_often_do_sexual_acts_occur_7a0c9886,radio,how_often_do_sexual_acts_occur_7a0c9886,How often do sexual acts occur?,radio,Often,All Other App Types || Game,false,11
451,answer__how_often_do_sexual_acts_occur_7a0c9886__rarely,answer__how_often_do_sexual_acts_occur_7a0c9886,radio,how_often_do_sexual_acts_occur_7a0c9886,How often do sexual acts occur?,radio,Rarely,All Other App Types || Game,false,44
452,answer__how_often_do_sexual_acts_occur_7a0c9886__inactive,answer__how_often_do_sexual_acts_occur_7a0c9886,radio,how_often_do_sexual_acts_occur_7a0c9886,How often do sexual acts occur?,radio,__INACTIVE__,All Other App Types || Game,true,745
453,answer__how_often_do_sexual_acts_occur_7a0c9886__not_applicable,answer__how_often_do_sexual_acts_occur_7a0c9886,radio,how_often_do_sexual_acts_occur_7a0c9886,How often do sexual acts occur?,radio,__NOT_APPLICABLE__,All Other App Types || Game,true,10
454,answer__how_would_you_describe_the_reactions_to_violence_f4f3f14a__realistic,answer__how_would_you_describe_the_reactions_to_violence_f4f3f14a,radio,how_would_you_describe_the_reactions_to_violence_f4f3f14a,How would you describe the reactions to violence?,radio,Realistic,All Other App Types || Game,false,8
455,answer__how_would_you_describe_the_reactions_to_violence_f4f3f14a__unrealistic,answer__how_would_you_describe_the_reactions_to_violence_f4f3f14a,radio,how_would_you_describe_the_reactions_to_violence_f4f3f14a,How would you describe the reactions to violence?,radio,Unrealistic,All Other App Types || Game,false,176
456,answer__how_would_you_describe_the_reactions_to_violence_f4f3f14a__inactive,answer__how_would_you_describe_the_reactions_to_violence_f4f3f14a,radio,how_would_you_describe_the_reactions_to_violence_f4f3f14a,How would you describe the reactions to violence?,radio,__INACTIVE__,All Other App Types || Game,true,616
457,answer__how_would_you_describe_the_reactions_to_violence_f4f3f14a__not_applicable,answer__how_would_you_describe_the_reactions_to_violence_f4f3f14a,radio,how_would_you_describe_the_reactions_to_violence_f4f3f14a,How would you describe the reactions to violence?,radio,__NOT_APPLICABLE__,All Other App Types || Game,true,10
458,answer__in_what_kind_of_setting_context_storyline_does_the_viole_a606b09d__fantastical,answer__in_what_kind_of_setting_context_storyline_does_the_viole_a606b09d,radio,in_what_kind_of_setting_context_storyline_does_the_viole_a606b09d,"In what kind of setting (context, storyline) does the violence occur?",radio,Fantastical,All Other App Types || Game,false,174
459,answer__in_what_kind_of_setting_context_storyline_does_the_viole_a606b09d__realistic,answer__in_what_kind_of_setting_context_storyline_does_the_viole_a606b09d,radio,in_what_kind_of_setting_context_storyline_does_the_viole_a606b09d,"In what kind of setting (context, storyline) does the violence occur?",radio,Realistic,All Other App Types || Game,false,10
460,answer__in_what_kind_of_setting_context_storyline_does_the_viole_a606b09d__inactive,answer__in_what_kind_of_setting_context_storyline_does_the_viole_a606b09d,radio,in_what_kind_of_setting_context_storyline_does_the_viole_a606b09d,"In what kind of setting (context, storyline) does the violence occur?",radio,__INACTIVE__,All Other App Types || Game,true,616
461,answer__in_what_kind_of_setting_context_storyline_does_the_viole_a606b09d__not_applicable,answer__in_what_kind_of_setting_context_storyline_does_the_viole_a606b09d,radio,in_what_kind_of_setting_context_storyline_does_the_viole_a606b09d,"In what kind of setting (context, storyline) does the violence occur?",radio,__NOT_APPLICABLE__,All Other App Types || Game,true,10
462,answer__is_a_significant_portion_of_the_app_used_to_connect_peop_b57e2e9d__no,answer__is_a_significant_portion_of_the_app_used_to_connect_peop_b57e2e9d,radio,is_a_significant_portion_of_the_app_used_to_connect_peop_b57e2e9d,Is a significant portion of the app used to connect people for the purposes of dating or sexual relationships or endeavors?,radio,No,Social or Communication,false,5
463,answer__is_a_significant_portion_of_the_app_used_to_connect_peop_b57e2e9d__yes,answer__is_a_significant_portion_of_the_app_used_to_connect_peop_b57e2e9d,radio,is_a_significant_portion_of_the_app_used_to_connect_peop_b57e2e9d,Is a significant portion of the app used to connect people for the purposes of dating or sexual relationships or endeavors?,radio,Yes,Social or Communication,false,3
464,answer__is_a_significant_portion_of_the_app_used_to_connect_peop_b57e2e9d__inactive,answer__is_a_significant_portion_of_the_app_used_to_connect_peop_b57e2e9d,radio,is_a_significant_portion_of_the_app_used_to_connect_peop_b57e2e9d,Is a significant portion of the app used to connect people for the purposes of dating or sexual relationships or endeavors?,radio,__INACTIVE__,Social or Communication,true,2
465,answer__is_a_significant_portion_of_the_app_used_to_connect_peop_b57e2e9d__not_applicable,answer__is_a_significant_portion_of_the_app_used_to_connect_peop_b57e2e9d,radio,is_a_significant_portion_of_the_app_used_to_connect_peop_b57e2e9d,Is a significant portion of the app used to connect people for the purposes of dating or sexual relationships or endeavors?,radio,__NOT_APPLICABLE__,Social or Communication,true,800
466,answer__is_accessing_this_material_the_primary_purpose_of_the_ap_1bd1703c__no,answer__is_accessing_this_material_the_primary_purpose_of_the_ap_1bd1703c,radio,is_accessing_this_material_the_primary_purpose_of_the_ap_1bd1703c,Is accessing this material the primary purpose of the app?,radio,No,All Other App Types,false,35
467,answer__is_accessing_this_material_the_primary_purpose_of_the_ap_1bd1703c__yes,answer__is_accessing_this_material_the_primary_purpose_of_the_ap_1bd1703c,radio,is_accessing_this_material_the_primary_purpose_of_the_ap_1bd1703c,Is accessing this material the primary purpose of the app?,radio,Yes,All Other App Types,false,2
468,answer__is_accessing_this_material_the_primary_purpose_of_the_ap_1bd1703c__inactive,answer__is_accessing_this_material_the_primary_purpose_of_the_ap_1bd1703c,radio,is_accessing_this_material_the_primary_purpose_of_the_ap_1bd1703c,Is accessing this material the primary purpose of the app?,radio,__INACTIVE__,All Other App Types,true,357
469,answer__is_accessing_this_material_the_primary_purpose_of_the_ap_1bd1703c__not_applicable,answer__is_accessing_this_material_the_primary_purpose_of_the_ap_1bd1703c,radio,is_accessing_this_material_the_primary_purpose_of_the_ap_1bd1703c,Is accessing this material the primary purpose of the app?,radio,__NOT_APPLICABLE__,All Other App Types,true,416
470,answer__is_any_of_this_content_in_an_erotic_provocative_setting__11eb2959__no,answer__is_any_of_this_content_in_an_erotic_provocative_setting__11eb2959,radio,is_any_of_this_content_in_an_erotic_provocative_setting__11eb2959,"Is any of this content in an erotic, provocative setting or context?",radio,No,All Other App Types || Game,false,97
471,answer__is_any_of_this_content_in_an_erotic_provocative_setting__11eb2959__yes,answer__is_any_of_this_content_in_an_erotic_provocative_setting__11eb2959,radio,is_any_of_this_content_in_an_erotic_provocative_setting__11eb2959,"Is any of this content in an erotic, provocative setting or context?",radio,Yes,All Other App Types || Game,false,36
472,answer__is_any_of_this_content_in_an_erotic_provocative_setting__11eb2959__inactive,answer__is_any_of_this_content_in_an_erotic_provocative_setting__11eb2959,radio,is_any_of_this_content_in_an_erotic_provocative_setting__11eb2959,"Is any of this content in an erotic, provocative setting or context?",radio,__INACTIVE__,All Other App Types || Game,true,667
473,answer__is_any_of_this_content_in_an_erotic_provocative_setting__11eb2959__not_applicable,answer__is_any_of_this_content_in_an_erotic_provocative_setting__11eb2959,radio,is_any_of_this_content_in_an_erotic_provocative_setting__11eb2959,"Is any of this content in an erotic, provocative setting or context?",radio,__NOT_APPLICABLE__,All Other App Types || Game,true,10
474,answer__is_any_of_this_violence_against_real_world_animals_6fc80a86__no,answer__is_any_of_this_violence_against_real_world_animals_6fc80a86,radio,is_any_of_this_violence_against_real_world_animals_6fc80a86,Is any of this violence against real-world animals?,radio,No,All Other App Types || Game,false,56
475,answer__is_any_of_this_violence_against_real_world_animals_6fc80a86__yes,answer__is_any_of_this_violence_against_real_world_animals_6fc80a86,radio,is_any_of_this_violence_against_real_world_animals_6fc80a86,Is any of this violence against real-world animals?,radio,Yes,All Other App Types || Game,false,7
476,answer__is_any_of_this_violence_against_real_world_animals_6fc80a86__inactive,answer__is_any_of_this_violence_against_real_world_animals_6fc80a86,radio,is_any_of_this_violence_against_real_world_animals_6fc80a86,Is any of this violence against real-world animals?,radio,__INACTIVE__,All Other App Types || Game,true,737
477,answer__is_any_of_this_violence_against_real_world_animals_6fc80a86__not_applicable,answer__is_any_of_this_violence_against_real_world_animals_6fc80a86,radio,is_any_of_this_violence_against_real_world_animals_6fc80a86,Is any of this violence against real-world animals?,radio,__NOT_APPLICABLE__,All Other App Types || Game,true,10
478,answer__is_shared_user_generated_content_the_primary_source_of_c_ccfc5be7__no,answer__is_shared_user_generated_content_the_primary_source_of_c_ccfc5be7,radio,is_shared_user_generated_content_the_primary_source_of_c_ccfc5be7,"Is shared, user-generated content the primary source of content in the app?",radio,No,All Other App Types,false,94
479,answer__is_shared_user_generated_content_the_primary_source_of_c_ccfc5be7__yes,answer__is_shared_user_generated_content_the_primary_source_of_c_ccfc5be7,radio,is_shared_user_generated_content_the_primary_source_of_c_ccfc5be7,"Is shared, user-generated content the primary source of content in the app?",radio,Yes,All Other App Types,false,4
480,answer__is_shared_user_generated_content_the_primary_source_of_c_ccfc5be7__inactive,answer__is_shared_user_generated_content_the_primary_source_of_c_ccfc5be7,radio,is_shared_user_generated_content_the_primary_source_of_c_ccfc5be7,"Is shared, user-generated content the primary source of content in the app?",radio,__INACTIVE__,All Other App Types,true,296
481,answer__is_shared_user_generated_content_the_primary_source_of_c_ccfc5be7__not_applicable,answer__is_shared_user_generated_content_the_primary_source_of_c_ccfc5be7,radio,is_shared_user_generated_content_the_primary_source_of_c_ccfc5be7,"Is shared, user-generated content the primary source of content in the app?",radio,__NOT_APPLICABLE__,All Other App Types,true,416
482,answer__is_the_app_a_web_browser_or_search_engine_15f398d7__no,answer__is_the_app_a_web_browser_or_search_engine_15f398d7,radio,is_the_app_a_web_browser_or_search_engine_15f398d7,Is the app a web browser or search engine?,radio,No,All Other App Types,false,391
483,answer__is_the_app_a_web_browser_or_search_engine_15f398d7__yes,answer__is_the_app_a_web_browser_or_search_engine_15f398d7,radio,is_the_app_a_web_browser_or_search_engine_15f398d7,Is the app a web browser or search engine?,radio,Yes,All Other App Types,false,3
484,answer__is_the_app_a_web_browser_or_search_engine_15f398d7__inactive,answer__is_the_app_a_web_browser_or_search_engine_15f398d7,radio,is_the_app_a_web_browser_or_search_engine_15f398d7,Is the app a web browser or search engine?,radio,__INACTIVE__,All Other App Types,true,0
485,answer__is_the_app_a_web_browser_or_search_engine_15f398d7__not_applicable,answer__is_the_app_a_web_browser_or_search_engine_15f398d7,radio,is_the_app_a_web_browser_or_search_engine_15f398d7,Is the app a web browser or search engine?,radio,__NOT_APPLICABLE__,All Other App Types,true,416
486,answer__is_the_app_primarily_a_news_or_educational_product_44733801__no,answer__is_the_app_primarily_a_news_or_educational_product_44733801,radio,is_the_app_primarily_a_news_or_educational_product_44733801,Is the app primarily a news or educational product?,radio,No,All Other App Types,false,390
487,answer__is_the_app_primarily_a_news_or_educational_product_44733801__yes,answer__is_the_app_primarily_a_news_or_educational_product_44733801,radio,is_the_app_primarily_a_news_or_educational_product_44733801,Is the app primarily a news or educational product?,radio,Yes,All Other App Types,false,4
488,answer__is_the_app_primarily_a_news_or_educational_product_44733801__inactive,answer__is_the_app_primarily_a_news_or_educational_product_44733801,radio,is_the_app_primarily_a_news_or_educational_product_44733801,Is the app primarily a news or educational product?,radio,__INACTIVE__,All Other App Types,true,0
489,answer__is_the_app_primarily_a_news_or_educational_product_44733801__not_applicable,answer__is_the_app_primarily_a_news_or_educational_product_44733801,radio,is_the_app_primarily_a_news_or_educational_product_44733801,Is the app primarily a news or educational product?,radio,__NOT_APPLICABLE__,All Other App Types,true,416
490,answer__is_the_issuance_of_these_digital_assets_a_significant_or_60d212c2__no,answer__is_the_issuance_of_these_digital_assets_a_significant_or_60d212c2,radio,is_the_issuance_of_these_digital_assets_a_significant_or_60d212c2,Is the issuance of these digital assets a significant or promoted aspect of the product?,radio,No,All Other App Types || Game,false,27
491,answer__is_the_issuance_of_these_digital_assets_a_significant_or_60d212c2__yes,answer__is_the_issuance_of_these_digital_assets_a_significant_or_60d212c2,radio,is_the_issuance_of_these_digital_assets_a_significant_or_60d212c2,Is the issuance of these digital assets a significant or promoted aspect of the product?,radio,Yes,All Other App Types || Game,false,6
492,answer__is_the_issuance_of_these_digital_assets_a_significant_or_60d212c2__inactive,answer__is_the_issuance_of_these_digital_assets_a_significant_or_60d212c2,radio,is_the_issuance_of_these_digital_assets_a_significant_or_60d212c2,Is the issuance of these digital assets a significant or promoted aspect of the product?,radio,__INACTIVE__,All Other App Types || Game,true,767
493,answer__is_the_issuance_of_these_digital_assets_a_significant_or_60d212c2__not_applicable,answer__is_the_issuance_of_these_digital_assets_a_significant_or_60d212c2,radio,is_the_issuance_of_these_digital_assets_a_significant_or_60d212c2,Is the issuance of these digital assets a significant or promoted aspect of the product?,radio,__NOT_APPLICABLE__,All Other App Types || Game,true,10
494,answer__is_the_use_of_illegal_or_recreational_drugs_interactive_0bbcd975__no,answer__is_the_use_of_illegal_or_recreational_drugs_interactive_0bbcd975,radio,is_the_use_of_illegal_or_recreational_drugs_interactive_0bbcd975,Is the use of illegal or recreational drugs interactive?,radio,No,All Other App Types || Game,false,18
495,answer__is_the_use_of_illegal_or_recreational_drugs_interactive_0bbcd975__yes,answer__is_the_use_of_illegal_or_recreational_drugs_interactive_0bbcd975,radio,is_the_use_of_illegal_or_recreational_drugs_interactive_0bbcd975,Is the use of illegal or recreational drugs interactive?,radio,Yes,All Other App Types || Game,false,16
496,answer__is_the_use_of_illegal_or_recreational_drugs_interactive_0bbcd975__inactive,answer__is_the_use_of_illegal_or_recreational_drugs_interactive_0bbcd975,radio,is_the_use_of_illegal_or_recreational_drugs_interactive_0bbcd975,Is the use of illegal or recreational drugs interactive?,radio,__INACTIVE__,All Other App Types || Game,true,766
497,answer__is_the_use_of_illegal_or_recreational_drugs_interactive_0bbcd975__not_applicable,answer__is_the_use_of_illegal_or_recreational_drugs_interactive_0bbcd975,radio,is_the_use_of_illegal_or_recreational_drugs_interactive_0bbcd975,Is the use of illegal or recreational drugs interactive?,radio,__NOT_APPLICABLE__,All Other App Types || Game,true,10
498,answer__is_the_use_of_illegal_or_recreational_drugs_related_to_i_368c1654__no,answer__is_the_use_of_illegal_or_recreational_drugs_related_to_i_368c1654,radio,is_the_use_of_illegal_or_recreational_drugs_related_to_i_368c1654,Is the use of illegal or recreational drugs related to incentives or rewards?,radio,No,All Other App Types || Game,false,24
499,answer__is_the_use_of_illegal_or_recreational_drugs_related_to_i_368c1654__yes,answer__is_the_use_of_illegal_or_recreational_drugs_related_to_i_368c1654,radio,is_the_use_of_illegal_or_recreational_drugs_related_to_i_368c1654,Is the use of illegal or recreational drugs related to incentives or rewards?,radio,Yes,All Other App Types || Game,false,10
500,answer__is_the_use_of_illegal_or_recreational_drugs_related_to_i_368c1654__inactive,answer__is_the_use_of_illegal_or_recreational_drugs_related_to_i_368c1654,radio,is_the_use_of_illegal_or_recreational_drugs_related_to_i_368c1654,Is the use of illegal or recreational drugs related to incentives or rewards?,radio,__INACTIVE__,All Other App Types || Game,true,766
501,answer__is_the_use_of_illegal_or_recreational_drugs_related_to_i_368c1654__not_applicable,answer__is_the_use_of_illegal_or_recreational_drugs_related_to_i_368c1654,radio,is_the_use_of_illegal_or_recreational_drugs_related_to_i_368c1654,Is the use of illegal or recreational drugs related to incentives or rewards?,radio,__NOT_APPLICABLE__,All Other App Types || Game,true,10
502,answer__is_there_an_intense_and_unrelenting_sense_of_imminent_th_91f93ed6__no,answer__is_there_an_intense_and_unrelenting_sense_of_imminent_th_91f93ed6,radio,is_there_an_intense_and_unrelenting_sense_of_imminent_th_91f93ed6,Is there an intense and unrelenting sense of imminent threat?,radio,No,All Other App Types || Game,false,16
503,answer__is_there_an_intense_and_unrelenting_sense_of_imminent_th_91f93ed6__yes,answer__is_there_an_intense_and_unrelenting_sense_of_imminent_th_91f93ed6,radio,is_there_an_intense_and_unrelenting_sense_of_imminent_th_91f93ed6,Is there an intense and unrelenting sense of imminent threat?,radio,Yes,All Other App Types || Game,false,10
504,answer__is_there_an_intense_and_unrelenting_sense_of_imminent_th_91f93ed6__inactive,answer__is_there_an_intense_and_unrelenting_sense_of_imminent_th_91f93ed6,radio,is_there_an_intense_and_unrelenting_sense_of_imminent_th_91f93ed6,Is there an intense and unrelenting sense of imminent threat?,radio,__INACTIVE__,All Other App Types || Game,true,774
505,answer__is_there_an_intense_and_unrelenting_sense_of_imminent_th_91f93ed6__not_applicable,answer__is_there_an_intense_and_unrelenting_sense_of_imminent_th_91f93ed6,radio,is_there_an_intense_and_unrelenting_sense_of_imminent_th_91f93ed6,Is there an intense and unrelenting sense of imminent threat?,radio,__NOT_APPLICABLE__,All Other App Types || Game,true,10
506,answer__is_this_content_the_focus_of_the_app_01edd6fa__no,answer__is_this_content_the_focus_of_the_app_01edd6fa,radio,is_this_content_the_focus_of_the_app_01edd6fa,Is this content the focus of the app?,radio,No,All Other App Types,false,27
507,answer__is_this_content_the_focus_of_the_app_01edd6fa__yes,answer__is_this_content_the_focus_of_the_app_01edd6fa,radio,is_this_content_the_focus_of_the_app_01edd6fa,Is this content the focus of the app?,radio,Yes,All Other App Types,false,3
508,answer__is_this_content_the_focus_of_the_app_01edd6fa__inactive,answer__is_this_content_the_focus_of_the_app_01edd6fa,radio,is_this_content_the_focus_of_the_app_01edd6fa,Is this content the focus of the app?,radio,__INACTIVE__,All Other App Types,true,364
509,answer__is_this_content_the_focus_of_the_app_01edd6fa__not_applicable,answer__is_this_content_the_focus_of_the_app_01edd6fa,radio,is_this_content_the_focus_of_the_app_01edd6fa,Is this content the focus of the app?,radio,__NOT_APPLICABLE__,All Other App Types,true,416
510,answer__is_this_the_primary_focus_of_the_app_abad8299__no,answer__is_this_the_primary_focus_of_the_app_abad8299,radio,is_this_the_primary_focus_of_the_app_abad8299,Is this the primary focus of the app?,radio,No,All Other App Types || Social or Communication,false,11
511,answer__is_this_the_primary_focus_of_the_app_abad8299__yes,answer__is_this_the_primary_focus_of_the_app_abad8299,radio,is_this_the_primary_focus_of_the_app_abad8299,Is this the primary focus of the app?,radio,Yes,All Other App Types || Social or Communication,false,3
512,answer__is_this_the_primary_focus_of_the_app_abad8299__inactive,answer__is_this_the_primary_focus_of_the_app_abad8299,radio,is_this_the_primary_focus_of_the_app_abad8299,Is this the primary focus of the app?,radio,__INACTIVE__,All Other App Types || Social or Communication,true,390
513,answer__is_this_the_primary_focus_of_the_app_abad8299__not_applicable,answer__is_this_the_primary_focus_of_the_app_abad8299,radio,is_this_the_primary_focus_of_the_app_abad8299,Is this the primary focus of the app?,radio,__NOT_APPLICABLE__,All Other App Types || Social or Communication,true,406
514,answer__what_best_describes_this_type_of_blood_in_the_app_270691dd__large_or_frequent,answer__what_best_describes_this_type_of_blood_in_the_app_270691dd,radio,what_best_describes_this_type_of_blood_in_the_app_270691dd,What best describes this type of blood in the app:,radio,Large or frequent,All Other App Types,false,2
515,answer__what_best_describes_this_type_of_blood_in_the_app_270691dd__small_and_infrequent,answer__what_best_describes_this_type_of_blood_in_the_app_270691dd,radio,what_best_describes_this_type_of_blood_in_the_app_270691dd,What best describes this type of blood in the app:,radio,Small and infrequent,All Other App Types,false,3
516,answer__what_best_describes_this_type_of_blood_in_the_app_270691dd__inactive,answer__what_best_describes_this_type_of_blood_in_the_app_270691dd,radio,what_best_describes_this_type_of_blood_in_the_app_270691dd,What best describes this type of blood in the app:,radio,__INACTIVE__,All Other App Types,true,389
517,answer__what_best_describes_this_type_of_blood_in_the_app_270691dd__not_applicable,answer__what_best_describes_this_type_of_blood_in_the_app_270691dd,radio,what_best_describes_this_type_of_blood_in_the_app_270691dd,What best describes this type of blood in the app:,radio,__NOT_APPLICABLE__,All Other App Types,true,416
518,answer__what_best_describes_this_type_of_blood_in_the_game_7ee8e188__large_or_frequent,answer__what_best_describes_this_type_of_blood_in_the_game_7ee8e188,radio,what_best_describes_this_type_of_blood_in_the_game_7ee8e188,What best describes this type of blood in the game:,radio,Large or frequent,Game,false,4
519,answer__what_best_describes_this_type_of_blood_in_the_game_7ee8e188__small_and_infrequent,answer__what_best_describes_this_type_of_blood_in_the_game_7ee8e188,radio,what_best_describes_this_type_of_blood_in_the_game_7ee8e188,What best describes this type of blood in the game:,radio,Small and infrequent,Game,false,7
520,answer__what_best_describes_this_type_of_blood_in_the_game_7ee8e188__inactive,answer__what_best_describes_this_type_of_blood_in_the_game_7ee8e188,radio,what_best_describes_this_type_of_blood_in_the_game_7ee8e188,What best describes this type of blood in the game:,radio,__INACTIVE__,Game,true,395
521,answer__what_best_describes_this_type_of_blood_in_the_game_7ee8e188__not_applicable,answer__what_best_describes_this_type_of_blood_in_the_game_7ee8e188,radio,what_best_describes_this_type_of_blood_in_the_game_7ee8e188,What best describes this type of blood in the game:,radio,__NOT_APPLICABLE__,Game,true,404
522,answer__what_is_the_duration_of_these_scenes_ebc5ddb7__brief,answer__what_is_the_duration_of_these_scenes_ebc5ddb7,radio,what_is_the_duration_of_these_scenes_ebc5ddb7,What is the duration of these scenes?,radio,Brief,All Other App Types || Game,false,46
523,answer__what_is_the_duration_of_these_scenes_ebc5ddb7__prolonged,answer__what_is_the_duration_of_these_scenes_ebc5ddb7,radio,what_is_the_duration_of_these_scenes_ebc5ddb7,What is the duration of these scenes?,radio,Prolonged,All Other App Types || Game,false,9
524,answer__what_is_the_duration_of_these_scenes_ebc5ddb7__inactive,answer__what_is_the_duration_of_these_scenes_ebc5ddb7,radio,what_is_the_duration_of_these_scenes_ebc5ddb7,What is the duration of these scenes?,radio,__INACTIVE__,All Other App Types || Game,true,745
525,answer__what_is_the_duration_of_these_scenes_ebc5ddb7__not_applicable,answer__what_is_the_duration_of_these_scenes_ebc5ddb7,radio,what_is_the_duration_of_these_scenes_ebc5ddb7,What is the duration of these scenes?,radio,__NOT_APPLICABLE__,All Other App Types || Game,true,10
526,answer__what_is_the_level_of_blood_and_or_gore_associated_with_t_11d6d7cc__high,answer__what_is_the_level_of_blood_and_or_gore_associated_with_t_11d6d7cc,radio,what_is_the_level_of_blood_and_or_gore_associated_with_t_11d6d7cc,What is the level of blood and/or gore associated with this violence?,radio,High,All Other App Types || Game,false,5
527,answer__what_is_the_level_of_blood_and_or_gore_associated_with_t_11d6d7cc__mild_limited,answer__what_is_the_level_of_blood_and_or_gore_associated_with_t_11d6d7cc,radio,what_is_the_level_of_blood_and_or_gore_associated_with_t_11d6d7cc,What is the level of blood and/or gore associated with this violence?,radio,Mild/Limited,All Other App Types || Game,false,7
528,answer__what_is_the_level_of_blood_and_or_gore_associated_with_t_11d6d7cc__moderate,answer__what_is_the_level_of_blood_and_or_gore_associated_with_t_11d6d7cc,radio,what_is_the_level_of_blood_and_or_gore_associated_with_t_11d6d7cc,What is the level of blood and/or gore associated with this violence?,radio,Moderate,All Other App Types || Game,false,9
529,answer__what_is_the_level_of_blood_and_or_gore_associated_with_t_11d6d7cc__none,answer__what_is_the_level_of_blood_and_or_gore_associated_with_t_11d6d7cc,radio,what_is_the_level_of_blood_and_or_gore_associated_with_t_11d6d7cc,What is the level of blood and/or gore associated with this violence?,radio,None,All Other App Types || Game,false,163
530,answer__what_is_the_level_of_blood_and_or_gore_associated_with_t_11d6d7cc__inactive,answer__what_is_the_level_of_blood_and_or_gore_associated_with_t_11d6d7cc,radio,what_is_the_level_of_blood_and_or_gore_associated_with_t_11d6d7cc,What is the level of blood and/or gore associated with this violence?,radio,__INACTIVE__,All Other App Types || Game,true,616
531,answer__what_is_the_level_of_blood_and_or_gore_associated_with_t_11d6d7cc__not_applicable,answer__what_is_the_level_of_blood_and_or_gore_associated_with_t_11d6d7cc,radio,what_is_the_level_of_blood_and_or_gore_associated_with_t_11d6d7cc,What is the level of blood and/or gore associated with this violence?,radio,__NOT_APPLICABLE__,All Other App Types || Game,true,10
532,answer__which_of_the_following_would_best_describe_the_app_6d1d2d7d__communication_used_to_communicate_with_people_already_known_to_the_user_in_one_on_one_or_small_group_conversations_skype_sms_and_gmail_are_examples_of_these_types_of_products,answer__which_of_the_following_would_best_describe_the_app_6d1d2d7d,radio,which_of_the_following_would_best_describe_the_app_6d1d2d7d,Which of the following would best describe the app?,radio,"Communication - used to communicate with people already known to the user in one-on-one or small group conversations. Skype, SMS, and Gmail are examples of these types of products.",Social or Communication,false,2
533,answer__which_of_the_following_would_best_describe_the_app_6d1d2d7d__social_used_to_communicate_post_and_share_content_with_large_groups_of_people_or_for_meeting_new_people_facebook_twitter_instagram_tinder_are_examples_of_these_types_of_products,answer__which_of_the_following_would_best_describe_the_app_6d1d2d7d,radio,which_of_the_following_would_best_describe_the_app_6d1d2d7d,Which of the following would best describe the app?,radio,"Social - used to communicate, post, and share content with large groups of people or for meeting new people. Facebook, Twitter, Instagram, Tinder are examples of these types of products.",Social or Communication,false,8
534,answer__which_of_the_following_would_best_describe_the_app_6d1d2d7d__inactive,answer__which_of_the_following_would_best_describe_the_app_6d1d2d7d,radio,which_of_the_following_would_best_describe_the_app_6d1d2d7d,Which of the following would best describe the app?,radio,__INACTIVE__,Social or Communication,true,0
535,answer__which_of_the_following_would_best_describe_the_app_6d1d2d7d__not_applicable,answer__which_of_the_following_would_best_describe_the_app_6d1d2d7d,radio,which_of_the_following_would_best_describe_the_app_6d1d2d7d,Which of the following would best describe the app?,radio,__NOT_APPLICABLE__,Social or Communication,true,800
536,answer__alcohol_533c1b5c__encourages_glamorizes,answer__alcohol_533c1b5c,checkbox,alcohol_533c1b5c,Alcohol,checkbox,Encourages/Glamorizes,All Other App Types || Game,false,9
537,answer__alcohol_533c1b5c__reference,answer__alcohol_533c1b5c,checkbox,alcohol_533c1b5c,Alcohol,checkbox,Reference,All Other App Types || Game,false,14
538,answer__alcohol_533c1b5c__use,answer__alcohol_533c1b5c,checkbox,alcohol_533c1b5c,Alcohol,checkbox,Use,All Other App Types || Game,false,20
539,answer__alcohol_533c1b5c__none,answer__alcohol_533c1b5c,checkbox,alcohol_533c1b5c,Alcohol,checkbox,__NONE__,All Other App Types || Game,true,0
540,answer__alcohol_533c1b5c__inactive,answer__alcohol_533c1b5c,checkbox,alcohol_533c1b5c,Alcohol,checkbox,__INACTIVE__,All Other App Types || Game,true,758
541,answer__alcohol_533c1b5c__not_applicable,answer__alcohol_533c1b5c,checkbox,alcohol_533c1b5c,Alcohol,checkbox,__NOT_APPLICABLE__,All Other App Types || Game,true,10
542,answer__fantasy_drugs_0cdae46d__encourages_glamorizes,answer__fantasy_drugs_0cdae46d,checkbox,fantasy_drugs_0cdae46d,Fantasy Drugs,checkbox,Encourages/Glamorizes,All Other App Types || Game,false,10
543,answer__fantasy_drugs_0cdae46d__reference,answer__fantasy_drugs_0cdae46d,checkbox,fantasy_drugs_0cdae46d,Fantasy Drugs,checkbox,Reference,All Other App Types || Game,false,14
544,answer__fantasy_drugs_0cdae46d__use,answer__fantasy_drugs_0cdae46d,checkbox,fantasy_drugs_0cdae46d,Fantasy Drugs,checkbox,Use,All Other App Types || Game,false,6
545,answer__fantasy_drugs_0cdae46d__none,answer__fantasy_drugs_0cdae46d,checkbox,fantasy_drugs_0cdae46d,Fantasy Drugs,checkbox,__NONE__,All Other App Types || Game,true,0
546,answer__fantasy_drugs_0cdae46d__inactive,answer__fantasy_drugs_0cdae46d,checkbox,fantasy_drugs_0cdae46d,Fantasy Drugs,checkbox,__INACTIVE__,All Other App Types || Game,true,770
547,answer__fantasy_drugs_0cdae46d__not_applicable,answer__fantasy_drugs_0cdae46d,checkbox,fantasy_drugs_0cdae46d,Fantasy Drugs,checkbox,__NOT_APPLICABLE__,All Other App Types || Game,true,10
548,answer__how_is_this_violence_presented_in_the_app_12995eb2__implied_but_not_seen,answer__how_is_this_violence_presented_in_the_app_12995eb2,checkbox,how_is_this_violence_presented_in_the_app_12995eb2,How is this violence presented in the app?,checkbox,Implied but not seen,All Other App Types,false,4
549,answer__how_is_this_violence_presented_in_the_app_12995eb2__often_depicted_from_a_close_up_perspective,answer__how_is_this_violence_presented_in_the_app_12995eb2,checkbox,how_is_this_violence_presented_in_the_app_12995eb2,How is this violence presented in the app?,checkbox,Often depicted from a close-up perspective,All Other App Types,false,3
550,answer__how_is_this_violence_presented_in_the_app_12995eb2__often_depicted_from_a_distant_perspective,answer__how_is_this_violence_presented_in_the_app_12995eb2,checkbox,how_is_this_violence_presented_in_the_app_12995eb2,How is this violence presented in the app?,checkbox,Often depicted from a distant perspective,All Other App Types,false,3
551,answer__how_is_this_violence_presented_in_the_app_12995eb2__rarely_depicted_from_a_close_up_perspective,answer__how_is_this_violence_presented_in_the_app_12995eb2,checkbox,how_is_this_violence_presented_in_the_app_12995eb2,How is this violence presented in the app?,checkbox,Rarely depicted from a close-up perspective,All Other App Types,false,4
552,answer__how_is_this_violence_presented_in_the_app_12995eb2__rarely_depicted_from_a_distant_perspective,answer__how_is_this_violence_presented_in_the_app_12995eb2,checkbox,how_is_this_violence_presented_in_the_app_12995eb2,How is this violence presented in the app?,checkbox,Rarely depicted from a distant perspective,All Other App Types,false,3
553,answer__how_is_this_violence_presented_in_the_app_12995eb2__referred_to,answer__how_is_this_violence_presented_in_the_app_12995eb2,checkbox,how_is_this_violence_presented_in_the_app_12995eb2,How is this violence presented in the app?,checkbox,Referred to,All Other App Types,false,28
554,answer__how_is_this_violence_presented_in_the_app_12995eb2__none,answer__how_is_this_violence_presented_in_the_app_12995eb2,checkbox,how_is_this_violence_presented_in_the_app_12995eb2,How is this violence presented in the app?,checkbox,__NONE__,All Other App Types,true,0
555,answer__how_is_this_violence_presented_in_the_app_12995eb2__inactive,answer__how_is_this_violence_presented_in_the_app_12995eb2,checkbox,how_is_this_violence_presented_in_the_app_12995eb2,How is this violence presented in the app?,checkbox,__INACTIVE__,All Other App Types,true,349
556,answer__how_is_this_violence_presented_in_the_app_12995eb2__not_applicable,answer__how_is_this_violence_presented_in_the_app_12995eb2,checkbox,how_is_this_violence_presented_in_the_app_12995eb2,How is this violence presented in the app?,checkbox,__NOT_APPLICABLE__,All Other App Types,true,416
557,answer__how_is_this_violence_presented_in_the_app_98219979__often_depicted_from_a_close_up_perspective,answer__how_is_this_violence_presented_in_the_app_98219979,checkbox,how_is_this_violence_presented_in_the_app_98219979,How is this violence presented in the app?,checkbox,Often depicted from a close-up perspective,All Other App Types,false,4
558,answer__how_is_this_violence_presented_in_the_app_98219979__often_depicted_from_a_distant_perspective,answer__how_is_this_violence_presented_in_the_app_98219979,checkbox,how_is_this_violence_presented_in_the_app_98219979,How is this violence presented in the app?,checkbox,Often depicted from a distant perspective,All Other App Types,false,4
559,answer__how_is_this_violence_presented_in_the_app_98219979__rarely_depicted_from_a_close_up_perspective,answer__how_is_this_violence_presented_in_the_app_98219979,checkbox,how_is_this_violence_presented_in_the_app_98219979,How is this violence presented in the app?,checkbox,Rarely depicted from a close-up perspective,All Other App Types,false,4
560,answer__how_is_this_violence_presented_in_the_app_98219979__rarely_depicted_from_a_distant_perspective,answer__how_is_this_violence_presented_in_the_app_98219979,checkbox,how_is_this_violence_presented_in_the_app_98219979,How is this violence presented in the app?,checkbox,Rarely depicted from a distant perspective,All Other App Types,false,5
561,answer__how_is_this_violence_presented_in_the_app_98219979__referred_to,answer__how_is_this_violence_presented_in_the_app_98219979,checkbox,how_is_this_violence_presented_in_the_app_98219979,How is this violence presented in the app?,checkbox,Referred to,All Other App Types,false,14
562,answer__how_is_this_violence_presented_in_the_app_98219979__none,answer__how_is_this_violence_presented_in_the_app_98219979,checkbox,how_is_this_violence_presented_in_the_app_98219979,How is this violence presented in the app?,checkbox,__NONE__,All Other App Types,true,0
563,answer__how_is_this_violence_presented_in_the_app_98219979__inactive,answer__how_is_this_violence_presented_in_the_app_98219979,checkbox,how_is_this_violence_presented_in_the_app_98219979,How is this violence presented in the app?,checkbox,__INACTIVE__,All Other App Types,true,364
564,answer__how_is_this_violence_presented_in_the_app_98219979__not_applicable,answer__how_is_this_violence_presented_in_the_app_98219979,checkbox,how_is_this_violence_presented_in_the_app_98219979,How is this violence presented in the app?,checkbox,__NOT_APPLICABLE__,All Other App Types,true,416
565,answer__how_is_this_violence_presented_in_the_game_0a118a0a__often_depicted_from_a_close_up_perspective,answer__how_is_this_violence_presented_in_the_game_0a118a0a,checkbox,how_is_this_violence_presented_in_the_game_0a118a0a,How is this violence presented in the game?,checkbox,Often depicted from a close-up perspective,Game,false,6
566,answer__how_is_this_violence_presented_in_the_game_0a118a0a__often_depicted_from_a_distant_perspective,answer__how_is_this_violence_presented_in_the_game_0a118a0a,checkbox,how_is_this_violence_presented_in_the_game_0a118a0a,How is this violence presented in the game?,checkbox,Often depicted from a distant perspective,Game,false,7
567,answer__how_is_this_violence_presented_in_the_game_0a118a0a__rarely_depicted_from_a_close_up_perspective,answer__how_is_this_violence_presented_in_the_game_0a118a0a,checkbox,how_is_this_violence_presented_in_the_game_0a118a0a,How is this violence presented in the game?,checkbox,Rarely depicted from a close-up perspective,Game,false,4
568,answer__how_is_this_violence_presented_in_the_game_0a118a0a__rarely_depicted_from_a_distant_perspective,answer__how_is_this_violence_presented_in_the_game_0a118a0a,checkbox,how_is_this_violence_presented_in_the_game_0a118a0a,How is this violence presented in the game?,checkbox,Rarely depicted from a distant perspective,Game,false,3
569,answer__how_is_this_violence_presented_in_the_game_0a118a0a__referred_to,answer__how_is_this_violence_presented_in_the_game_0a118a0a,checkbox,how_is_this_violence_presented_in_the_game_0a118a0a,How is this violence presented in the game?,checkbox,Referred to,Game,false,16
570,answer__how_is_this_violence_presented_in_the_game_0a118a0a__none,answer__how_is_this_violence_presented_in_the_game_0a118a0a,checkbox,how_is_this_violence_presented_in_the_game_0a118a0a,How is this violence presented in the game?,checkbox,__NONE__,Game,true,0
571,answer__how_is_this_violence_presented_in_the_game_0a118a0a__inactive,answer__how_is_this_violence_presented_in_the_game_0a118a0a,checkbox,how_is_this_violence_presented_in_the_game_0a118a0a,How is this violence presented in the game?,checkbox,__INACTIVE__,Game,true,373
572,answer__how_is_this_violence_presented_in_the_game_0a118a0a__not_applicable,answer__how_is_this_violence_presented_in_the_game_0a118a0a,checkbox,how_is_this_violence_presented_in_the_game_0a118a0a,How is this violence presented in the game?,checkbox,__NOT_APPLICABLE__,Game,true,404
573,answer__how_is_this_violence_presented_in_the_game_d6f09ae3__implied_but_not_seen,answer__how_is_this_violence_presented_in_the_game_d6f09ae3,checkbox,how_is_this_violence_presented_in_the_game_d6f09ae3,How is this violence presented in the game?,checkbox,Implied but not seen,Game,false,2
574,answer__how_is_this_violence_presented_in_the_game_d6f09ae3__often_depicted_from_a_close_up_perspective,answer__how_is_this_violence_presented_in_the_game_d6f09ae3,checkbox,how_is_this_violence_presented_in_the_game_d6f09ae3,How is this violence presented in the game?,checkbox,Often depicted from a close-up perspective,Game,false,5
575,answer__how_is_this_violence_presented_in_the_game_d6f09ae3__often_depicted_from_a_distant_perspective,answer__how_is_this_violence_presented_in_the_game_d6f09ae3,checkbox,how_is_this_violence_presented_in_the_game_d6f09ae3,How is this violence presented in the game?,checkbox,Often depicted from a distant perspective,Game,false,10
576,answer__how_is_this_violence_presented_in_the_game_d6f09ae3__rarely_depicted_from_a_close_up_perspective,answer__how_is_this_violence_presented_in_the_game_d6f09ae3,checkbox,how_is_this_violence_presented_in_the_game_d6f09ae3,How is this violence presented in the game?,checkbox,Rarely depicted from a close-up perspective,Game,false,5
577,answer__how_is_this_violence_presented_in_the_game_d6f09ae3__rarely_depicted_from_a_distant_perspective,answer__how_is_this_violence_presented_in_the_game_d6f09ae3,checkbox,how_is_this_violence_presented_in_the_game_d6f09ae3,How is this violence presented in the game?,checkbox,Rarely depicted from a distant perspective,Game,false,7
578,answer__how_is_this_violence_presented_in_the_game_d6f09ae3__referred_to,answer__how_is_this_violence_presented_in_the_game_d6f09ae3,checkbox,how_is_this_violence_presented_in_the_game_d6f09ae3,How is this violence presented in the game?,checkbox,Referred to,Game,false,48
579,answer__how_is_this_violence_presented_in_the_game_d6f09ae3__none,answer__how_is_this_violence_presented_in_the_game_d6f09ae3,checkbox,how_is_this_violence_presented_in_the_game_d6f09ae3,How is this violence presented in the game?,checkbox,__NONE__,Game,true,0
580,answer__how_is_this_violence_presented_in_the_game_d6f09ae3__inactive,answer__how_is_this_violence_presented_in_the_game_d6f09ae3,checkbox,how_is_this_violence_presented_in_the_game_d6f09ae3,How is this violence presented in the game?,checkbox,__INACTIVE__,Game,true,330
581,answer__how_is_this_violence_presented_in_the_game_d6f09ae3__not_applicable,answer__how_is_this_violence_presented_in_the_game_d6f09ae3,checkbox,how_is_this_violence_presented_in_the_game_d6f09ae3,How is this violence presented in the game?,checkbox,__NOT_APPLICABLE__,Game,true,404
582,answer__how_would_you_describe_the_depiction_of_these_scenes_ple_091615b8__obscured_innuendo_sex_act_is_either_entirely_off_camera_or_completely_blocked_from_view,answer__how_would_you_describe_the_depiction_of_these_scenes_ple_091615b8,checkbox,how_would_you_describe_the_depiction_of_these_scenes_ple_091615b8,How would you describe the depiction of these scenes? Please check all that apply.,checkbox,Obscured/Innuendo - Sex act is either entirely off-camera or completely blocked from view,All Other App Types || Game,false,31
583,answer__how_would_you_describe_the_depiction_of_these_scenes_ple_091615b8__shown_with_full_frontal_nudity,answer__how_would_you_describe_the_depiction_of_these_scenes_ple_091615b8,checkbox,how_would_you_describe_the_depiction_of_these_scenes_ple_091615b8,How would you describe the depiction of these scenes? Please check all that apply.,checkbox,Shown with Full Frontal Nudity,All Other App Types || Game,false,12
584,answer__how_would_you_describe_the_depiction_of_these_scenes_ple_091615b8__shown_with_no_nudity_characters_are_depicted_in_a_sexual_act_but_no_nudity_is_shown,answer__how_would_you_describe_the_depiction_of_these_scenes_ple_091615b8,checkbox,how_would_you_describe_the_depiction_of_these_scenes_ple_091615b8,How would you describe the depiction of these scenes? Please check all that apply.,checkbox,Shown with No Nudity - Characters are depicted in a sexual act but no nudity is shown,All Other App Types || Game,false,5
585,answer__how_would_you_describe_the_depiction_of_these_scenes_ple_091615b8__shown_with_partial_nudity_breasts_buttocks,answer__how_would_you_describe_the_depiction_of_these_scenes_ple_091615b8,checkbox,how_would_you_describe_the_depiction_of_these_scenes_ple_091615b8,How would you describe the depiction of these scenes? Please check all that apply.,checkbox,"Shown with Partial Nudity - Breasts, Buttocks",All Other App Types || Game,false,9
586,answer__how_would_you_describe_the_depiction_of_these_scenes_ple_091615b8__none,answer__how_would_you_describe_the_depiction_of_these_scenes_ple_091615b8,checkbox,how_would_you_describe_the_depiction_of_these_scenes_ple_091615b8,How would you describe the depiction of these scenes? Please check all that apply.,checkbox,__NONE__,All Other App Types || Game,true,0
587,answer__how_would_you_describe_the_depiction_of_these_scenes_ple_091615b8__inactive,answer__how_would_you_describe_the_depiction_of_these_scenes_ple_091615b8,checkbox,how_would_you_describe_the_depiction_of_these_scenes_ple_091615b8,How would you describe the depiction of these scenes? Please check all that apply.,checkbox,__INACTIVE__,All Other App Types || Game,true,745
588,answer__how_would_you_describe_the_depiction_of_these_scenes_ple_091615b8__not_applicable,answer__how_would_you_describe_the_depiction_of_these_scenes_ple_091615b8,checkbox,how_would_you_describe_the_depiction_of_these_scenes_ple_091615b8,How would you describe the depiction of these scenes? Please check all that apply.,checkbox,__NOT_APPLICABLE__,All Other App Types || Game,true,10
589,answer__how_would_you_describe_the_suggestive_sexual_themes_cont_945c7ef1__overtly_sexual_situations_or_visually_depicted_innuendo,answer__how_would_you_describe_the_suggestive_sexual_themes_cont_945c7ef1,checkbox,how_would_you_describe_the_suggestive_sexual_themes_cont_945c7ef1,How would you describe the suggestive/sexual themes contained in the game? Please check all that apply.,checkbox,Overtly sexual situations or visually depicted innuendo,Game,false,5
590,answer__how_would_you_describe_the_suggestive_sexual_themes_cont_945c7ef1__references_to_sexual_activity_with_descriptive_detail,answer__how_would_you_describe_the_suggestive_sexual_themes_cont_945c7ef1,checkbox,how_would_you_describe_the_suggestive_sexual_themes_cont_945c7ef1,How would you describe the suggestive/sexual themes contained in the game? Please check all that apply.,checkbox,References to sexual activity with descriptive detail,Game,false,3
591,answer__how_would_you_describe_the_suggestive_sexual_themes_cont_945c7ef1__references_to_sexual_activity_without_descriptive_detail,answer__how_would_you_describe_the_suggestive_sexual_themes_cont_945c7ef1,checkbox,how_would_you_describe_the_suggestive_sexual_themes_cont_945c7ef1,How would you describe the suggestive/sexual themes contained in the game? Please check all that apply.,checkbox,References to sexual activity without descriptive detail,Game,false,5
592,answer__how_would_you_describe_the_suggestive_sexual_themes_cont_945c7ef1__sexual_situations_involving_those_who_appear_to_be_under_18,answer__how_would_you_describe_the_suggestive_sexual_themes_cont_945c7ef1,checkbox,how_would_you_describe_the_suggestive_sexual_themes_cont_945c7ef1,How would you describe the suggestive/sexual themes contained in the game? Please check all that apply.,checkbox,Sexual situations involving those who appear to be under 18,Game,false,6
593,answer__how_would_you_describe_the_suggestive_sexual_themes_cont_945c7ef1__suggestive_references_and_innuendo_in_text_dialogue_or_heard,answer__how_would_you_describe_the_suggestive_sexual_themes_cont_945c7ef1,checkbox,how_would_you_describe_the_suggestive_sexual_themes_cont_945c7ef1,How would you describe the suggestive/sexual themes contained in the game? Please check all that apply.,checkbox,"Suggestive references and innuendo in text, dialogue, or heard",Game,false,5
594,answer__how_would_you_describe_the_suggestive_sexual_themes_cont_945c7ef1__none,answer__how_would_you_describe_the_suggestive_sexual_themes_cont_945c7ef1,checkbox,how_would_you_describe_the_suggestive_sexual_themes_cont_945c7ef1,How would you describe the suggestive/sexual themes contained in the game? Please check all that apply.,checkbox,__NONE__,Game,true,0
595,answer__how_would_you_describe_the_suggestive_sexual_themes_cont_945c7ef1__inactive,answer__how_would_you_describe_the_suggestive_sexual_themes_cont_945c7ef1,checkbox,how_would_you_describe_the_suggestive_sexual_themes_cont_945c7ef1,How would you describe the suggestive/sexual themes contained in the game? Please check all that apply.,checkbox,__INACTIVE__,Game,true,383
596,answer__how_would_you_describe_the_suggestive_sexual_themes_cont_945c7ef1__not_applicable,answer__how_would_you_describe_the_suggestive_sexual_themes_cont_945c7ef1,checkbox,how_would_you_describe_the_suggestive_sexual_themes_cont_945c7ef1,How would you describe the suggestive/sexual themes contained in the game? Please check all that apply.,checkbox,__NOT_APPLICABLE__,Game,true,404
597,answer__how_would_you_describe_the_suggestive_sexual_themes_cont_e3783b5e__overtly_sexual_situations_or_visually_depicted_innuendo,answer__how_would_you_describe_the_suggestive_sexual_themes_cont_e3783b5e,checkbox,how_would_you_describe_the_suggestive_sexual_themes_cont_e3783b5e,How would you describe the suggestive/sexual themes contained in the app? Please check all that apply.,checkbox,Overtly sexual situations or visually depicted innuendo,All Other App Types,false,3
598,answer__how_would_you_describe_the_suggestive_sexual_themes_cont_e3783b5e__references_to_sexual_activity_with_descriptive_detail,answer__how_would_you_describe_the_suggestive_sexual_themes_cont_e3783b5e,checkbox,how_would_you_describe_the_suggestive_sexual_themes_cont_e3783b5e,How would you describe the suggestive/sexual themes contained in the app? Please check all that apply.,checkbox,References to sexual activity with descriptive detail,All Other App Types,false,5
599,answer__how_would_you_describe_the_suggestive_sexual_themes_cont_e3783b5e__references_to_sexual_activity_without_descriptive_detail,answer__how_would_you_describe_the_suggestive_sexual_themes_cont_e3783b5e,checkbox,how_would_you_describe_the_suggestive_sexual_themes_cont_e3783b5e,How would you describe the suggestive/sexual themes contained in the app? Please check all that apply.,checkbox,References to sexual activity without descriptive detail,All Other App Types,false,3
600,answer__how_would_you_describe_the_suggestive_sexual_themes_cont_e3783b5e__sexual_situations_involving_those_who_appear_to_be_under_18,answer__how_would_you_describe_the_suggestive_sexual_themes_cont_e3783b5e,checkbox,how_would_you_describe_the_suggestive_sexual_themes_cont_e3783b5e,How would you describe the suggestive/sexual themes contained in the app? Please check all that apply.,checkbox,Sexual situations involving those who appear to be under 18,All Other App Types,false,3
601,answer__how_would_you_describe_the_suggestive_sexual_themes_cont_e3783b5e__suggestive_references_and_innuendo_in_text_dialogue_or_heard,answer__how_would_you_describe_the_suggestive_sexual_themes_cont_e3783b5e,checkbox,how_would_you_describe_the_suggestive_sexual_themes_cont_e3783b5e,How would you describe the suggestive/sexual themes contained in the app? Please check all that apply.,checkbox,"Suggestive references and innuendo in text, dialogue, or heard",All Other App Types,false,3
602,answer__how_would_you_describe_the_suggestive_sexual_themes_cont_e3783b5e__none,answer__how_would_you_describe_the_suggestive_sexual_themes_cont_e3783b5e,checkbox,how_would_you_describe_the_suggestive_sexual_themes_cont_e3783b5e,How would you describe the suggestive/sexual themes contained in the app? Please check all that apply.,checkbox,__NONE__,All Other App Types,true,0
603,answer__how_would_you_describe_the_suggestive_sexual_themes_cont_e3783b5e__inactive,answer__how_would_you_describe_the_suggestive_sexual_themes_cont_e3783b5e,checkbox,how_would_you_describe_the_suggestive_sexual_themes_cont_e3783b5e,How would you describe the suggestive/sexual themes contained in the app? Please check all that apply.,checkbox,__INACTIVE__,All Other App Types,true,378
604,answer__how_would_you_describe_the_suggestive_sexual_themes_cont_e3783b5e__not_applicable,answer__how_would_you_describe_the_suggestive_sexual_themes_cont_e3783b5e,checkbox,how_would_you_describe_the_suggestive_sexual_themes_cont_e3783b5e,How would you describe the suggestive/sexual themes contained in the app? Please check all that apply.,checkbox,__NOT_APPLICABLE__,All Other App Types,true,416
605,answer__illegal_or_recreational_drugs_ba0c1239__detailed_instruction_for_use,answer__illegal_or_recreational_drugs_ba0c1239,checkbox,illegal_or_recreational_drugs_ba0c1239,Illegal or Recreational Drugs,checkbox,Detailed Instruction for Use,All Other App Types || Game,false,18
606,answer__illegal_or_recreational_drugs_ba0c1239__encourages_glamorizes,answer__illegal_or_recreational_drugs_ba0c1239,checkbox,illegal_or_recreational_drugs_ba0c1239,Illegal or Recreational Drugs,checkbox,Encourages/Glamorizes,All Other App Types || Game,false,19
607,answer__illegal_or_recreational_drugs_ba0c1239__reference,answer__illegal_or_recreational_drugs_ba0c1239,checkbox,illegal_or_recreational_drugs_ba0c1239,Illegal or Recreational Drugs,checkbox,Reference,All Other App Types || Game,false,11
608,answer__illegal_or_recreational_drugs_ba0c1239__use,answer__illegal_or_recreational_drugs_ba0c1239,checkbox,illegal_or_recreational_drugs_ba0c1239,Illegal or Recreational Drugs,checkbox,Use,All Other App Types || Game,false,34
609,answer__illegal_or_recreational_drugs_ba0c1239__none,answer__illegal_or_recreational_drugs_ba0c1239,checkbox,illegal_or_recreational_drugs_ba0c1239,Illegal or Recreational Drugs,checkbox,__NONE__,All Other App Types || Game,true,0
610,answer__illegal_or_recreational_drugs_ba0c1239__inactive,answer__illegal_or_recreational_drugs_ba0c1239,checkbox,illegal_or_recreational_drugs_ba0c1239,Illegal or Recreational Drugs,checkbox,__INACTIVE__,All Other App Types || Game,true,721
611,answer__illegal_or_recreational_drugs_ba0c1239__not_applicable,answer__illegal_or_recreational_drugs_ba0c1239,checkbox,illegal_or_recreational_drugs_ba0c1239,Illegal or Recreational Drugs,checkbox,__NOT_APPLICABLE__,All Other App Types || Game,true,10
612,answer__medical_drugs_32c6cc3e__encourages_glamorizes,answer__medical_drugs_32c6cc3e,checkbox,medical_drugs_32c6cc3e,Medical Drugs,checkbox,Encourages/Glamorizes,All Other App Types || Game,false,18
613,answer__medical_drugs_32c6cc3e__reference,answer__medical_drugs_32c6cc3e,checkbox,medical_drugs_32c6cc3e,Medical Drugs,checkbox,Reference,All Other App Types || Game,false,16
614,answer__medical_drugs_32c6cc3e__use,answer__medical_drugs_32c6cc3e,checkbox,medical_drugs_32c6cc3e,Medical Drugs,checkbox,Use,All Other App Types || Game,false,11
615,answer__medical_drugs_32c6cc3e__none,answer__medical_drugs_32c6cc3e,checkbox,medical_drugs_32c6cc3e,Medical Drugs,checkbox,__NONE__,All Other App Types || Game,true,0
616,answer__medical_drugs_32c6cc3e__inactive,answer__medical_drugs_32c6cc3e,checkbox,medical_drugs_32c6cc3e,Medical Drugs,checkbox,__INACTIVE__,All Other App Types || Game,true,755
617,answer__medical_drugs_32c6cc3e__not_applicable,answer__medical_drugs_32c6cc3e,checkbox,medical_drugs_32c6cc3e,Medical Drugs,checkbox,__NOT_APPLICABLE__,All Other App Types || Game,true,10
618,answer__please_select_all_that_the_app_includes_18adc531__discriminatory_language_against_race_religion_sex_etc,answer__please_select_all_that_the_app_includes_18adc531,checkbox,please_select_all_that_the_app_includes_18adc531,Please select all that the app includes:,checkbox,"Discriminatory language (against race, religion, sex, etc...)",All Other App Types,false,6
619,answer__please_select_all_that_the_app_includes_18adc531__minor_profanities_e_g_go_to_hell,answer__please_select_all_that_the_app_includes_18adc531,checkbox,please_select_all_that_the_app_includes_18adc531,Please select all that the app includes:,checkbox,"Minor profanities (e.g., ""go to hell"")",All Other App Types,false,5
620,answer__please_select_all_that_the_app_includes_18adc531__moderate_swearing_or_other_language_or_gestures_that_could_be_considered_moderately_or_significantly_offensive,answer__please_select_all_that_the_app_includes_18adc531,checkbox,please_select_all_that_the_app_includes_18adc531,Please select all that the app includes:,checkbox,Moderate swearing or other language or gestures that could be considered moderately or significantly offensive,All Other App Types,false,8
621,answer__please_select_all_that_the_app_includes_18adc531__sexual_expletives,answer__please_select_all_that_the_app_includes_18adc531,checkbox,please_select_all_that_the_app_includes_18adc531,Please select all that the app includes:,checkbox,Sexual expletives,All Other App Types,false,4
622,answer__please_select_all_that_the_app_includes_18adc531__none,answer__please_select_all_that_the_app_includes_18adc531,checkbox,please_select_all_that_the_app_includes_18adc531,Please select all that the app includes:,checkbox,__NONE__,All Other App Types,true,0
623,answer__please_select_all_that_the_app_includes_18adc531__inactive,answer__please_select_all_that_the_app_includes_18adc531,checkbox,please_select_all_that_the_app_includes_18adc531,Please select all that the app includes:,checkbox,__INACTIVE__,All Other App Types,true,371
624,answer__please_select_all_that_the_app_includes_18adc531__not_applicable,answer__please_select_all_that_the_app_includes_18adc531,checkbox,please_select_all_that_the_app_includes_18adc531,Please select all that the app includes:,checkbox,__NOT_APPLICABLE__,All Other App Types,true,416
625,answer__please_select_all_that_the_app_includes_24d1114b__nudity,answer__please_select_all_that_the_app_includes_24d1114b,checkbox,please_select_all_that_the_app_includes_24d1114b,Please select all that the app includes:,checkbox,Nudity,All Other App Types,false,68
626,answer__please_select_all_that_the_app_includes_24d1114b__revealing_outfits,answer__please_select_all_that_the_app_includes_24d1114b,checkbox,please_select_all_that_the_app_includes_24d1114b,Please select all that the app includes:,checkbox,Revealing Outfits,All Other App Types,false,20
627,answer__please_select_all_that_the_app_includes_24d1114b__none,answer__please_select_all_that_the_app_includes_24d1114b,checkbox,please_select_all_that_the_app_includes_24d1114b,Please select all that the app includes:,checkbox,__NONE__,All Other App Types,true,0
628,answer__please_select_all_that_the_app_includes_24d1114b__inactive,answer__please_select_all_that_the_app_includes_24d1114b,checkbox,please_select_all_that_the_app_includes_24d1114b,Please select all that the app includes:,checkbox,__INACTIVE__,All Other App Types,true,307
629,answer__please_select_all_that_the_app_includes_24d1114b__not_applicable,answer__please_select_all_that_the_app_includes_24d1114b,checkbox,please_select_all_that_the_app_includes_24d1114b,Please select all that the app includes:,checkbox,__NOT_APPLICABLE__,All Other App Types,true,416
630,answer__please_select_all_that_the_app_includes_4715352d__cash_convertible_rewards_cash_rewards_real_world_items_of_significant_monetary_value_convertible_cryptocurrency_rewards_or_other_play_to_earn_mechanics,answer__please_select_all_that_the_app_includes_4715352d,checkbox,please_select_all_that_the_app_includes_4715352d,Please select all that the app includes:,checkbox,"Cash Convertible Rewards - Cash rewards, real-world items of significant monetary value, convertible cryptocurrency rewards or other play-to-earn mechanics",All Other App Types,false,10
631,answer__please_select_all_that_the_app_includes_4715352d__issuance_e_g_minting_of_transferable_digital_assets_e_g_nfts,answer__please_select_all_that_the_app_includes_4715352d,checkbox,please_select_all_that_the_app_includes_4715352d,Please select all that the app includes:,checkbox,"Issuance (e.g., minting) of transferable digital assets (e.g., NFTs)",All Other App Types,false,12
632,answer__please_select_all_that_the_app_includes_4715352d__none,answer__please_select_all_that_the_app_includes_4715352d,checkbox,please_select_all_that_the_app_includes_4715352d,Please select all that the app includes:,checkbox,__NONE__,All Other App Types,true,0
633,answer__please_select_all_that_the_app_includes_4715352d__inactive,answer__please_select_all_that_the_app_includes_4715352d,checkbox,please_select_all_that_the_app_includes_4715352d,Please select all that the app includes:,checkbox,__INACTIVE__,All Other App Types,true,372
634,answer__please_select_all_that_the_app_includes_4715352d__not_applicable,answer__please_select_all_that_the_app_includes_4715352d,checkbox,please_select_all_that_the_app_includes_4715352d,Please select all that the app includes:,checkbox,__NOT_APPLICABLE__,All Other App Types,true,416
635,answer__please_select_all_that_the_app_includes_4cf49f6e__horrifying_elements,answer__please_select_all_that_the_app_includes_4cf49f6e,checkbox,please_select_all_that_the_app_includes_4cf49f6e,Please select all that the app includes:,checkbox,Horrifying elements,All Other App Types,false,14
636,answer__please_select_all_that_the_app_includes_4cf49f6e__scary_elements,answer__please_select_all_that_the_app_includes_4cf49f6e,checkbox,please_select_all_that_the_app_includes_4cf49f6e,Please select all that the app includes:,checkbox,Scary elements,All Other App Types,false,7
637,answer__please_select_all_that_the_app_includes_4cf49f6e__none,answer__please_select_all_that_the_app_includes_4cf49f6e,checkbox,please_select_all_that_the_app_includes_4cf49f6e,Please select all that the app includes:,checkbox,__NONE__,All Other App Types,true,0
638,answer__please_select_all_that_the_app_includes_4cf49f6e__inactive,answer__please_select_all_that_the_app_includes_4cf49f6e,checkbox,please_select_all_that_the_app_includes_4cf49f6e,Please select all that the app includes:,checkbox,__INACTIVE__,All Other App Types,true,373
639,answer__please_select_all_that_the_app_includes_4cf49f6e__not_applicable,answer__please_select_all_that_the_app_includes_4cf49f6e,checkbox,please_select_all_that_the_app_includes_4cf49f6e,Please select all that the app includes:,checkbox,__NOT_APPLICABLE__,All Other App Types,true,416
640,answer__please_select_all_that_the_app_includes_6686a0fa__alcohol,answer__please_select_all_that_the_app_includes_6686a0fa,checkbox,please_select_all_that_the_app_includes_6686a0fa,Please select all that the app includes:,checkbox,Alcohol,All Other App Types,false,20
641,answer__please_select_all_that_the_app_includes_6686a0fa__fantasy_drugs,answer__please_select_all_that_the_app_includes_6686a0fa,checkbox,please_select_all_that_the_app_includes_6686a0fa,Please select all that the app includes:,checkbox,Fantasy Drugs,All Other App Types,false,12
642,answer__please_select_all_that_the_app_includes_6686a0fa__illegal_or_recreational_drugs,answer__please_select_all_that_the_app_includes_6686a0fa,checkbox,please_select_all_that_the_app_includes_6686a0fa,Please select all that the app includes:,checkbox,Illegal or Recreational Drugs,All Other App Types,false,22
643,answer__please_select_all_that_the_app_includes_6686a0fa__medical_drugs,answer__please_select_all_that_the_app_includes_6686a0fa,checkbox,please_select_all_that_the_app_includes_6686a0fa,Please select all that the app includes:,checkbox,Medical Drugs,All Other App Types,false,18
644,answer__please_select_all_that_the_app_includes_6686a0fa__tobacco,answer__please_select_all_that_the_app_includes_6686a0fa,checkbox,please_select_all_that_the_app_includes_6686a0fa,Please select all that the app includes:,checkbox,Tobacco,All Other App Types,false,15
645,answer__please_select_all_that_the_app_includes_6686a0fa__none,answer__please_select_all_that_the_app_includes_6686a0fa,checkbox,please_select_all_that_the_app_includes_6686a0fa,Please select all that the app includes:,checkbox,__NONE__,All Other App Types,true,0
646,answer__please_select_all_that_the_app_includes_6686a0fa__inactive,answer__please_select_all_that_the_app_includes_6686a0fa,checkbox,please_select_all_that_the_app_includes_6686a0fa,Please select all that the app includes:,checkbox,__INACTIVE__,All Other App Types,true,316
647,answer__please_select_all_that_the_app_includes_6686a0fa__not_applicable,answer__please_select_all_that_the_app_includes_6686a0fa,checkbox,please_select_all_that_the_app_includes_6686a0fa,Please select all that the app includes:,checkbox,__NOT_APPLICABLE__,All Other App Types,true,416
648,answer__please_select_all_that_the_app_includes_8940577b__blood_that_isn_t_directly_related_to_a_violent_act_e_g_blood_on_clothing_blood_in_the_background_blood_resulting_from_performing_surgery,answer__please_select_all_that_the_app_includes_8940577b,checkbox,please_select_all_that_the_app_includes_8940577b,Please select all that the app includes:,checkbox,"Blood that isn't directly related to a violent act (e.g., blood on clothing, blood in the background, blood resulting from performing surgery)",All Other App Types,false,5
649,answer__please_select_all_that_the_app_includes_8940577b__disturbing_or_gory_images_without_a_violent_act_shown,answer__please_select_all_that_the_app_includes_8940577b,checkbox,please_select_all_that_the_app_includes_8940577b,Please select all that the app includes:,checkbox,Disturbing or gory images without a violent act shown.,All Other App Types,false,16
650,answer__please_select_all_that_the_app_includes_8940577b__violence_against_anything_other_than_humans_e_g_animals_fantasy_creatures_robots_vehicles,answer__please_select_all_that_the_app_includes_8940577b,checkbox,please_select_all_that_the_app_includes_8940577b,Please select all that the app includes:,checkbox,"Violence against anything other than humans (e.g., animals, fantasy creatures, robots, vehicles)",All Other App Types,false,30
651,answer__please_select_all_that_the_app_includes_8940577b__violence_or_implied_violence_against_humans,answer__please_select_all_that_the_app_includes_8940577b,checkbox,please_select_all_that_the_app_includes_8940577b,Please select all that the app includes:,checkbox,Violence or implied violence against humans,All Other App Types,false,45
652,answer__please_select_all_that_the_app_includes_8940577b__none,answer__please_select_all_that_the_app_includes_8940577b,checkbox,please_select_all_that_the_app_includes_8940577b,Please select all that the app includes:,checkbox,__NONE__,All Other App Types,true,0
653,answer__please_select_all_that_the_app_includes_8940577b__inactive,answer__please_select_all_that_the_app_includes_8940577b,checkbox,please_select_all_that_the_app_includes_8940577b,Please select all that the app includes:,checkbox,__INACTIVE__,All Other App Types,true,300
654,answer__please_select_all_that_the_app_includes_8940577b__not_applicable,answer__please_select_all_that_the_app_includes_8940577b,checkbox,please_select_all_that_the_app_includes_8940577b,Please select all that the app includes:,checkbox,__NOT_APPLICABLE__,All Other App Types,true,416
655,answer__please_select_all_that_the_app_includes_8aa332fd__female_fantasy_creatures_breasts_e_g_harpies,answer__please_select_all_that_the_app_includes_8aa332fd,checkbox,please_select_all_that_the_app_includes_8aa332fd,Please select all that the app includes:,checkbox,"Female Fantasy Creatures' Breasts, e.g., harpies",All Other App Types,false,10
656,answer__please_select_all_that_the_app_includes_8aa332fd__female_human_breasts_with_nipples,answer__please_select_all_that_the_app_includes_8aa332fd,checkbox,please_select_all_that_the_app_includes_8aa332fd,Please select all that the app includes:,checkbox,Female Human Breasts with Nipples,All Other App Types,false,8
657,answer__please_select_all_that_the_app_includes_8aa332fd__genitalia,answer__please_select_all_that_the_app_includes_8aa332fd,checkbox,please_select_all_that_the_app_includes_8aa332fd,Please select all that the app includes:,checkbox,Genitalia,All Other App Types,false,41
658,answer__please_select_all_that_the_app_includes_8aa332fd__human_buttocks,answer__please_select_all_that_the_app_includes_8aa332fd,checkbox,please_select_all_that_the_app_includes_8aa332fd,Please select all that the app includes:,checkbox,Human Buttocks,All Other App Types,false,7
659,answer__please_select_all_that_the_app_includes_8aa332fd__nipple_less_breasts_or_breasts_with_minimal_coverage_e_g_pasties_long_hair,answer__please_select_all_that_the_app_includes_8aa332fd,checkbox,please_select_all_that_the_app_includes_8aa332fd,Please select all that the app includes:,checkbox,"Nipple-less Breasts or Breasts with Minimal Coverage, e.g., pasties, long hair",All Other App Types,false,7
660,answer__please_select_all_that_the_app_includes_8aa332fd__none,answer__please_select_all_that_the_app_includes_8aa332fd,checkbox,please_select_all_that_the_app_includes_8aa332fd,Please select all that the app includes:,checkbox,__NONE__,All Other App Types,true,0
661,answer__please_select_all_that_the_app_includes_8aa332fd__inactive,answer__please_select_all_that_the_app_includes_8aa332fd,checkbox,please_select_all_that_the_app_includes_8aa332fd,Please select all that the app includes:,checkbox,__INACTIVE__,All Other App Types,true,326
662,answer__please_select_all_that_the_app_includes_8aa332fd__not_applicable,answer__please_select_all_that_the_app_includes_8aa332fd,checkbox,please_select_all_that_the_app_includes_8aa332fd,Please select all that the app includes:,checkbox,__NOT_APPLICABLE__,All Other App Types,true,416
663,answer__please_select_all_that_the_app_includes_b82bc521__any_other_games_that_use_in_app_currency_tokens_to_play_and_can_reward_the_same_currency_through_gameplay,answer__please_select_all_that_the_app_includes_b82bc521,checkbox,please_select_all_that_the_app_includes_b82bc521,Please select all that the app includes:,checkbox,Any other games that use in-app currency/tokens to play and can reward the same currency through gameplay.,All Other App Types,false,0
664,answer__please_select_all_that_the_app_includes_b82bc521__gambling_themes,answer__please_select_all_that_the_app_includes_b82bc521,checkbox,please_select_all_that_the_app_includes_b82bc521,Please select all that the app includes:,checkbox,Gambling themes,All Other App Types,false,10
665,answer__please_select_all_that_the_app_includes_b82bc521__playable_bingo_games,answer__please_select_all_that_the_app_includes_b82bc521,checkbox,please_select_all_that_the_app_includes_b82bc521,Please select all that the app includes:,checkbox,Playable bingo games,All Other App Types,false,12
666,answer__please_select_all_that_the_app_includes_b82bc521__playable_casino_games_lotteries_or_racetrack_betting,answer__please_select_all_that_the_app_includes_b82bc521,checkbox,please_select_all_that_the_app_includes_b82bc521,Please select all that the app includes:,checkbox,"Playable casino games, lotteries, or racetrack betting",All Other App Types,false,11
667,answer__please_select_all_that_the_app_includes_b82bc521__none,answer__please_select_all_that_the_app_includes_b82bc521,checkbox,please_select_all_that_the_app_includes_b82bc521,Please select all that the app includes:,checkbox,__NONE__,All Other App Types,true,0
668,answer__please_select_all_that_the_app_includes_b82bc521__inactive,answer__please_select_all_that_the_app_includes_b82bc521,checkbox,please_select_all_that_the_app_includes_b82bc521,Please select all that the app includes:,checkbox,__INACTIVE__,All Other App Types,true,362
669,answer__please_select_all_that_the_app_includes_b82bc521__not_applicable,answer__please_select_all_that_the_app_includes_b82bc521,checkbox,please_select_all_that_the_app_includes_b82bc521,Please select all that the app includes:,checkbox,__NOT_APPLICABLE__,All Other App Types,true,416
670,answer__please_select_all_that_the_app_includes_be745a55__depictions_of_or_references_to_sexual_violence,answer__please_select_all_that_the_app_includes_be745a55,checkbox,please_select_all_that_the_app_includes_be745a55,Please select all that the app includes:,checkbox,Depictions of or References to Sexual Violence,All Other App Types,false,10
671,answer__please_select_all_that_the_app_includes_be745a55__nudity_or_revealing_outfits,answer__please_select_all_that_the_app_includes_be745a55,checkbox,please_select_all_that_the_app_includes_be745a55,Please select all that the app includes:,checkbox,Nudity or Revealing Outfits,All Other App Types,false,87
672,answer__please_select_all_that_the_app_includes_be745a55__sexual_activity_includes_both_moving_and_still_images_of_sexual_activity,answer__please_select_all_that_the_app_includes_be745a55,checkbox,please_select_all_that_the_app_includes_be745a55,Please select all that the app includes:,checkbox,Sexual Activity - Includes both moving and still images of sexual activity,All Other App Types,false,23
673,answer__please_select_all_that_the_app_includes_be745a55__suggestive_sexual_themes_or_references,answer__please_select_all_that_the_app_includes_be745a55,checkbox,please_select_all_that_the_app_includes_be745a55,Please select all that the app includes:,checkbox,Suggestive/Sexual Themes or References,All Other App Types,false,16
674,answer__please_select_all_that_the_app_includes_be745a55__none,answer__please_select_all_that_the_app_includes_be745a55,checkbox,please_select_all_that_the_app_includes_be745a55,Please select all that the app includes:,checkbox,__NONE__,All Other App Types,true,0
675,answer__please_select_all_that_the_app_includes_be745a55__inactive,answer__please_select_all_that_the_app_includes_be745a55,checkbox,please_select_all_that_the_app_includes_be745a55,Please select all that the app includes:,checkbox,__INACTIVE__,All Other App Types,true,270
676,answer__please_select_all_that_the_app_includes_be745a55__not_applicable,answer__please_select_all_that_the_app_includes_be745a55,checkbox,please_select_all_that_the_app_includes_be745a55,Please select all that the app includes:,checkbox,__NOT_APPLICABLE__,All Other App Types,true,416
677,answer__please_select_all_that_the_game_includes_44d3634e__female_fantasy_creatures_breasts_e_g_harpies,answer__please_select_all_that_the_game_includes_44d3634e,checkbox,please_select_all_that_the_game_includes_44d3634e,Please select all that the game includes:,checkbox,"Female Fantasy Creatures' Breasts, e.g., harpies",Game,false,6
678,answer__please_select_all_that_the_game_includes_44d3634e__female_human_breasts_with_nipples,answer__please_select_all_that_the_game_includes_44d3634e,checkbox,please_select_all_that_the_game_includes_44d3634e,Please select all that the game includes:,checkbox,Female Human Breasts with Nipples,Game,false,9
679,answer__please_select_all_that_the_game_includes_44d3634e__genitalia,answer__please_select_all_that_the_game_includes_44d3634e,checkbox,please_select_all_that_the_game_includes_44d3634e,Please select all that the game includes:,checkbox,Genitalia,Game,false,40
680,answer__please_select_all_that_the_game_includes_44d3634e__human_buttocks,answer__please_select_all_that_the_game_includes_44d3634e,checkbox,please_select_all_that_the_game_includes_44d3634e,Please select all that the game includes:,checkbox,Human Buttocks,Game,false,6
681,answer__please_select_all_that_the_game_includes_44d3634e__nipple_less_breasts_or_breasts_with_minimal_coverage_e_g_pasties_long_hair,answer__please_select_all_that_the_game_includes_44d3634e,checkbox,please_select_all_that_the_game_includes_44d3634e,Please select all that the game includes:,checkbox,"Nipple-less Breasts or Breasts with Minimal Coverage, e.g., pasties, long hair",Game,false,8
682,answer__please_select_all_that_the_game_includes_44d3634e__none,answer__please_select_all_that_the_game_includes_44d3634e,checkbox,please_select_all_that_the_game_includes_44d3634e,Please select all that the game includes:,checkbox,__NONE__,Game,true,0
683,answer__please_select_all_that_the_game_includes_44d3634e__inactive,answer__please_select_all_that_the_game_includes_44d3634e,checkbox,please_select_all_that_the_game_includes_44d3634e,Please select all that the game includes:,checkbox,__INACTIVE__,Game,true,341
684,answer__please_select_all_that_the_game_includes_44d3634e__not_applicable,answer__please_select_all_that_the_game_includes_44d3634e,checkbox,please_select_all_that_the_game_includes_44d3634e,Please select all that the game includes:,checkbox,__NOT_APPLICABLE__,Game,true,404
685,answer__please_select_all_that_the_game_includes_4e162967__cash_convertible_rewards_cash_rewards_real_world_items_of_significant_monetary_value_convertible_cryptocurrency_rewards_or_other_play_to_earn_mechanics,answer__please_select_all_that_the_game_includes_4e162967,checkbox,please_select_all_that_the_game_includes_4e162967,Please select all that the game includes:,checkbox,"Cash Convertible Rewards - Cash rewards, real-world items of significant monetary value, convertible cryptocurrency rewards or other play-to-earn mechanics",Game,false,20
686,answer__please_select_all_that_the_game_includes_4e162967__issuance_e_g_minting_of_transferable_digital_assets_e_g_nfts,answer__please_select_all_that_the_game_includes_4e162967,checkbox,please_select_all_that_the_game_includes_4e162967,Please select all that the game includes:,checkbox,"Issuance (e.g., minting) of transferable digital assets (e.g., NFTs)",Game,false,21
687,answer__please_select_all_that_the_game_includes_4e162967__purchases_of_digital_goods,answer__please_select_all_that_the_game_includes_4e162967,checkbox,please_select_all_that_the_game_includes_4e162967,Please select all that the game includes:,checkbox,Purchases of digital goods,Game,false,18
688,answer__please_select_all_that_the_game_includes_4e162967__none,answer__please_select_all_that_the_game_includes_4e162967,checkbox,please_select_all_that_the_game_includes_4e162967,Please select all that the game includes:,checkbox,__NONE__,Game,true,0
689,answer__please_select_all_that_the_game_includes_4e162967__inactive,answer__please_select_all_that_the_game_includes_4e162967,checkbox,please_select_all_that_the_game_includes_4e162967,Please select all that the game includes:,checkbox,__INACTIVE__,Game,true,349
690,answer__please_select_all_that_the_game_includes_4e162967__not_applicable,answer__please_select_all_that_the_game_includes_4e162967,checkbox,please_select_all_that_the_game_includes_4e162967,Please select all that the game includes:,checkbox,__NOT_APPLICABLE__,Game,true,404
691,answer__please_select_all_that_the_game_includes_500aa428__discriminatory_language_against_race_religion_sex_etc,answer__please_select_all_that_the_game_includes_500aa428,checkbox,please_select_all_that_the_game_includes_500aa428,Please select all that the game includes:,checkbox,"Discriminatory language (against race, religion, sex, etc...)",Game,false,14
692,answer__please_select_all_that_the_game_includes_500aa428__minor_profanities_e_g_go_to_hell,answer__please_select_all_that_the_game_includes_500aa428,checkbox,please_select_all_that_the_game_includes_500aa428,Please select all that the game includes:,checkbox,"Minor profanities (e.g., ""go to hell"")",Game,false,24
693,answer__please_select_all_that_the_game_includes_500aa428__moderate_swearing_or_other_language_or_gestures_that_could_be_considered_moderately_or_significantly_offensive,answer__please_select_all_that_the_game_includes_500aa428,checkbox,please_select_all_that_the_game_includes_500aa428,Please select all that the game includes:,checkbox,Moderate swearing or other language or gestures that could be considered moderately or significantly offensive,Game,false,18
694,answer__please_select_all_that_the_game_includes_500aa428__sexual_expletives,answer__please_select_all_that_the_game_includes_500aa428,checkbox,please_select_all_that_the_game_includes_500aa428,Please select all that the game includes:,checkbox,Sexual expletives,Game,false,22
695,answer__please_select_all_that_the_game_includes_500aa428__none,answer__please_select_all_that_the_game_includes_500aa428,checkbox,please_select_all_that_the_game_includes_500aa428,Please select all that the game includes:,checkbox,__NONE__,Game,true,0
696,answer__please_select_all_that_the_game_includes_500aa428__inactive,answer__please_select_all_that_the_game_includes_500aa428,checkbox,please_select_all_that_the_game_includes_500aa428,Please select all that the game includes:,checkbox,__INACTIVE__,Game,true,331
697,answer__please_select_all_that_the_game_includes_500aa428__not_applicable,answer__please_select_all_that_the_game_includes_500aa428,checkbox,please_select_all_that_the_game_includes_500aa428,Please select all that the game includes:,checkbox,__NOT_APPLICABLE__,Game,true,404
698,answer__please_select_all_that_the_game_includes_768feb67__dating_games_interactive_dating_marriage_or_other_romantic_relationships_between_game_characters,answer__please_select_all_that_the_game_includes_768feb67,checkbox,please_select_all_that_the_game_includes_768feb67,Please select all that the game includes:,checkbox,"Dating Games - Interactive dating, marriage, or other romantic relationships between game characters",Game,false,11
699,answer__please_select_all_that_the_game_includes_768feb67__depictions_of_or_references_to_sexual_violence,answer__please_select_all_that_the_game_includes_768feb67,checkbox,please_select_all_that_the_game_includes_768feb67,Please select all that the game includes:,checkbox,Depictions of or References to Sexual Violence,Game,false,15
700,answer__please_select_all_that_the_game_includes_768feb67__nudity_or_revealing_outfits,answer__please_select_all_that_the_game_includes_768feb67,checkbox,please_select_all_that_the_game_includes_768feb67,Please select all that the game includes:,checkbox,Nudity or Revealing Outfits,Game,false,81
701,answer__please_select_all_that_the_game_includes_768feb67__sexual_activity_includes_both_moving_and_still_images_of_sexual_activity,answer__please_select_all_that_the_game_includes_768feb67,checkbox,please_select_all_that_the_game_includes_768feb67,Please select all that the game includes:,checkbox,Sexual Activity - Includes both moving and still images of sexual activity,Game,false,32
702,answer__please_select_all_that_the_game_includes_768feb67__suggestive_sexual_themes_or_references,answer__please_select_all_that_the_game_includes_768feb67,checkbox,please_select_all_that_the_game_includes_768feb67,Please select all that the game includes:,checkbox,Suggestive/Sexual Themes or References,Game,false,23
703,answer__please_select_all_that_the_game_includes_768feb67__none,answer__please_select_all_that_the_game_includes_768feb67,checkbox,please_select_all_that_the_game_includes_768feb67,Please select all that the game includes:,checkbox,__NONE__,Game,true,0
704,answer__please_select_all_that_the_game_includes_768feb67__inactive,answer__please_select_all_that_the_game_includes_768feb67,checkbox,please_select_all_that_the_game_includes_768feb67,Please select all that the game includes:,checkbox,__INACTIVE__,Game,true,266
705,answer__please_select_all_that_the_game_includes_768feb67__not_applicable,answer__please_select_all_that_the_game_includes_768feb67,checkbox,please_select_all_that_the_game_includes_768feb67,Please select all that the game includes:,checkbox,__NOT_APPLICABLE__,Game,true,404
706,answer__please_select_all_that_the_game_includes_a0533f3c__blood_that_isn_t_directly_related_to_a_violent_act_e_g_blood_on_clothing_blood_in_the_background_blood_resulting_from_performing_surgery,answer__please_select_all_that_the_game_includes_a0533f3c,checkbox,please_select_all_that_the_game_includes_a0533f3c,Please select all that the game includes:,checkbox,"Blood that isn't directly related to a violent act (e.g., blood on clothing, blood in the background, blood resulting from performing surgery)",Game,false,11
707,answer__please_select_all_that_the_game_includes_a0533f3c__disturbing_or_gory_images_without_a_violent_act_shown,answer__please_select_all_that_the_game_includes_a0533f3c,checkbox,please_select_all_that_the_game_includes_a0533f3c,Please select all that the game includes:,checkbox,Disturbing or gory images without a violent act shown.,Game,false,20
708,answer__please_select_all_that_the_game_includes_a0533f3c__violence_against_anything_other_than_humans_e_g_animals_fantasy_creatures_robots_vehicles,answer__please_select_all_that_the_game_includes_a0533f3c,checkbox,please_select_all_that_the_game_includes_a0533f3c,Please select all that the game includes:,checkbox,"Violence against anything other than humans (e.g., animals, fantasy creatures, robots, vehicles)",Game,false,33
709,answer__please_select_all_that_the_game_includes_a0533f3c__violence_or_implied_violence_against_humans,answer__please_select_all_that_the_game_includes_a0533f3c,checkbox,please_select_all_that_the_game_includes_a0533f3c,Please select all that the game includes:,checkbox,Violence or implied violence against humans,Game,false,76
710,answer__please_select_all_that_the_game_includes_a0533f3c__none,answer__please_select_all_that_the_game_includes_a0533f3c,checkbox,please_select_all_that_the_game_includes_a0533f3c,Please select all that the game includes:,checkbox,__NONE__,Game,true,0
711,answer__please_select_all_that_the_game_includes_a0533f3c__inactive,answer__please_select_all_that_the_game_includes_a0533f3c,checkbox,please_select_all_that_the_game_includes_a0533f3c,Please select all that the game includes:,checkbox,__INACTIVE__,Game,true,266
712,answer__please_select_all_that_the_game_includes_a0533f3c__not_applicable,answer__please_select_all_that_the_game_includes_a0533f3c,checkbox,please_select_all_that_the_game_includes_a0533f3c,Please select all that the game includes:,checkbox,__NOT_APPLICABLE__,Game,true,404
713,answer__please_select_all_that_the_game_includes_a17b785f__any_other_games_that_use_in_game_currency_tokens_to_play_and_can_reward_the_same_currency_through_gameplay,answer__please_select_all_that_the_game_includes_a17b785f,checkbox,please_select_all_that_the_game_includes_a17b785f,Please select all that the game includes:,checkbox,Any other games that use in-game currency/tokens to play and can reward the same currency through gameplay.,Game,false,0
714,answer__please_select_all_that_the_game_includes_a17b785f__gambling_themes,answer__please_select_all_that_the_game_includes_a17b785f,checkbox,please_select_all_that_the_game_includes_a17b785f,Please select all that the game includes:,checkbox,Gambling themes,Game,false,20
715,answer__please_select_all_that_the_game_includes_a17b785f__playable_bingo_games,answer__please_select_all_that_the_game_includes_a17b785f,checkbox,please_select_all_that_the_game_includes_a17b785f,Please select all that the game includes:,checkbox,Playable bingo games,Game,false,25
716,answer__please_select_all_that_the_game_includes_a17b785f__playable_casino_games_lotteries_or_racetrack_betting,answer__please_select_all_that_the_game_includes_a17b785f,checkbox,please_select_all_that_the_game_includes_a17b785f,Please select all that the game includes:,checkbox,"Playable casino games, lotteries, or racetrack betting",Game,false,16
717,answer__please_select_all_that_the_game_includes_a17b785f__none,answer__please_select_all_that_the_game_includes_a17b785f,checkbox,please_select_all_that_the_game_includes_a17b785f,Please select all that the game includes:,checkbox,__NONE__,Game,true,0
718,answer__please_select_all_that_the_game_includes_a17b785f__inactive,answer__please_select_all_that_the_game_includes_a17b785f,checkbox,please_select_all_that_the_game_includes_a17b785f,Please select all that the game includes:,checkbox,__INACTIVE__,Game,true,347
719,answer__please_select_all_that_the_game_includes_a17b785f__not_applicable,answer__please_select_all_that_the_game_includes_a17b785f,checkbox,please_select_all_that_the_game_includes_a17b785f,Please select all that the game includes:,checkbox,__NOT_APPLICABLE__,Game,true,404
720,answer__please_select_all_that_the_game_includes_a522854d__horrifying_elements,answer__please_select_all_that_the_game_includes_a522854d,checkbox,please_select_all_that_the_game_includes_a522854d,Please select all that the game includes:,checkbox,Horrifying elements,Game,false,24
721,answer__please_select_all_that_the_game_includes_a522854d__scary_elements,answer__please_select_all_that_the_game_includes_a522854d,checkbox,please_select_all_that_the_game_includes_a522854d,Please select all that the game includes:,checkbox,Scary elements,Game,false,41
722,answer__please_select_all_that_the_game_includes_a522854d__none,answer__please_select_all_that_the_game_includes_a522854d,checkbox,please_select_all_that_the_game_includes_a522854d,Please select all that the game includes:,checkbox,__NONE__,Game,true,0
723,answer__please_select_all_that_the_game_includes_a522854d__inactive,answer__please_select_all_that_the_game_includes_a522854d,checkbox,please_select_all_that_the_game_includes_a522854d,Please select all that the game includes:,checkbox,__INACTIVE__,Game,true,343
724,answer__please_select_all_that_the_game_includes_a522854d__not_applicable,answer__please_select_all_that_the_game_includes_a522854d,checkbox,please_select_all_that_the_game_includes_a522854d,Please select all that the game includes:,checkbox,__NOT_APPLICABLE__,Game,true,404
725,answer__please_select_all_that_the_game_includes_ba1c8db3__alcohol,answer__please_select_all_that_the_game_includes_ba1c8db3,checkbox,please_select_all_that_the_game_includes_ba1c8db3,Please select all that the game includes:,checkbox,Alcohol,Game,false,22
726,answer__please_select_all_that_the_game_includes_ba1c8db3__fantasy_drugs,answer__please_select_all_that_the_game_includes_ba1c8db3,checkbox,please_select_all_that_the_game_includes_ba1c8db3,Please select all that the game includes:,checkbox,Fantasy Drugs,Game,false,18
727,answer__please_select_all_that_the_game_includes_ba1c8db3__illegal_or_recreational_drugs,answer__please_select_all_that_the_game_includes_ba1c8db3,checkbox,please_select_all_that_the_game_includes_ba1c8db3,Please select all that the game includes:,checkbox,Illegal or Recreational Drugs,Game,false,57
728,answer__please_select_all_that_the_game_includes_ba1c8db3__medical_drugs,answer__please_select_all_that_the_game_includes_ba1c8db3,checkbox,please_select_all_that_the_game_includes_ba1c8db3,Please select all that the game includes:,checkbox,Medical Drugs,Game,false,27
729,answer__please_select_all_that_the_game_includes_ba1c8db3__tobacco,answer__please_select_all_that_the_game_includes_ba1c8db3,checkbox,please_select_all_that_the_game_includes_ba1c8db3,Please select all that the game includes:,checkbox,Tobacco,Game,false,31
730,answer__please_select_all_that_the_game_includes_ba1c8db3__none,answer__please_select_all_that_the_game_includes_ba1c8db3,checkbox,please_select_all_that_the_game_includes_ba1c8db3,Please select all that the game includes:,checkbox,__NONE__,Game,true,0
731,answer__please_select_all_that_the_game_includes_ba1c8db3__inactive,answer__please_select_all_that_the_game_includes_ba1c8db3,checkbox,please_select_all_that_the_game_includes_ba1c8db3,Please select all that the game includes:,checkbox,__INACTIVE__,Game,true,287
732,answer__please_select_all_that_the_game_includes_ba1c8db3__not_applicable,answer__please_select_all_that_the_game_includes_ba1c8db3,checkbox,please_select_all_that_the_game_includes_ba1c8db3,Please select all that the game includes:,checkbox,__NOT_APPLICABLE__,Game,true,404
733,answer__please_select_all_that_the_game_includes_c2929670__nudity,answer__please_select_all_that_the_game_includes_c2929670,checkbox,please_select_all_that_the_game_includes_c2929670,Please select all that the game includes:,checkbox,Nudity,Game,false,65
734,answer__please_select_all_that_the_game_includes_c2929670__revealing_outfits,answer__please_select_all_that_the_game_includes_c2929670,checkbox,please_select_all_that_the_game_includes_c2929670,Please select all that the game includes:,checkbox,Revealing Outfits,Game,false,17
735,answer__please_select_all_that_the_game_includes_c2929670__none,answer__please_select_all_that_the_game_includes_c2929670,checkbox,please_select_all_that_the_game_includes_c2929670,Please select all that the game includes:,checkbox,__NONE__,Game,true,0
736,answer__please_select_all_that_the_game_includes_c2929670__inactive,answer__please_select_all_that_the_game_includes_c2929670,checkbox,please_select_all_that_the_game_includes_c2929670,Please select all that the game includes:,checkbox,__INACTIVE__,Game,true,325
737,answer__please_select_all_that_the_game_includes_c2929670__not_applicable,answer__please_select_all_that_the_game_includes_c2929670,checkbox,please_select_all_that_the_game_includes_c2929670,Please select all that the game includes:,checkbox,__NOT_APPLICABLE__,Game,true,404
738,answer__tobacco_5dc1a9a7__encourages_glamorizes,answer__tobacco_5dc1a9a7,checkbox,tobacco_5dc1a9a7,Tobacco,checkbox,Encourages/Glamorizes,All Other App Types || Game,false,15
739,answer__tobacco_5dc1a9a7__reference,answer__tobacco_5dc1a9a7,checkbox,tobacco_5dc1a9a7,Tobacco,checkbox,Reference,All Other App Types || Game,false,14
740,answer__tobacco_5dc1a9a7__use,answer__tobacco_5dc1a9a7,checkbox,tobacco_5dc1a9a7,Tobacco,checkbox,Use,All Other App Types || Game,false,17
741,answer__tobacco_5dc1a9a7__none,answer__tobacco_5dc1a9a7,checkbox,tobacco_5dc1a9a7,Tobacco,checkbox,__NONE__,All Other App Types || Game,true,0
742,answer__tobacco_5dc1a9a7__inactive,answer__tobacco_5dc1a9a7,checkbox,tobacco_5dc1a9a7,Tobacco,checkbox,__INACTIVE__,All Other App Types || Game,true,754
743,answer__tobacco_5dc1a9a7__not_applicable,answer__tobacco_5dc1a9a7,checkbox,tobacco_5dc1a9a7,Tobacco,checkbox,__NOT_APPLICABLE__,All Other App Types || Game,true,10
744,answer__what_bodily_functions_are_used_for_humorous_purposes_in__93ae31fe__act_of_human_defecation_visually_depicted,answer__what_bodily_functions_are_used_for_humorous_purposes_in__93ae31fe,checkbox,what_bodily_functions_are_used_for_humorous_purposes_in__93ae31fe,What bodily functions are used for humorous purposes in the app? Please check all that apply.,checkbox,Act of human defecation visually depicted,All Other App Types,false,3
745,answer__what_bodily_functions_are_used_for_humorous_purposes_in__93ae31fe__flatulence_with_depiction_of_flatulence_cloud_whimsical_depictions_of_feces_poo_coils_vomiting,answer__what_bodily_functions_are_used_for_humorous_purposes_in__93ae31fe,checkbox,what_bodily_functions_are_used_for_humorous_purposes_in__93ae31fe,What bodily functions are used for humorous purposes in the app? Please check all that apply.,checkbox,"Flatulence (with depiction of ""flatulence cloud""), whimsical depictions of feces (""poo coils""), vomiting",All Other App Types,false,2
746,answer__what_bodily_functions_are_used_for_humorous_purposes_in__93ae31fe__mucus_belching_flatulence_sounds,answer__what_bodily_functions_are_used_for_humorous_purposes_in__93ae31fe,checkbox,what_bodily_functions_are_used_for_humorous_purposes_in__93ae31fe,What bodily functions are used for humorous purposes in the app? Please check all that apply.,checkbox,"Mucus, belching, flatulence sounds",All Other App Types,false,5
747,answer__what_bodily_functions_are_used_for_humorous_purposes_in__93ae31fe__urination_urine_realistically_depicted_feces,answer__what_bodily_functions_are_used_for_humorous_purposes_in__93ae31fe,checkbox,what_bodily_functions_are_used_for_humorous_purposes_in__93ae31fe,What bodily functions are used for humorous purposes in the app? Please check all that apply.,checkbox,"Urination, urine, realistically depicted feces",All Other App Types,false,4
748,answer__what_bodily_functions_are_used_for_humorous_purposes_in__93ae31fe__none,answer__what_bodily_functions_are_used_for_humorous_purposes_in__93ae31fe,checkbox,what_bodily_functions_are_used_for_humorous_purposes_in__93ae31fe,What bodily functions are used for humorous purposes in the app? Please check all that apply.,checkbox,__NONE__,All Other App Types,true,0
749,answer__what_bodily_functions_are_used_for_humorous_purposes_in__93ae31fe__inactive,answer__what_bodily_functions_are_used_for_humorous_purposes_in__93ae31fe,checkbox,what_bodily_functions_are_used_for_humorous_purposes_in__93ae31fe,What bodily functions are used for humorous purposes in the app? Please check all that apply.,checkbox,__INACTIVE__,All Other App Types,true,380
750,answer__what_bodily_functions_are_used_for_humorous_purposes_in__93ae31fe__not_applicable,answer__what_bodily_functions_are_used_for_humorous_purposes_in__93ae31fe,checkbox,what_bodily_functions_are_used_for_humorous_purposes_in__93ae31fe,What bodily functions are used for humorous purposes in the app? Please check all that apply.,checkbox,__NOT_APPLICABLE__,All Other App Types,true,416
751,answer__what_bodily_functions_are_used_for_humorous_purposes_in__dac843c1__act_of_human_defecation_visually_depicted,answer__what_bodily_functions_are_used_for_humorous_purposes_in__dac843c1,checkbox,what_bodily_functions_are_used_for_humorous_purposes_in__dac843c1,What bodily functions are used for humorous purposes in the game? Please check all that apply.,checkbox,Act of human defecation visually depicted,Game,false,8
752,answer__what_bodily_functions_are_used_for_humorous_purposes_in__dac843c1__flatulence_with_depiction_of_flatulence_cloud_whimsical_depictions_of_feces_poo_coils_vomiting,answer__what_bodily_functions_are_used_for_humorous_purposes_in__dac843c1,checkbox,what_bodily_functions_are_used_for_humorous_purposes_in__dac843c1,What bodily functions are used for humorous purposes in the game? Please check all that apply.,checkbox,"Flatulence (with depiction of ""flatulence cloud""), whimsical depictions of feces (""poo coils""), vomiting",Game,false,6
753,answer__what_bodily_functions_are_used_for_humorous_purposes_in__dac843c1__mucus_belching_flatulence_sounds,answer__what_bodily_functions_are_used_for_humorous_purposes_in__dac843c1,checkbox,what_bodily_functions_are_used_for_humorous_purposes_in__dac843c1,What bodily functions are used for humorous purposes in the game? Please check all that apply.,checkbox,"Mucus, belching, flatulence sounds",Game,false,6
754,answer__what_bodily_functions_are_used_for_humorous_purposes_in__dac843c1__urination_urine_realistically_depicted_feces,answer__what_bodily_functions_are_used_for_humorous_purposes_in__dac843c1,checkbox,what_bodily_functions_are_used_for_humorous_purposes_in__dac843c1,What bodily functions are used for humorous purposes in the game? Please check all that apply.,checkbox,"Urination, urine, realistically depicted feces",Game,false,9
755,answer__what_bodily_functions_are_used_for_humorous_purposes_in__dac843c1__none,answer__what_bodily_functions_are_used_for_humorous_purposes_in__dac843c1,checkbox,what_bodily_functions_are_used_for_humorous_purposes_in__dac843c1,What bodily functions are used for humorous purposes in the game? Please check all that apply.,checkbox,__NONE__,Game,true,0
756,answer__what_bodily_functions_are_used_for_humorous_purposes_in__dac843c1__inactive,answer__what_bodily_functions_are_used_for_humorous_purposes_in__dac843c1,checkbox,what_bodily_functions_are_used_for_humorous_purposes_in__dac843c1,What bodily functions are used for humorous purposes in the game? Please check all that apply.,checkbox,__INACTIVE__,Game,true,379
757,answer__what_bodily_functions_are_used_for_humorous_purposes_in__dac843c1__not_applicable,answer__what_bodily_functions_are_used_for_humorous_purposes_in__dac843c1,checkbox,what_bodily_functions_are_used_for_humorous_purposes_in__dac843c1,What bodily functions are used for humorous purposes in the game? Please check all that apply.,checkbox,__NOT_APPLICABLE__,Game,true,404
