sample_id,split,category,sampling_strategy,state_source,source_result_dir,source_schema_version
all_other_app_types_balanced_00002,train,All Other App Types,balanced_ladder,browser_snapshot,rating_results_snapshot_upgrade,2
all_other_app_types_balanced_00003,test,All Other App Types,balanced_ladder,browser_snapshot,rating_results_snapshot_upgrade,2
all_other_app_types_balanced_00004,train,All Other App Types,balanced_ladder,browser_snapshot,rating_results_snapshot_upgrade,2
all_other_app_types_balanced_00005,test,All Other App Types,balanced_ladder,browser_snapshot,rating_results_snapshot_upgrade,2
all_other_app_types_balanced_00006,train,All Other App Types,balanced_ladder,browser_snapshot,rating_results_snapshot_upgrade,2
all_other_app_types_balanced_00007,test,All Other App Types,balanced_ladder,browser_snapshot,rating_results_snapshot_upgrade,2
all_other_app_types_balanced_00008,train,All Other App Types,balanced_ladder,reconstructed_from_graph_and_baseline,rating_results_historical_failures_retry,1
all_other_app_types_balanced_00009,train,All Other App Types,balanced_ladder,browser_snapshot,rating_results_snapshot_upgrade,2
all_other_app_types_balanced_00010,train,All Other App Types,balanced_ladder,browser_snapshot,rating_results_snapshot_upgrade,2
all_other_app_types_balanced_00011,train,All Other App Types,balanced_ladder,browser_snapshot,rating_results_snapshot_upgrade,2
all_other_app_types_balanced_00012,train,All Other App Types,balanced_ladder,browser_snapshot,rating_results_snapshot_upgrade,2
all_other_app_types_balanced_00013,train,All Other App Types,balanced_ladder,browser_snapshot,rating_results_snapshot_upgrade,2
all_other_app_types_balanced_00014,test,All Other App Types,balanced_ladder,browser_snapshot,rating_results_snapshot_upgrade,2
all_other_app_types_balanced_00015,train,All Other App Types,balanced_ladder,browser_snapshot,rating_results_snapshot_upgrade,2
all_other_app_types_balanced_00016,train,All Other App Types,balanced_ladder,reconstructed_from_graph_and_baseline,rating_results_balanced_all_other_tail,1
all_other_app_types_balanced_00017,train,All Other App Types,balanced_ladder,browser_snapshot,rating_results_snapshot_upgrade,2
all_other_app_types_balanced_00018,test,All Other App Types,balanced_ladder,browser_snapshot,rating_results_snapshot_upgrade,2
all_other_app_types_balanced_00019,train,All Other App Types,balanced_ladder,browser_snapshot,rating_results_snapshot_upgrade,2
all_other_app_types_balanced_00020,test,All Other App Types,balanced_ladder,browser_snapshot,rating_results_snapshot_upgrade,2
all_other_app_types_balanced_00021,train,All Other App Types,balanced_ladder,browser_snapshot,rating_results_snapshot_upgrade,2
all_other_app_types_balanced_00022,test,All Other App Types,balanced_ladder,browser_snapshot,rating_results_snapshot_upgrade,2
all_other_app_types_balanced_00023,test,All Other App Types,balanced_ladder,browser_snapshot,rating_results_snapshot_upgrade,2
all_other_app_types_balanced_00024,train,All Other App Types,balanced_ladder,browser_snapshot,rating_results_snapshot_upgrade,2
all_other_app_types_balanced_00025,test,All Other App Types,balanced_ladder,browser_snapshot,rating_results_snapshot_upgrade,2
all_other_app_types_balanced_00026,test,All Other App Types,balanced_ladder,browser_snapshot,rating_results_snapshot_upgrade,2
all_other_app_types_balanced_00030,train,All Other App Types,balanced_ladder,browser_snapshot,rating_results_snapshot_upgrade,2
all_other_app_types_balanced_00031,train,All Other App Types,balanced_ladder,browser_snapshot,rating_results_snapshot_upgrade,2
all_other_app_types_balanced_00032,train,All Other App Types,balanced_ladder,browser_snapshot,rating_results_snapshot_upgrade,2
all_other_app_types_balanced_00033,train,All Other App Types,balanced_ladder,browser_snapshot,rating_results_snapshot_upgrade,2
all_other_app_types_balanced_00034,train,All Other App Types,balanced_ladder,browser_snapshot,rating_results_snapshot_upgrade,2
all_other_app_types_balanced_00035,train,All Other App Types,balanced_ladder,browser_snapshot,rating_results_snapshot_upgrade,2
all_other_app_types_balanced_00037,train,All Other App Types,balanced_ladder,browser_snapshot,rating_results_snapshot_upgrade,2
all_other_app_types_balanced_00038,test,All Other App Types,balanced_ladder,browser_snapshot,rating_results_snapshot_upgrade,2
all_other_app_types_balanced_00039,train,All Other App Types,balanced_ladder,reconstructed_from_graph_and_baseline,rating_results_balanced_all_other_tail,1
all_other_app_types_balanced_00040,train,All Other App Types,balanced_ladder,browser_snapshot,rating_results_snapshot_upgrade,2
all_other_app_types_balanced_00041,train,All Other App Types,balanced_supplemental,browser_snapshot,rating_results_snapshot_upgrade,2
all_other_app_types_balanced_00042,train,All Other App Types,balanced_supplemental,browser_snapshot,rating_results_snapshot_upgrade,2
all_other_app_types_balanced_00043,test,All Other App Types,balanced_supplemental,browser_snapshot,rating_results_snapshot_upgrade,2
all_other_app_types_balanced_00044,train,All Other App Types,balanced_supplemental,browser_snapshot,rating_results_snapshot_upgrade,2
all_other_app_types_balanced_00045,train,All Other App Types,balanced_supplemental,browser_snapshot,rating_results_snapshot_upgrade,2
all_other_app_types_balanced_00046,train,All Other App Types,balanced_supplemental,browser_snapshot,rating_results_snapshot_upgrade,2
all_other_app_types_balanced_00048,test,All Other App Types,balanced_supplemental,reconstructed_from_graph_and_baseline,rating_results_balanced_all_other_supplemental,1
all_other_app_types_balanced_00049,train,All Other App Types,balanced_supplemental,browser_snapshot,rating_results_snapshot_upgrade,2
all_other_app_types_balanced_00050,train,All Other App Types,balanced_supplemental,browser_snapshot,rating_results_snapshot_upgrade,2
all_other_app_types_balanced_00052,train,All Other App Types,balanced_supplemental,browser_snapshot,rating_results_snapshot_upgrade,2
all_other_app_types_balanced_00055,train,All Other App Types,balanced_supplemental,browser_snapshot,rating_results_snapshot_upgrade,2
all_other_app_types_balanced_00057,train,All Other App Types,balanced_supplemental,browser_snapshot,rating_results_snapshot_upgrade,2
all_other_app_types_balanced_00058,train,All Other App Types,balanced_supplemental,browser_snapshot,rating_results_snapshot_upgrade,2
all_other_app_types_balanced_00059,train,All Other App Types,balanced_supplemental,browser_snapshot,rating_results_snapshot_upgrade,2
all_other_app_types_balanced_00060,train,All Other App Types,balanced_supplemental,reconstructed_from_graph_and_baseline,rating_results_balanced_all_other_supplemental_final_retry,1
all_other_app_types_balanced_00061,train,All Other App Types,balanced_supplemental,browser_snapshot,rating_results_snapshot_upgrade,2
all_other_app_types_balanced_00062,test,All Other App Types,balanced_supplemental,browser_snapshot,rating_results_snapshot_upgrade,2
all_other_app_types_balanced_00063,train,All Other App Types,balanced_supplemental,browser_snapshot,rating_results_snapshot_upgrade,2
all_other_app_types_risk_00002,train,All Other App Types,risk_path,browser_snapshot,rating_results_snapshot_upgrade,2
all_other_app_types_risk_00003,train,All Other App Types,risk_path,browser_snapshot,rating_results_snapshot_upgrade,2
all_other_app_types_risk_00004,train,All Other App Types,risk_path,browser_snapshot,rating_results_snapshot_upgrade,2
all_other_app_types_risk_00005,train,All Other App Types,risk_path,browser_snapshot,rating_results_snapshot_upgrade,2
all_other_app_types_risk_00006,train,All Other App Types,risk_path,browser_snapshot,rating_results_snapshot_upgrade,2
all_other_app_types_risk_00007,train,All Other App Types,risk_path,browser_snapshot,rating_results_snapshot_upgrade,2
all_other_app_types_risk_00008,train,All Other App Types,risk_path,browser_snapshot,rating_results_snapshot_upgrade,2
all_other_app_types_risk_00009,train,All Other App Types,risk_path,browser_snapshot,rating_results_snapshot_upgrade,2
all_other_app_types_risk_00010,train,All Other App Types,risk_path,browser_snapshot,rating_results_snapshot_upgrade,2
all_other_app_types_risk_00012,train,All Other App Types,risk_path,browser_snapshot,rating_results_snapshot_upgrade,2
all_other_app_types_risk_00013,test,All Other App Types,risk_path,browser_snapshot,rating_results_snapshot_upgrade,2
all_other_app_types_risk_00014,train,All Other App Types,risk_path,browser_snapshot,rating_results_snapshot_upgrade,2
all_other_app_types_risk_00015,test,All Other App Types,risk_path,browser_snapshot,rating_results_snapshot_upgrade,2
all_other_app_types_risk_00016,train,All Other App Types,risk_path,browser_snapshot,rating_results_snapshot_upgrade,2
all_other_app_types_risk_00017,train,All Other App Types,risk_path,browser_snapshot,rating_results_snapshot_upgrade,2
all_other_app_types_risk_00018,train,All Other App Types,risk_path,browser_snapshot,rating_results_snapshot_upgrade,2
all_other_app_types_risk_00019,train,All Other App Types,risk_path,browser_snapshot,rating_results_snapshot_upgrade,2
all_other_app_types_risk_00020,train,All Other App Types,risk_path,browser_snapshot,rating_results_snapshot_upgrade,2
all_other_app_types_risk_00021,train,All Other App Types,risk_path,reconstructed_from_graph_and_baseline,rating_results_designed_all_other,1
all_other_app_types_risk_00022,train,All Other App Types,risk_path,browser_snapshot,rating_results_snapshot_upgrade,2
all_other_app_types_risk_00023,test,All Other App Types,risk_path,browser_snapshot,rating_results_snapshot_upgrade,2
all_other_app_types_risk_00025,train,All Other App Types,risk_path,browser_snapshot,rating_results_snapshot_upgrade,2
all_other_app_types_risk_00026,train,All Other App Types,risk_path,browser_snapshot,rating_results_snapshot_upgrade,2
all_other_app_types_risk_00027,train,All Other App Types,risk_path,browser_snapshot,rating_results_snapshot_upgrade,2
all_other_app_types_risk_00028,train,All Other App Types,risk_path,reconstructed_from_graph_and_baseline,rating_results_designed_all_other,1
all_other_app_types_risk_00029,train,All Other App Types,risk_path,browser_snapshot,rating_results_snapshot_upgrade,2
all_other_app_types_risk_00030,train,All Other App Types,risk_path,browser_snapshot,rating_results_snapshot_upgrade,2
all_other_app_types_risk_00031,train,All Other App Types,risk_path,browser_snapshot,rating_results_snapshot_upgrade,2
all_other_app_types_risk_00032,test,All Other App Types,risk_path,browser_snapshot,rating_results_snapshot_upgrade,2
all_other_app_types_risk_00033,train,All Other App Types,risk_path,browser_snapshot,rating_results_snapshot_upgrade,2
all_other_app_types_risk_00034,train,All Other App Types,risk_path,browser_snapshot,rating_results_snapshot_upgrade,2
all_other_app_types_risk_00035,train,All Other App Types,risk_path,browser_snapshot,rating_results_snapshot_upgrade,2
all_other_app_types_risk_00036,train,All Other App Types,risk_path,browser_snapshot,rating_results_snapshot_upgrade,2
all_other_app_types_risk_00037,train,All Other App Types,risk_path,browser_snapshot,rating_results_snapshot_upgrade,2
all_other_app_types_risk_00038,test,All Other App Types,risk_path,reconstructed_from_graph_and_baseline,rating_results_designed_all_other,1
all_other_app_types_risk_00041,train,All Other App Types,risk_path,browser_snapshot,rating_results_snapshot_upgrade,2
all_other_app_types_risk_00043,train,All Other App Types,risk_path,browser_snapshot,rating_results_snapshot_upgrade,2
all_other_app_types_risk_00044,train,All Other App Types,risk_path,browser_snapshot,rating_results_snapshot_upgrade,2
all_other_app_types_risk_00045,train,All Other App Types,risk_path,browser_snapshot,rating_results_snapshot_upgrade,2
all_other_app_types_risk_00046,test,All Other App Types,risk_path,browser_snapshot,rating_results_snapshot_upgrade,2
all_other_app_types_risk_00048,train,All Other App Types,risk_path,reconstructed_from_graph_and_baseline,rating_results_designed_all_other,1
all_other_app_types_risk_00049,train,All Other App Types,risk_path,browser_snapshot,rating_results_snapshot_upgrade,2
all_other_app_types_risk_00051,test,All Other App Types,risk_path,browser_snapshot,rating_results_snapshot_upgrade,2
all_other_app_types_risk_00055,test,All Other App Types,risk_path,browser_snapshot,rating_results_snapshot_upgrade,2
all_other_app_types_risk_00056,test,All Other App Types,risk_path,browser_snapshot,rating_results_snapshot_upgrade,2
all_other_app_types_risk_00057,train,All Other App Types,risk_path,browser_snapshot,rating_results_snapshot_upgrade,2
all_other_app_types_risk_00063,train,All Other App Types,risk_path,browser_snapshot,rating_results_snapshot_upgrade,2
all_other_app_types_risk_00065,train,All Other App Types,risk_path,browser_snapshot,rating_results_snapshot_upgrade,2
all_other_app_types_risk_00068,train,All Other App Types,risk_path,browser_snapshot,rating_results_snapshot_upgrade,2
all_other_app_types_risk_00070,train,All Other App Types,risk_path,browser_snapshot,rating_results_snapshot_upgrade,2
all_other_app_types_risk_00071,test,All Other App Types,risk_path,browser_snapshot,rating_results_snapshot_upgrade,2
all_other_app_types_risk_00075,train,All Other App Types,risk_path,browser_snapshot,rating_results_snapshot_upgrade,2
all_other_app_types_risk_00076,train,All Other App Types,risk_path,browser_snapshot,rating_results_snapshot_upgrade,2
all_other_app_types_risk_00077,train,All Other App Types,risk_path,browser_snapshot,rating_results_snapshot_upgrade,2
all_other_app_types_risk_00079,test,All Other App Types,risk_path,browser_snapshot,rating_results_snapshot_upgrade,2
all_other_app_types_risk_00080,test,All Other App Types,risk_path,browser_snapshot,rating_results_snapshot_upgrade,2
all_other_app_types_risk_00081,test,All Other App Types,risk_path,browser_snapshot,rating_results_snapshot_upgrade,2
all_other_app_types_risk_00088,test,All Other App Types,risk_path,browser_snapshot,rating_results_snapshot_upgrade,2
all_other_app_types_risk_00089,train,All Other App Types,risk_path,browser_snapshot,rating_results_snapshot_upgrade,2
all_other_app_types_risk_00090,test,All Other App Types,risk_path,browser_snapshot,rating_results_snapshot_upgrade,2
all_other_app_types_risk_00094,train,All Other App Types,risk_path,browser_snapshot,rating_results_snapshot_upgrade,2
all_other_app_types_risk_00096,train,All Other App Types,risk_path,browser_snapshot,rating_results_snapshot_upgrade,2
all_other_app_types_risk_00097,train,All Other App Types,risk_path,browser_snapshot,rating_results_snapshot_upgrade,2
all_other_app_types_risk_00107,test,All Other App Types,risk_pairwise,browser_snapshot,rating_results_snapshot_upgrade,2
all_other_app_types_risk_00108,train,All Other App Types,risk_pairwise,browser_snapshot,rating_results_snapshot_upgrade,2
all_other_app_types_risk_00109,train,All Other App Types,risk_pairwise,browser_snapshot,rating_results_snapshot_upgrade,2
all_other_app_types_risk_00110,train,All Other App Types,risk_pairwise,reconstructed_from_graph_and_baseline,rating_results_designed_all_other,1
all_other_app_types_risk_00111,train,All Other App Types,risk_pairwise,browser_snapshot,rating_results_snapshot_upgrade,2
all_other_app_types_risk_00112,train,All Other App Types,risk_pairwise,browser_snapshot,rating_results_snapshot_upgrade,2
all_other_app_types_risk_00113,train,All Other App Types,risk_pairwise,browser_snapshot,rating_results_snapshot_upgrade,2
all_other_app_types_risk_00117,train,All Other App Types,risk_pairwise,browser_snapshot,rating_results_snapshot_upgrade,2
all_other_app_types_risk_00118,test,All Other App Types,risk_pairwise,browser_snapshot,rating_results_snapshot_upgrade,2
all_other_app_types_risk_00119,train,All Other App Types,risk_pairwise,browser_snapshot,rating_results_snapshot_upgrade,2
all_other_app_types_risk_00120,train,All Other App Types,risk_pairwise,browser_snapshot,rating_results_snapshot_upgrade,2
all_other_app_types_risk_00121,train,All Other App Types,risk_pairwise,browser_snapshot,rating_results_snapshot_upgrade,2
all_other_app_types_risk_00122,train,All Other App Types,risk_pairwise,browser_snapshot,rating_results_snapshot_upgrade,2
all_other_app_types_risk_00123,train,All Other App Types,risk_pairwise,browser_snapshot,rating_results_snapshot_upgrade,2
all_other_app_types_risk_00127,train,All Other App Types,risk_pairwise,browser_snapshot,rating_results_snapshot_upgrade,2
all_other_app_types_risk_00128,train,All Other App Types,risk_pairwise,browser_snapshot,rating_results_snapshot_upgrade,2
all_other_app_types_risk_00129,test,All Other App Types,risk_pairwise,browser_snapshot,rating_results_snapshot_upgrade,2
all_other_app_types_risk_00133,test,All Other App Types,risk_pairwise,browser_snapshot,rating_results_snapshot_upgrade,2
all_other_app_types_risk_00137,train,All Other App Types,risk_pairwise,browser_snapshot,rating_results_snapshot_upgrade,2
all_other_app_types_risk_00138,train,All Other App Types,risk_pairwise,browser_snapshot,rating_results_snapshot_upgrade,2
all_other_app_types_risk_00139,train,All Other App Types,risk_pairwise,browser_snapshot,rating_results_snapshot_upgrade,2
all_other_app_types_risk_00140,train,All Other App Types,risk_pairwise,browser_snapshot,rating_results_snapshot_upgrade,2
all_other_app_types_risk_00142,train,All Other App Types,risk_pairwise,browser_snapshot,rating_results_snapshot_upgrade,2
all_other_app_types_risk_00143,train,All Other App Types,risk_pairwise,browser_snapshot,rating_results_snapshot_upgrade,2
all_other_app_types_risk_00144,test,All Other App Types,risk_pairwise,browser_snapshot,rating_results_snapshot_upgrade,2
all_other_app_types_risk_00145,train,All Other App Types,risk_pairwise,browser_snapshot,rating_results_snapshot_upgrade,2
all_other_app_types_risk_00146,test,All Other App Types,risk_pairwise,browser_snapshot,rating_results_snapshot_upgrade,2
all_other_app_types_risk_00147,train,All Other App Types,risk_pairwise,browser_snapshot,rating_results_snapshot_upgrade,2
all_other_app_types_risk_00148,train,All Other App Types,risk_pairwise,browser_snapshot,rating_results_snapshot_upgrade,2
all_other_app_types_risk_00149,train,All Other App Types,risk_pairwise,browser_snapshot,rating_results_snapshot_upgrade,2
all_other_app_types_risk_00150,train,All Other App Types,risk_pairwise,browser_snapshot,rating_results_snapshot_upgrade,2
all_other_app_types_risk_00151,train,All Other App Types,risk_pairwise,browser_snapshot,rating_results_snapshot_upgrade,2
all_other_app_types_risk_00155,train,All Other App Types,risk_pairwise,reconstructed_from_graph_and_baseline,rating_results_designed_all_other,1
all_other_app_types_risk_00156,train,All Other App Types,risk_pairwise,browser_snapshot,rating_results_snapshot_upgrade,2
all_other_app_types_risk_00157,train,All Other App Types,risk_pairwise,browser_snapshot,rating_results_snapshot_upgrade,2
all_other_app_types_risk_00158,train,All Other App Types,risk_pairwise,browser_snapshot,rating_results_snapshot_upgrade,2
all_other_app_types_risk_00159,train,All Other App Types,risk_pairwise,browser_snapshot,rating_results_snapshot_upgrade,2
all_other_app_types_risk_00160,train,All Other App Types,risk_pairwise,reconstructed_from_graph_and_baseline,rating_results_designed_all_other,1
all_other_app_types_risk_00161,train,All Other App Types,risk_pairwise,browser_snapshot,rating_results_snapshot_upgrade,2
all_other_app_types_risk_00165,test,All Other App Types,risk_pairwise,browser_snapshot,rating_results_snapshot_upgrade,2
all_other_app_types_risk_00166,train,All Other App Types,risk_pairwise,browser_snapshot,rating_results_snapshot_upgrade,2
all_other_app_types_risk_00167,train,All Other App Types,risk_pairwise,browser_snapshot,rating_results_snapshot_upgrade,2
all_other_app_types_risk_00171,train,All Other App Types,risk_pairwise,browser_snapshot,rating_results_snapshot_upgrade,2
all_other_app_types_risk_00175,train,All Other App Types,risk_pairwise,browser_snapshot,rating_results_snapshot_upgrade,2
all_other_app_types_risk_00176,train,All Other App Types,risk_pairwise,browser_snapshot,rating_results_snapshot_upgrade,2
all_other_app_types_risk_00177,test,All Other App Types,risk_pairwise,browser_snapshot,rating_results_snapshot_upgrade,2
all_other_app_types_risk_00178,train,All Other App Types,risk_pairwise,browser_snapshot,rating_results_snapshot_upgrade,2
all_other_app_types_risk_00180,train,All Other App Types,risk_pairwise,browser_snapshot,rating_results_snapshot_upgrade,2
all_other_app_types_risk_00181,train,All Other App Types,risk_pairwise,browser_snapshot,rating_results_snapshot_upgrade,2
all_other_app_types_risk_00182,train,All Other App Types,risk_pairwise,browser_snapshot,rating_results_snapshot_upgrade,2
all_other_app_types_risk_00183,test,All Other App Types,risk_pairwise,reconstructed_from_graph_and_baseline,rating_results_designed_all_other,1
all_other_app_types_risk_00184,train,All Other App Types,risk_pairwise,browser_snapshot,rating_results_snapshot_upgrade,2
all_other_app_types_risk_00185,train,All Other App Types,risk_pairwise,browser_snapshot,rating_results_snapshot_upgrade,2
all_other_app_types_risk_00186,train,All Other App Types,risk_pairwise,browser_snapshot,rating_results_snapshot_upgrade,2
auto_all_other_app_types_00bf53d4bf1d0679,train,All Other App Types,autonomous_2_way,browser_snapshot,rating_results_snapshot_upgrade,2
auto_all_other_app_types_029aec124b2c0df2,train,All Other App Types,autonomous_3_way,browser_snapshot,rating_results_snapshot_upgrade,2
auto_all_other_app_types_05dfa0563cf1dd17,train,All Other App Types,autonomous_baseline,browser_snapshot,rating_results_snapshot_upgrade,2
auto_all_other_app_types_07a64e1da664258a,train,All Other App Types,autonomous_2_way,browser_snapshot,rating_results_snapshot_upgrade,2
auto_all_other_app_types_0a3d31dd42d7db23,train,All Other App Types,autonomous_4_way,browser_snapshot,rating_results_snapshot_upgrade,2
auto_all_other_app_types_10877a508789f7cc,test,All Other App Types,autonomous_4_way,browser_snapshot,rating_results_snapshot_upgrade,2
auto_all_other_app_types_158a1c7d8c452ff8,test,All Other App Types,autonomous_single,browser_snapshot,rating_results_snapshot_upgrade,2
auto_all_other_app_types_162b1d0596597781,train,All Other App Types,autonomous_3_way,browser_snapshot,rating_results_snapshot_upgrade,2
auto_all_other_app_types_16951f34c39b7686,train,All Other App Types,autonomous_3_way,browser_snapshot,rating_results_snapshot_upgrade,2
auto_all_other_app_types_19808f273c047682,train,All Other App Types,autonomous_2_way,browser_snapshot,rating_results_snapshot_upgrade,2
auto_all_other_app_types_19fce6ec84befb94,train,All Other App Types,autonomous_4_way,browser_snapshot,rating_results_snapshot_upgrade,2
auto_all_other_app_types_1db5fcb9fb04110f,test,All Other App Types,autonomous_2_way,browser_snapshot,rating_results_snapshot_upgrade,2
auto_all_other_app_types_23ffb810c71b3839,train,All Other App Types,autonomous_2_way,browser_snapshot,rating_results_snapshot_upgrade,2
auto_all_other_app_types_2448a2b58680be8d,train,All Other App Types,autonomous_single,browser_snapshot,rating_results_snapshot_upgrade,2
auto_all_other_app_types_24b37692feeed8a1,train,All Other App Types,autonomous_2_way,browser_snapshot,rating_results_snapshot_upgrade,2
auto_all_other_app_types_253421bca61774ac,test,All Other App Types,autonomous_single,browser_snapshot,rating_results_snapshot_upgrade,2
auto_all_other_app_types_27f6898663cf49b3,train,All Other App Types,autonomous_2_way,browser_snapshot,rating_results_snapshot_upgrade,2
auto_all_other_app_types_2802087d8b0338fd,train,All Other App Types,autonomous_single,browser_snapshot,rating_results_snapshot_upgrade,2
auto_all_other_app_types_2a1aa33202f07799,test,All Other App Types,autonomous_4_way,browser_snapshot,rating_results_snapshot_upgrade,2
auto_all_other_app_types_2f5d66c32db500c5,train,All Other App Types,autonomous_4_way,browser_snapshot,rating_results_snapshot_upgrade,2
auto_all_other_app_types_2fef39f79b870fbd,train,All Other App Types,autonomous_3_way,browser_snapshot,rating_results_snapshot_upgrade,2
auto_all_other_app_types_325b291c58a17ad9,train,All Other App Types,autonomous_4_way,browser_snapshot,rating_results_snapshot_upgrade,2
auto_all_other_app_types_39c206448a8cd94d,train,All Other App Types,autonomous_single,browser_snapshot,rating_results_snapshot_upgrade,2
auto_all_other_app_types_3a648a2f762866e6,train,All Other App Types,autonomous_4_way,browser_snapshot,rating_results_snapshot_upgrade,2
auto_all_other_app_types_3bb1f6d142370cf6,test,All Other App Types,autonomous_3_way,browser_snapshot,rating_results_snapshot_upgrade,2
auto_all_other_app_types_3ef7e06a468dbc31,train,All Other App Types,autonomous_3_way,browser_snapshot,rating_results_snapshot_upgrade,2
auto_all_other_app_types_40ad155d72a69663,train,All Other App Types,autonomous_single,browser_snapshot,rating_results_snapshot_upgrade,2
auto_all_other_app_types_4136cd3210586c1d,test,All Other App Types,autonomous_2_way,browser_snapshot,rating_results_snapshot_upgrade,2
auto_all_other_app_types_43beb43d0b4c792e,test,All Other App Types,autonomous_2_way,browser_snapshot,rating_results_snapshot_upgrade,2
auto_all_other_app_types_4428ce6e4dce246d,test,All Other App Types,autonomous_single,browser_snapshot,rating_results_snapshot_upgrade,2
auto_all_other_app_types_44437a848a4f836e,train,All Other App Types,autonomous_single,browser_snapshot,rating_results_snapshot_upgrade,2
auto_all_other_app_types_47d96006a33b9a4a,train,All Other App Types,autonomous_single,browser_snapshot,rating_results_snapshot_upgrade,2
auto_all_other_app_types_48d6795c443fb6b7,test,All Other App Types,autonomous_3_way,browser_snapshot,rating_results_snapshot_upgrade,2
auto_all_other_app_types_4ae635e041362d7d,train,All Other App Types,autonomous_2_way,browser_snapshot,rating_results_snapshot_upgrade,2
auto_all_other_app_types_4de31862ed28b495,train,All Other App Types,autonomous_2_way,browser_snapshot,rating_results_snapshot_upgrade,2
auto_all_other_app_types_4fc99c6b9038fbb4,train,All Other App Types,autonomous_2_way,browser_snapshot,rating_results_snapshot_upgrade,2
auto_all_other_app_types_5100c0282d9cd410,test,All Other App Types,autonomous_2_way,browser_snapshot,rating_results_snapshot_upgrade,2
auto_all_other_app_types_56dbba5d88c291fe,test,All Other App Types,autonomous_1_way,browser_snapshot,rating_results_snapshot_upgrade,2
auto_all_other_app_types_582afbb719adff8f,test,All Other App Types,autonomous_single,browser_snapshot,rating_results_snapshot_upgrade,2
auto_all_other_app_types_5dd4f7c8b6619c95,train,All Other App Types,autonomous_2_way,browser_snapshot,rating_results_snapshot_upgrade,2
auto_all_other_app_types_5fe59c0f48b5afea,train,All Other App Types,autonomous_3_way,browser_snapshot,rating_results_snapshot_upgrade,2
auto_all_other_app_types_600d459b3bf244d5,train,All Other App Types,autonomous_4_way,browser_snapshot,rating_results_snapshot_upgrade,2
auto_all_other_app_types_629e338c6314473a,test,All Other App Types,autonomous_4_way,browser_snapshot,rating_results_snapshot_upgrade,2
auto_all_other_app_types_62e1f4f69fd7b9ed,train,All Other App Types,autonomous_single,browser_snapshot,rating_results_snapshot_upgrade,2
auto_all_other_app_types_67353846cd294f24,test,All Other App Types,autonomous_single,browser_snapshot,rating_results_snapshot_upgrade,2
auto_all_other_app_types_67437f207863cced,test,All Other App Types,autonomous_single,browser_snapshot,rating_results_snapshot_upgrade,2
auto_all_other_app_types_6843d8645fde8eeb,train,All Other App Types,autonomous_single,browser_snapshot,rating_results_snapshot_upgrade,2
auto_all_other_app_types_692ecdab88116b0e,test,All Other App Types,autonomous_3_way,browser_snapshot,rating_results_snapshot_upgrade,2
auto_all_other_app_types_6a9a9734448d62a3,train,All Other App Types,autonomous_2_way,browser_snapshot,rating_results_snapshot_upgrade,2
auto_all_other_app_types_6d662d2041e65364,train,All Other App Types,autonomous_single,browser_snapshot,rating_results_snapshot_upgrade,2
auto_all_other_app_types_6e915957d892518b,train,All Other App Types,autonomous_2_way,browser_snapshot,rating_results_snapshot_upgrade,2
auto_all_other_app_types_6fde04de12094649,test,All Other App Types,autonomous_4_way,browser_snapshot,rating_results_snapshot_upgrade,2
auto_all_other_app_types_7304042dc09c27c5,test,All Other App Types,autonomous_2_way,browser_snapshot,rating_results_snapshot_upgrade,2
auto_all_other_app_types_735629f3dcedd62b,train,All Other App Types,autonomous_3_way,browser_snapshot,rating_results_snapshot_upgrade,2
auto_all_other_app_types_78b50238dc1257f7,train,All Other App Types,autonomous_3_way,browser_snapshot,rating_results_snapshot_upgrade,2
auto_all_other_app_types_7c56566ef90cd6ed,train,All Other App Types,autonomous_3_way,browser_snapshot,rating_results_snapshot_upgrade,2
auto_all_other_app_types_8455687762dba7d7,train,All Other App Types,autonomous_2_way,browser_snapshot,rating_results_snapshot_upgrade,2
auto_all_other_app_types_8682c7255376b478,train,All Other App Types,autonomous_4_way,browser_snapshot,rating_results_snapshot_upgrade,2
auto_all_other_app_types_888f36d61d4d04a9,test,All Other App Types,autonomous_2_way,browser_snapshot,rating_results_snapshot_upgrade,2
auto_all_other_app_types_8d47d9b4fa0a1cbe,test,All Other App Types,autonomous_2_way,browser_snapshot,rating_results_snapshot_upgrade,2
auto_all_other_app_types_8f07d81091437fa4,train,All Other App Types,autonomous_3_way,browser_snapshot,rating_results_snapshot_upgrade,2
auto_all_other_app_types_8fd92a0a42544346,test,All Other App Types,autonomous_4_way,browser_snapshot,rating_results_snapshot_upgrade,2
auto_all_other_app_types_904012f8b1647482,train,All Other App Types,autonomous_2_way,browser_snapshot,rating_results_snapshot_upgrade,2
auto_all_other_app_types_907633d16dbf991e,train,All Other App Types,autonomous_3_way,browser_snapshot,rating_results_snapshot_upgrade,2
auto_all_other_app_types_96352e8f19699394,train,All Other App Types,autonomous_single,browser_snapshot,rating_results_snapshot_upgrade,2
auto_all_other_app_types_9bc3f47f0f4859ee,train,All Other App Types,autonomous_2_way,browser_snapshot,rating_results_snapshot_upgrade,2
auto_all_other_app_types_9bcc8d951a667ac0,test,All Other App Types,autonomous_2_way,browser_snapshot,rating_results_snapshot_upgrade,2
auto_all_other_app_types_9ff94b152f10634e,train,All Other App Types,autonomous_2_way,browser_snapshot,rating_results_snapshot_upgrade,2
auto_all_other_app_types_a8ea2a0779609700,train,All Other App Types,autonomous_3_way,reconstructed_from_graph_and_baseline,rating_autonomous,1
auto_all_other_app_types_ac42a56bcc848722,train,All Other App Types,autonomous_2_way,browser_snapshot,rating_results_snapshot_upgrade,2
auto_all_other_app_types_ad0f86c092cd7419,train,All Other App Types,autonomous_2_way,browser_snapshot,rating_results_snapshot_upgrade,2
auto_all_other_app_types_af1f78f9c582b495,train,All Other App Types,autonomous_2_way,browser_snapshot,rating_results_snapshot_upgrade,2
auto_all_other_app_types_b318f007aa098a2e,train,All Other App Types,autonomous_2_way,browser_snapshot,rating_results_snapshot_upgrade,2
auto_all_other_app_types_b46731efd7aa62f2,train,All Other App Types,autonomous_3_way,browser_snapshot,rating_results_snapshot_upgrade,2
auto_all_other_app_types_b7db4c82ba8d8320,train,All Other App Types,autonomous_4_way,browser_snapshot,rating_results_snapshot_upgrade,2
auto_all_other_app_types_be3443d8e004e435,test,All Other App Types,autonomous_4_way,browser_snapshot,rating_results_snapshot_upgrade,2
auto_all_other_app_types_be518b2b48b4b354,train,All Other App Types,autonomous_2_way,browser_snapshot,rating_results_snapshot_upgrade,2
auto_all_other_app_types_bf5d97d5cfad61ba,train,All Other App Types,autonomous_2_way,browser_snapshot,rating_results_snapshot_upgrade,2
auto_all_other_app_types_c047b0ffdfd8f891,train,All Other App Types,autonomous_2_way,browser_snapshot,rating_results_snapshot_upgrade,2
auto_all_other_app_types_c2e28e3b70f716de,train,All Other App Types,autonomous_3_way,browser_snapshot,rating_results_snapshot_upgrade,2
auto_all_other_app_types_c77db03da1f53903,train,All Other App Types,autonomous_3_way,browser_snapshot,rating_results_snapshot_upgrade,2
auto_all_other_app_types_c79453a87b1ab1a9,test,All Other App Types,autonomous_single,browser_snapshot,rating_results_snapshot_upgrade,2
auto_all_other_app_types_c831b9ac360d8eae,train,All Other App Types,autonomous_2_way,browser_snapshot,rating_results_snapshot_upgrade,2
auto_all_other_app_types_c869b5b80fdcc66a,train,All Other App Types,autonomous_2_way,browser_snapshot,rating_results_snapshot_upgrade,2
auto_all_other_app_types_c886cb2b42b8e222,train,All Other App Types,autonomous_single,browser_snapshot,rating_results_snapshot_upgrade,2
auto_all_other_app_types_c8cab127dfe473d7,test,All Other App Types,autonomous_2_way,reconstructed_from_graph_and_baseline,rating_autonomous,1
auto_all_other_app_types_c8e6949a63c7b268,train,All Other App Types,autonomous_2_way,browser_snapshot,rating_results_snapshot_upgrade,2
auto_all_other_app_types_c9f48776ee5965ad,train,All Other App Types,autonomous_4_way,browser_snapshot,rating_results_snapshot_upgrade,2
auto_all_other_app_types_cea2a5a40780c8ef,train,All Other App Types,autonomous_2_way,browser_snapshot,rating_results_snapshot_upgrade,2
auto_all_other_app_types_d83c9be4cc92d628,train,All Other App Types,autonomous_2_way,browser_snapshot,rating_results_snapshot_upgrade,2
auto_all_other_app_types_dcf86d0f7e5435e3,train,All Other App Types,autonomous_3_way,browser_snapshot,rating_results_snapshot_upgrade,2
auto_all_other_app_types_dd4138597f004f62,train,All Other App Types,autonomous_2_way,browser_snapshot,rating_results_snapshot_upgrade,2
auto_all_other_app_types_e25e61f5fba3351b,train,All Other App Types,autonomous_single,browser_snapshot,rating_results_snapshot_upgrade,2
auto_all_other_app_types_e2f9df2b39b5261b,train,All Other App Types,autonomous_2_way,browser_snapshot,rating_results_snapshot_upgrade,2
auto_all_other_app_types_e3e02c298e3fe4a9,test,All Other App Types,autonomous_4_way,browser_snapshot,rating_results_snapshot_upgrade,2
auto_all_other_app_types_e76175257e347780,train,All Other App Types,autonomous_3_way,browser_snapshot,rating_results_snapshot_upgrade,2
auto_all_other_app_types_e809759ac4e80c2e,train,All Other App Types,autonomous_4_way,browser_snapshot,rating_results_snapshot_upgrade,2
auto_all_other_app_types_e90e22e27aafba40,train,All Other App Types,autonomous_4_way,browser_snapshot,rating_results_snapshot_upgrade,2
auto_all_other_app_types_e92eb2ebf6678b01,train,All Other App Types,autonomous_2_way,browser_snapshot,rating_results_snapshot_upgrade,2
auto_all_other_app_types_e9dc05cc34f89f57,train,All Other App Types,autonomous_4_way,browser_snapshot,rating_results_snapshot_upgrade,2
auto_all_other_app_types_ea0553d8767c9d0e,train,All Other App Types,autonomous_2_way,browser_snapshot,rating_results_snapshot_upgrade,2
auto_all_other_app_types_f077de1d0d18a539,test,All Other App Types,autonomous_2_way,browser_snapshot,rating_results_snapshot_upgrade,2
auto_all_other_app_types_f1f68d98502eceee,train,All Other App Types,autonomous_single,browser_snapshot,rating_results_snapshot_upgrade,2
auto_all_other_app_types_f353ff41919917fd,train,All Other App Types,autonomous_2_way,browser_snapshot,rating_results_snapshot_upgrade,2
auto_all_other_app_types_f4a3e5409e9e3f72,test,All Other App Types,autonomous_single,browser_snapshot,rating_results_snapshot_upgrade,2
auto_all_other_app_types_f7b92454a2f5382d,train,All Other App Types,autonomous_3_way,browser_snapshot,rating_results_snapshot_upgrade,2
auto_all_other_app_types_f91de8e67a2a231f,train,All Other App Types,autonomous_single,browser_snapshot,rating_results_snapshot_upgrade,2
auto_all_other_app_types_f9d72d2074d31475,train,All Other App Types,autonomous_4_way,reconstructed_from_graph_and_baseline,rating_autonomous,1
auto_all_other_app_types_fa48c40f1907fdd3,test,All Other App Types,autonomous_3_way,browser_snapshot,rating_results_snapshot_upgrade,2
auto_all_other_app_types_fb11a484b618ec6a,train,All Other App Types,autonomous_single,browser_snapshot,rating_results_snapshot_upgrade,2
auto_all_other_app_types_fc41a14c74855e8b,test,All Other App Types,autonomous_2_way,browser_snapshot,rating_results_snapshot_upgrade,2
auto_all_other_app_types_fdf280bb77cf1b64,train,All Other App Types,autonomous_4_way,browser_snapshot,rating_results_snapshot_upgrade,2
auto_all_other_app_types_fe10607e66a260b5,train,All Other App Types,autonomous_3_way,browser_snapshot,rating_results_snapshot_upgrade,2
auto_all_other_app_types_fe5a218cc2e40baf,train,All Other App Types,autonomous_4_way,browser_snapshot,rating_results_snapshot_upgrade,2
auto_game_009f446e2bbede37,train,Game,autonomous_3_way,browser_snapshot,rating_results_snapshot_upgrade,2
auto_game_01a820d9d4b55a90,train,Game,autonomous_2_way,browser_snapshot,rating_results_snapshot_upgrade,2
auto_game_03742640601e3315,train,Game,autonomous_2_way,browser_snapshot,rating_results_snapshot_upgrade,2
auto_game_03e20e7044cd069a,train,Game,autonomous_4_way,browser_snapshot,rating_results_snapshot_upgrade,2
auto_game_060fd910289f68bd,test,Game,autonomous_4_way,browser_snapshot,rating_results_snapshot_upgrade,2
auto_game_06a7c40d25e5566c,train,Game,autonomous_2_way,browser_snapshot,rating_results_snapshot_upgrade,2
auto_game_07063bd92baa56f5,test,Game,autonomous_4_way,browser_snapshot,rating_results_snapshot_upgrade,2
auto_game_07bb51c9e48384bc,train,Game,autonomous_2_way,browser_snapshot,rating_results_snapshot_upgrade,2
auto_game_085fe3bd8fa45afa,train,Game,autonomous_3_way,browser_snapshot,rating_results_snapshot_upgrade,2
auto_game_087b82db8b79b953,train,Game,autonomous_4_way,browser_snapshot,rating_results_snapshot_upgrade,2
auto_game_08fb64a4b4fa9a1f,test,Game,autonomous_4_way,browser_snapshot,rating_results_snapshot_upgrade,2
auto_game_09b0d49e0e81d738,train,Game,autonomous_3_way,browser_snapshot,rating_results_snapshot_upgrade,2
auto_game_0a0df1e29149f80b,train,Game,autonomous_2_way,browser_snapshot,rating_results_snapshot_upgrade,2
auto_game_0a2e831362564bbf,test,Game,autonomous_single,browser_snapshot,rating_results_snapshot_upgrade,2
auto_game_0acb19cfa5ab5013,train,Game,autonomous_3_way,browser_snapshot,rating_results_snapshot_upgrade,2
auto_game_0c93b344b15553f9,test,Game,autonomous_3_way,browser_snapshot,rating_results_snapshot_upgrade,2
auto_game_0d1a336af3e645ac,train,Game,autonomous_3_way,browser_snapshot,rating_results_snapshot_upgrade,2
auto_game_0dbb78c3b59020d7,train,Game,autonomous_2_way,browser_snapshot,rating_results_snapshot_upgrade,2
auto_game_0dcdc0b379b9383f,train,Game,autonomous_4_way,browser_snapshot,rating_results_snapshot_upgrade,2
auto_game_0dddcd8658e23885,train,Game,autonomous_4_way,browser_snapshot,rating_results_snapshot_upgrade,2
auto_game_0e629578b1402d70,train,Game,autonomous_4_way,browser_snapshot,rating_results_snapshot_upgrade,2
auto_game_0ed6b7c5babb16d4,train,Game,autonomous_2_way,browser_snapshot,rating_results_snapshot_upgrade,2
auto_game_0fb53eb3dc4f89d9,test,Game,autonomous_4_way,browser_snapshot,rating_results_snapshot_upgrade,2
auto_game_107ead173d555944,train,Game,autonomous_single,reconstructed_from_graph_and_baseline,rating_autonomous,1
auto_game_10d993fe64955191,train,Game,autonomous_2_way,browser_snapshot,rating_results_snapshot_upgrade,2
auto_game_12bd666ca7bbcf15,train,Game,autonomous_2_way,browser_snapshot,rating_results_snapshot_upgrade,2
auto_game_12f654f2febdb093,test,Game,autonomous_3_way,browser_snapshot,rating_results_snapshot_upgrade,2
auto_game_13fe9e4816540ca1,train,Game,autonomous_2_way,browser_snapshot,rating_results_snapshot_upgrade,2
auto_game_1512d439cbf98dbb,train,Game,autonomous_2_way,browser_snapshot,rating_results_snapshot_upgrade,2
auto_game_16f517b4ade0581f,test,Game,autonomous_3_way,browser_snapshot,rating_results_snapshot_upgrade,2
auto_game_1805ed55e876accd,train,Game,autonomous_2_way,browser_snapshot,rating_results_snapshot_upgrade,2
auto_game_184fe0da9f61336b,test,Game,autonomous_4_way,browser_snapshot,rating_results_snapshot_upgrade,2
auto_game_1873200dbe5aa344,train,Game,autonomous_4_way,browser_snapshot,rating_results_snapshot_upgrade,2
auto_game_18a168bbfe23a25f,train,Game,autonomous_3_way,browser_snapshot,rating_results_snapshot_upgrade,2
auto_game_18b60488147d4c1d,train,Game,autonomous_2_way,browser_snapshot,rating_results_snapshot_upgrade,2
auto_game_19e3e1875950854a,train,Game,autonomous_2_way,browser_snapshot,rating_results_snapshot_upgrade,2
auto_game_1a18ca13be8b08b5,train,Game,autonomous_2_way,browser_snapshot,rating_results_snapshot_upgrade,2
auto_game_1a363d0b339341bb,train,Game,autonomous_2_way,browser_snapshot,rating_results_snapshot_upgrade,2
auto_game_1ad11d96f60459e8,train,Game,autonomous_3_way,browser_snapshot,rating_results_snapshot_upgrade,2
auto_game_1ae1b25cf7091ed0,train,Game,autonomous_2_way,browser_snapshot,rating_results_snapshot_upgrade,2
auto_game_1b7c413060dc053c,train,Game,autonomous_3_way,browser_snapshot,rating_results_snapshot_upgrade,2
auto_game_1c8004debfa39475,train,Game,autonomous_single,browser_snapshot,rating_results_snapshot_upgrade,2
auto_game_1cb052a4ca0f656e,train,Game,autonomous_3_way,browser_snapshot,rating_results_snapshot_upgrade,2
auto_game_1d737677e5d8f3a3,train,Game,autonomous_2_way,browser_snapshot,rating_results_snapshot_upgrade,2
auto_game_1ed365a31cb5c345,train,Game,autonomous_2_way,browser_snapshot,rating_results_snapshot_upgrade,2
auto_game_1ef24f15ae6586f3,train,Game,autonomous_4_way,browser_snapshot,rating_results_snapshot_upgrade,2
auto_game_1fde114abb3c0cd3,train,Game,autonomous_2_way,browser_snapshot,rating_results_snapshot_upgrade,2
auto_game_21c0c27480489b8d,train,Game,autonomous_single,browser_snapshot,rating_results_snapshot_upgrade,2
auto_game_23de8dedc3ff84a6,test,Game,autonomous_4_way,browser_snapshot,rating_results_snapshot_upgrade,2
auto_game_24b85a4c8a603462,train,Game,autonomous_2_way,browser_snapshot,rating_results_snapshot_upgrade,2
auto_game_259ceb718e5fb522,train,Game,autonomous_2_way,browser_snapshot,rating_results_snapshot_upgrade,2
auto_game_25f88d7f061d8490,train,Game,autonomous_2_way,browser_snapshot,rating_results_snapshot_upgrade,2
auto_game_26e42026453789e6,train,Game,autonomous_single,browser_snapshot,rating_results_snapshot_upgrade,2
auto_game_26fc0344e99fcd6b,train,Game,autonomous_4_way,browser_snapshot,rating_results_snapshot_upgrade,2
auto_game_27e165559487d631,test,Game,autonomous_single,browser_snapshot,rating_results_snapshot_upgrade,2
auto_game_28e0c2a708bb5ab9,train,Game,autonomous_3_way,browser_snapshot,rating_results_snapshot_upgrade,2
auto_game_29a1c7e6fcf9a122,test,Game,autonomous_2_way,browser_snapshot,rating_results_snapshot_upgrade,2
auto_game_2bfd69cd84195118,test,Game,autonomous_4_way,browser_snapshot,rating_results_snapshot_upgrade,2
auto_game_2d3a959da76b51de,train,Game,autonomous_2_way,browser_snapshot,rating_results_snapshot_upgrade,2
auto_game_2d8fdf4158ddde1f,train,Game,autonomous_3_way,browser_snapshot,rating_results_snapshot_upgrade,2
auto_game_2f8aad7979cf0a38,train,Game,autonomous_single,browser_snapshot,rating_results_snapshot_upgrade,2
auto_game_2fc608cdabbd3b89,train,Game,autonomous_3_way,browser_snapshot,rating_results_snapshot_upgrade,2
auto_game_31183e3eff6f2504,train,Game,autonomous_4_way,browser_snapshot,rating_results_snapshot_upgrade,2
auto_game_329cc0ebca407f50,train,Game,autonomous_2_way,browser_snapshot,rating_results_snapshot_upgrade,2
auto_game_32cb95b5eb4fb735,train,Game,autonomous_4_way,browser_snapshot,rating_results_snapshot_upgrade,2
auto_game_32fac960ba10dd31,test,Game,autonomous_2_way,browser_snapshot,rating_results_snapshot_upgrade,2
auto_game_34073116d6be0bd4,train,Game,autonomous_2_way,browser_snapshot,rating_results_snapshot_upgrade,2
auto_game_3418e33a160f7fb9,test,Game,autonomous_2_way,browser_snapshot,rating_results_snapshot_upgrade,2
auto_game_34b611124eecda4b,train,Game,autonomous_2_way,browser_snapshot,rating_results_snapshot_upgrade,2
auto_game_34f07fa3e05a2626,test,Game,autonomous_single,browser_snapshot,rating_results_snapshot_upgrade,2
auto_game_35daf53a5cf21cde,train,Game,autonomous_4_way,browser_snapshot,rating_results_snapshot_upgrade,2
auto_game_362315a124225938,test,Game,autonomous_2_way,browser_snapshot,rating_results_snapshot_upgrade,2
auto_game_3647950e25009a5a,train,Game,autonomous_2_way,browser_snapshot,rating_results_snapshot_upgrade,2
auto_game_3878083270683b0c,train,Game,autonomous_2_way,browser_snapshot,rating_results_snapshot_upgrade,2
auto_game_38b91612080eb5e8,train,Game,autonomous_3_way,browser_snapshot,rating_results_snapshot_upgrade,2
auto_game_394205404704ca71,train,Game,autonomous_4_way,browser_snapshot,rating_results_snapshot_upgrade,2
auto_game_396700f3c60332f9,train,Game,autonomous_4_way,browser_snapshot,rating_results_snapshot_upgrade,2
auto_game_3a5805530c59c944,train,Game,autonomous_2_way,browser_snapshot,rating_results_snapshot_upgrade,2
auto_game_3acca6dd3fbe9cec,train,Game,autonomous_single,browser_snapshot,rating_results_snapshot_upgrade,2
auto_game_3aedb1d22f792775,train,Game,autonomous_2_way,browser_snapshot,rating_results_snapshot_upgrade,2
auto_game_3c08b44c54a83225,train,Game,autonomous_single,browser_snapshot,rating_results_snapshot_upgrade,2
auto_game_3c45df19ad9c0c61,test,Game,autonomous_2_way,browser_snapshot,rating_results_snapshot_upgrade,2
auto_game_3dd209c4719f0812,train,Game,autonomous_single,browser_snapshot,rating_results_snapshot_upgrade,2
auto_game_3e3503b95ee0736c,train,Game,autonomous_4_way,browser_snapshot,rating_results_snapshot_upgrade,2
auto_game_3e9acce7d4854b4c,train,Game,autonomous_3_way,browser_snapshot,rating_results_snapshot_upgrade,2
auto_game_3f11c79d9adfa1bd,train,Game,autonomous_2_way,browser_snapshot,rating_results_snapshot_upgrade,2
auto_game_3f446dc8060d289a,train,Game,autonomous_2_way,browser_snapshot,rating_results_snapshot_upgrade,2
auto_game_3f84b12977a6922e,train,Game,autonomous_4_way,browser_snapshot,rating_results_snapshot_upgrade,2
auto_game_400afd246b5ece94,train,Game,autonomous_2_way,browser_snapshot,rating_results_snapshot_upgrade,2
auto_game_40fdaba42435a148,train,Game,autonomous_2_way,browser_snapshot,rating_results_snapshot_upgrade,2
auto_game_4107be7014b623c6,train,Game,autonomous_4_way,browser_snapshot,rating_results_snapshot_upgrade,2
auto_game_41e2257a08ec7278,train,Game,autonomous_2_way,browser_snapshot,rating_results_snapshot_upgrade,2
auto_game_433b57654e73c839,train,Game,autonomous_2_way,browser_snapshot,rating_results_snapshot_upgrade,2
auto_game_437f705497288771,train,Game,autonomous_single,browser_snapshot,rating_results_snapshot_upgrade,2
auto_game_43d3cb720a85d394,train,Game,autonomous_single,browser_snapshot,rating_results_snapshot_upgrade,2
auto_game_4448ae33fb882116,train,Game,autonomous_4_way,browser_snapshot,rating_results_snapshot_upgrade,2
auto_game_44622a905315a978,train,Game,autonomous_2_way,browser_snapshot,rating_results_snapshot_upgrade,2
auto_game_4505cf657943ddac,test,Game,autonomous_2_way,browser_snapshot,rating_results_snapshot_upgrade,2
auto_game_4584fe56fd55fe05,train,Game,autonomous_4_way,browser_snapshot,rating_results_snapshot_upgrade,2
auto_game_45b097631936f029,train,Game,autonomous_2_way,browser_snapshot,rating_results_snapshot_upgrade,2
auto_game_4634737d402446b8,train,Game,autonomous_2_way,browser_snapshot,rating_results_snapshot_upgrade,2
auto_game_46e19ede62fec9a4,test,Game,autonomous_2_way,browser_snapshot,rating_results_snapshot_upgrade,2
auto_game_46ec61741a5cdf0b,train,Game,autonomous_2_way,browser_snapshot,rating_results_snapshot_upgrade,2
auto_game_47126ae08b028244,test,Game,autonomous_4_way,browser_snapshot,rating_results_snapshot_upgrade,2
auto_game_4912973038b4a3f7,train,Game,autonomous_4_way,browser_snapshot,rating_results_snapshot_upgrade,2
auto_game_49c44367dab32da7,train,Game,autonomous_3_way,browser_snapshot,rating_results_snapshot_upgrade,2
auto_game_4a1cc52df1e5f0f2,train,Game,autonomous_2_way,browser_snapshot,rating_results_snapshot_upgrade,2
auto_game_4abc183fb75c24ca,train,Game,autonomous_2_way,browser_snapshot,rating_results_snapshot_upgrade,2
auto_game_4b6306562902804f,train,Game,autonomous_3_way,browser_snapshot,rating_results_snapshot_upgrade,2
auto_game_4bf74e33798f3706,train,Game,autonomous_2_way,browser_snapshot,rating_results_snapshot_upgrade,2
auto_game_4ce2c3e07f6d1420,train,Game,autonomous_2_way,browser_snapshot,rating_results_snapshot_upgrade,2
auto_game_4da6b8195bcfd2c4,train,Game,autonomous_2_way,browser_snapshot,rating_results_snapshot_upgrade,2
auto_game_4deaf394b746304f,train,Game,autonomous_2_way,browser_snapshot,rating_results_snapshot_upgrade,2
auto_game_4f35ae4054e3e494,train,Game,autonomous_4_way,browser_snapshot,rating_results_snapshot_upgrade,2
auto_game_4f382b786018412c,train,Game,autonomous_single,browser_snapshot,rating_results_snapshot_upgrade,2
auto_game_5050860415e93e0f,train,Game,autonomous_2_way,browser_snapshot,rating_results_snapshot_upgrade,2
auto_game_50e2c8f97e766aaa,train,Game,autonomous_2_way,browser_snapshot,rating_results_snapshot_upgrade,2
auto_game_536d10af7d1b43e5,train,Game,autonomous_2_way,browser_snapshot,rating_results_snapshot_upgrade,2
auto_game_55f73fb2ea2d8958,test,Game,autonomous_2_way,browser_snapshot,rating_results_snapshot_upgrade,2
auto_game_578d2b20b16ead9a,train,Game,autonomous_2_way,browser_snapshot,rating_results_snapshot_upgrade,2
auto_game_59496b03eb3c26d7,train,Game,autonomous_4_way,browser_snapshot,rating_results_snapshot_upgrade,2
auto_game_59975617ce3dc70d,train,Game,autonomous_single,browser_snapshot,rating_results_snapshot_upgrade,2
auto_game_59d13cc9ca6fc427,train,Game,autonomous_4_way,browser_snapshot,rating_results_snapshot_upgrade,2
auto_game_5a20155f0a784914,test,Game,autonomous_3_way,browser_snapshot,rating_results_snapshot_upgrade,2
auto_game_5b8431823c59b144,train,Game,autonomous_single,browser_snapshot,rating_results_snapshot_upgrade,2
auto_game_5b98f2a88f686164,train,Game,autonomous_single,browser_snapshot,rating_results_snapshot_upgrade,2
auto_game_5c5f680be1a171f9,test,Game,autonomous_4_way,browser_snapshot,rating_results_snapshot_upgrade,2
auto_game_5df98235e56f942a,train,Game,autonomous_3_way,browser_snapshot,rating_results_snapshot_upgrade,2
auto_game_5e56a9525f278da0,train,Game,autonomous_2_way,browser_snapshot,rating_results_snapshot_upgrade,2
auto_game_5ea33dd97e9b8f82,train,Game,autonomous_3_way,browser_snapshot,rating_results_snapshot_upgrade,2
auto_game_5eae932a0702036b,train,Game,autonomous_single,browser_snapshot,rating_results_snapshot_upgrade,2
auto_game_5fb6c4c8a82bede0,train,Game,autonomous_single,browser_snapshot,rating_results_snapshot_upgrade,2
auto_game_601187320b2275b1,test,Game,autonomous_4_way,browser_snapshot,rating_results_snapshot_upgrade,2
auto_game_60458ad1cc493b49,test,Game,autonomous_2_way,browser_snapshot,rating_results_snapshot_upgrade,2
auto_game_612b0e62a00e3908,train,Game,autonomous_2_way,browser_snapshot,rating_results_snapshot_upgrade,2
auto_game_61af67cb7b0894ca,train,Game,autonomous_2_way,browser_snapshot,rating_results_snapshot_upgrade,2
auto_game_61fc1eeadbf24df6,train,Game,autonomous_2_way,browser_snapshot,rating_results_snapshot_upgrade,2
auto_game_6481810f2a16a9a2,train,Game,autonomous_2_way,browser_snapshot,rating_results_snapshot_upgrade,2
auto_game_651a091ee236ddf9,train,Game,autonomous_2_way,browser_snapshot,rating_results_snapshot_upgrade,2
auto_game_6785deb60e45da18,train,Game,autonomous_2_way,browser_snapshot,rating_results_snapshot_upgrade,2
auto_game_67bba454c4dc0593,train,Game,autonomous_single,browser_snapshot,rating_results_snapshot_upgrade,2
auto_game_69a3e47e96632e06,train,Game,autonomous_4_way,browser_snapshot,rating_results_snapshot_upgrade,2
auto_game_6b0be4f38faef9db,train,Game,autonomous_4_way,browser_snapshot,rating_results_snapshot_upgrade,2
auto_game_6bd05ff5956aad87,train,Game,autonomous_3_way,browser_snapshot,rating_results_snapshot_upgrade,2
auto_game_6d60442319699e1b,test,Game,autonomous_2_way,browser_snapshot,rating_results_snapshot_upgrade,2
auto_game_6d9d6834a18c9285,test,Game,autonomous_single,browser_snapshot,rating_results_snapshot_upgrade,2
auto_game_6e19829d9d765c92,test,Game,autonomous_2_way,browser_snapshot,rating_results_snapshot_upgrade,2
auto_game_705af3acf665297d,train,Game,autonomous_single,browser_snapshot,rating_results_snapshot_upgrade,2
auto_game_713e1a6e636cc786,train,Game,autonomous_2_way,browser_snapshot,rating_results_snapshot_upgrade,2
auto_game_71ae098ae1a2f7eb,train,Game,autonomous_3_way,browser_snapshot,rating_results_snapshot_upgrade,2
auto_game_7414e9d86e26f069,train,Game,autonomous_2_way,browser_snapshot,rating_results_snapshot_upgrade,2
auto_game_75414870547ad5f0,test,Game,autonomous_4_way,browser_snapshot,rating_results_snapshot_upgrade,2
auto_game_75fa3fa260da620a,test,Game,autonomous_4_way,browser_snapshot,rating_results_snapshot_upgrade,2
auto_game_760866b34db8c3bc,train,Game,autonomous_4_way,browser_snapshot,rating_results_snapshot_upgrade,2
auto_game_7627fdfe90cec176,test,Game,autonomous_2_way,browser_snapshot,rating_results_snapshot_upgrade,2
auto_game_77c5fedd85a1c4af,train,Game,autonomous_4_way,browser_snapshot,rating_results_snapshot_upgrade,2
auto_game_780ed238ab976954,train,Game,autonomous_2_way,browser_snapshot,rating_results_snapshot_upgrade,2
auto_game_79bc408ab1cb1535,train,Game,autonomous_2_way,browser_snapshot,rating_results_snapshot_upgrade,2
auto_game_7a257fffb6783da9,train,Game,autonomous_3_way,browser_snapshot,rating_results_snapshot_upgrade,2
auto_game_7a715a212048f2c0,test,Game,autonomous_4_way,browser_snapshot,rating_results_snapshot_upgrade,2
auto_game_7acf21509a0b6711,train,Game,autonomous_2_way,browser_snapshot,rating_results_snapshot_upgrade,2
auto_game_7b1035a703857d97,train,Game,autonomous_single,browser_snapshot,rating_results_snapshot_upgrade,2
auto_game_7b1dd2fd9af19538,train,Game,autonomous_3_way,browser_snapshot,rating_results_snapshot_upgrade,2
auto_game_7be91de34ef3fcc3,train,Game,autonomous_2_way,browser_snapshot,rating_results_snapshot_upgrade,2
auto_game_7ef797edf740f365,train,Game,autonomous_2_way,browser_snapshot,rating_results_snapshot_upgrade,2
auto_game_7f1b8f13eef4e70e,train,Game,autonomous_single,browser_snapshot,rating_results_snapshot_upgrade,2
auto_game_7f2efc991b238ccf,train,Game,autonomous_4_way,browser_snapshot,rating_results_snapshot_upgrade,2
auto_game_7fa4b0243401bd3e,train,Game,autonomous_2_way,browser_snapshot,rating_results_snapshot_upgrade,2
auto_game_808f76220d2e7c16,train,Game,autonomous_2_way,browser_snapshot,rating_results_snapshot_upgrade,2
auto_game_8110c1e597ecc7be,train,Game,autonomous_2_way,browser_snapshot,rating_results_snapshot_upgrade,2
auto_game_81b2bfa2c8d8c63c,train,Game,autonomous_2_way,browser_snapshot,rating_results_snapshot_upgrade,2
auto_game_81eec3606a30c460,train,Game,autonomous_2_way,browser_snapshot,rating_results_snapshot_upgrade,2
auto_game_84af457aab6c7b93,train,Game,autonomous_4_way,browser_snapshot,rating_results_snapshot_upgrade,2
auto_game_84f7262253400f75,train,Game,autonomous_2_way,browser_snapshot,rating_results_snapshot_upgrade,2
auto_game_8617af192cb42de8,test,Game,autonomous_4_way,browser_snapshot,rating_results_snapshot_upgrade,2
auto_game_86cbf083336541db,train,Game,autonomous_2_way,browser_snapshot,rating_results_snapshot_upgrade,2
auto_game_8a10d637664e2f68,train,Game,autonomous_2_way,browser_snapshot,rating_results_snapshot_upgrade,2
auto_game_8a96eef143686c03,train,Game,autonomous_4_way,browser_snapshot,rating_results_snapshot_upgrade,2
auto_game_8beb28a502dea773,train,Game,autonomous_3_way,browser_snapshot,rating_results_snapshot_upgrade,2
auto_game_8ccbf02df7b19574,train,Game,autonomous_2_way,browser_snapshot,rating_results_snapshot_upgrade,2
auto_game_8d74d9f7a9329885,train,Game,autonomous_2_way,browser_snapshot,rating_results_snapshot_upgrade,2
auto_game_8e113764e744493c,train,Game,autonomous_2_way,browser_snapshot,rating_results_snapshot_upgrade,2
auto_game_8e4c2d5ba36f6aa9,train,Game,autonomous_2_way,browser_snapshot,rating_results_snapshot_upgrade,2
auto_game_8ebfabbb175e05a4,train,Game,autonomous_3_way,browser_snapshot,rating_results_snapshot_upgrade,2
auto_game_8f60e34313eb00e2,train,Game,autonomous_2_way,browser_snapshot,rating_results_snapshot_upgrade,2
auto_game_903a9b627a394ec8,train,Game,autonomous_4_way,browser_snapshot,rating_results_snapshot_upgrade,2
auto_game_90a89930056fba72,train,Game,autonomous_2_way,browser_snapshot,rating_results_snapshot_upgrade,2
auto_game_9138e872f004a01c,train,Game,autonomous_2_way,browser_snapshot,rating_results_snapshot_upgrade,2
auto_game_92329ec8c6cf98fd,test,Game,autonomous_4_way,browser_snapshot,rating_results_snapshot_upgrade,2
auto_game_930acb500e4799f7,train,Game,autonomous_4_way,browser_snapshot,rating_results_snapshot_upgrade,2
auto_game_95e3eca7bb54e6b7,train,Game,autonomous_3_way,browser_snapshot,rating_results_snapshot_upgrade,2
auto_game_966dfab15cfebdb0,train,Game,autonomous_3_way,reconstructed_from_graph_and_baseline,rating_autonomous,1
auto_game_9807f861fa3ee955,test,Game,autonomous_2_way,browser_snapshot,rating_results_snapshot_upgrade,2
auto_game_98deed2df01a9d7b,test,Game,autonomous_3_way,browser_snapshot,rating_results_snapshot_upgrade,2
auto_game_9a563ee9c9b65b9c,train,Game,autonomous_2_way,browser_snapshot,rating_results_snapshot_upgrade,2
auto_game_9a9d7c7cfa3e7c9b,test,Game,autonomous_4_way,browser_snapshot,rating_results_snapshot_upgrade,2
auto_game_9aa59a15e01986b2,train,Game,autonomous_3_way,browser_snapshot,rating_results_snapshot_upgrade,2
auto_game_9aa5b762c7de618b,train,Game,autonomous_2_way,browser_snapshot,rating_results_snapshot_upgrade,2
auto_game_9ab7a38b9524f81b,train,Game,autonomous_2_way,browser_snapshot,rating_results_snapshot_upgrade,2
auto_game_9c008c7c057f3af5,train,Game,autonomous_2_way,browser_snapshot,rating_results_snapshot_upgrade,2
auto_game_9c511d7ea140b8de,test,Game,autonomous_2_way,browser_snapshot,rating_results_snapshot_upgrade,2
auto_game_9c70a69335829bff,test,Game,autonomous_2_way,browser_snapshot,rating_results_snapshot_upgrade,2
auto_game_9df90e7b7fd63459,train,Game,autonomous_2_way,browser_snapshot,rating_results_snapshot_upgrade,2
auto_game_9f657e87afe087be,train,Game,autonomous_2_way,browser_snapshot,rating_results_snapshot_upgrade,2
auto_game_9fdec0ee68ebbf18,train,Game,autonomous_4_way,browser_snapshot,rating_results_snapshot_upgrade,2
auto_game_a0c01f29f1f23598,test,Game,autonomous_2_way,browser_snapshot,rating_results_snapshot_upgrade,2
auto_game_a0cb59dfef61b4b9,train,Game,autonomous_2_way,browser_snapshot,rating_results_snapshot_upgrade,2
auto_game_a0ee0eb5685be385,train,Game,autonomous_2_way,browser_snapshot,rating_results_snapshot_upgrade,2
auto_game_a48de378d16311c1,train,Game,autonomous_2_way,browser_snapshot,rating_results_snapshot_upgrade,2
auto_game_a4aec9496f66d1db,train,Game,autonomous_2_way,browser_snapshot,rating_results_snapshot_upgrade,2
auto_game_a5468a6d9d998ff6,train,Game,autonomous_3_way,browser_snapshot,rating_results_snapshot_upgrade,2
auto_game_a6ea7bcb21622cc5,test,Game,autonomous_single,browser_snapshot,rating_results_snapshot_upgrade,2
auto_game_a8a07cbd6039816b,test,Game,autonomous_3_way,browser_snapshot,rating_results_snapshot_upgrade,2
auto_game_a8f4c3cde45037bd,test,Game,autonomous_2_way,browser_snapshot,rating_results_snapshot_upgrade,2
auto_game_a9cc0524da18b528,train,Game,autonomous_2_way,browser_snapshot,rating_results_snapshot_upgrade,2
auto_game_ac1666897e75d6c0,train,Game,autonomous_4_way,browser_snapshot,rating_results_snapshot_upgrade,2
auto_game_ad5166aca43a9d63,train,Game,autonomous_3_way,browser_snapshot,rating_results_snapshot_upgrade,2
auto_game_ae00a4b9a7467d2e,test,Game,autonomous_2_way,browser_snapshot,rating_results_snapshot_upgrade,2
auto_game_af1d44c8c5f4937d,train,Game,autonomous_2_way,browser_snapshot,rating_results_snapshot_upgrade,2
auto_game_afac32c7bd3fd011,train,Game,autonomous_4_way,browser_snapshot,rating_results_snapshot_upgrade,2
auto_game_afba357bf4e488a4,train,Game,autonomous_3_way,browser_snapshot,rating_results_snapshot_upgrade,2
auto_game_aff0196d182885ef,train,Game,autonomous_single,browser_snapshot,rating_results_snapshot_upgrade,2
auto_game_b0ab688999eedf24,train,Game,autonomous_4_way,browser_snapshot,rating_results_snapshot_upgrade,2
auto_game_b102592eeed941be,train,Game,autonomous_3_way,browser_snapshot,rating_results_snapshot_upgrade,2
auto_game_b1b0f24f56b82420,train,Game,autonomous_2_way,browser_snapshot,rating_results_snapshot_upgrade,2
auto_game_b24297557e8cc2d4,train,Game,autonomous_2_way,browser_snapshot,rating_results_snapshot_upgrade,2
auto_game_b29aeda0fc41f786,test,Game,autonomous_3_way,browser_snapshot,rating_results_snapshot_upgrade,2
auto_game_b3945415f9c522ed,train,Game,autonomous_3_way,browser_snapshot,rating_results_snapshot_upgrade,2
auto_game_b39a59015fea0ed4,train,Game,autonomous_1_way,browser_snapshot,rating_results_snapshot_upgrade,2
auto_game_b3c2157c55e1499a,train,Game,autonomous_baseline,browser_snapshot,rating_results_snapshot_upgrade,2
auto_game_b4aece447f0573e3,train,Game,autonomous_4_way,browser_snapshot,rating_results_snapshot_upgrade,2
auto_game_b5902725390966c0,train,Game,autonomous_3_way,browser_snapshot,rating_results_snapshot_upgrade,2
auto_game_b682612bb9ceadd4,train,Game,autonomous_4_way,browser_snapshot,rating_results_snapshot_upgrade,2
auto_game_b6adc13d659c6d72,train,Game,autonomous_3_way,browser_snapshot,rating_results_snapshot_upgrade,2
auto_game_b80bd9648ed73f5c,test,Game,autonomous_4_way,browser_snapshot,rating_results_snapshot_upgrade,2
auto_game_b832547468d875b1,train,Game,autonomous_2_way,browser_snapshot,rating_results_snapshot_upgrade,2
auto_game_b981c9779ff6cb26,test,Game,autonomous_2_way,browser_snapshot,rating_results_snapshot_upgrade,2
auto_game_b9e8f0a3eafa31bf,train,Game,autonomous_2_way,browser_snapshot,rating_results_snapshot_upgrade,2
auto_game_ba912923a62a0485,train,Game,autonomous_3_way,browser_snapshot,rating_results_snapshot_upgrade,2
auto_game_bb53e0ee907f813c,train,Game,autonomous_2_way,browser_snapshot,rating_results_snapshot_upgrade,2
auto_game_bb960d52d5e4dc92,train,Game,autonomous_4_way,browser_snapshot,rating_results_snapshot_upgrade,2
auto_game_bbf9da0557c2fc61,train,Game,autonomous_2_way,browser_snapshot,rating_results_snapshot_upgrade,2
auto_game_c0985a8ba89b11bf,train,Game,autonomous_2_way,browser_snapshot,rating_results_snapshot_upgrade,2
auto_game_c0daf7757ddf71d6,train,Game,autonomous_3_way,browser_snapshot,rating_results_snapshot_upgrade,2
auto_game_c18a218c2f5c1efb,train,Game,autonomous_2_way,browser_snapshot,rating_results_snapshot_upgrade,2
auto_game_c23cfefbb70917f8,train,Game,autonomous_single,browser_snapshot,rating_results_snapshot_upgrade,2
auto_game_c23f87b76b0c0f4c,train,Game,autonomous_2_way,browser_snapshot,rating_results_snapshot_upgrade,2
auto_game_c650fe6b2077ed84,train,Game,autonomous_3_way,browser_snapshot,rating_results_snapshot_upgrade,2
auto_game_c67918a1338f3744,test,Game,autonomous_2_way,browser_snapshot,rating_results_snapshot_upgrade,2
auto_game_c705df76fa356b05,train,Game,autonomous_4_way,browser_snapshot,rating_results_snapshot_upgrade,2
auto_game_c844e451bc25b750,test,Game,autonomous_2_way,browser_snapshot,rating_results_snapshot_upgrade,2
auto_game_c978797909873db4,train,Game,autonomous_4_way,browser_snapshot,rating_results_snapshot_upgrade,2
auto_game_ca6dd12557fd0fa6,train,Game,autonomous_4_way,browser_snapshot,rating_results_snapshot_upgrade,2
auto_game_ca8c86598f1a0770,train,Game,autonomous_2_way,browser_snapshot,rating_results_snapshot_upgrade,2
auto_game_cb743cbb92f36469,test,Game,autonomous_2_way,browser_snapshot,rating_results_snapshot_upgrade,2
auto_game_cc28396eea21a069,train,Game,autonomous_2_way,browser_snapshot,rating_results_snapshot_upgrade,2
auto_game_cc2a78da1fce2020,train,Game,autonomous_2_way,browser_snapshot,rating_results_snapshot_upgrade,2
auto_game_cd324bb03ded8a50,train,Game,autonomous_2_way,browser_snapshot,rating_results_snapshot_upgrade,2
auto_game_cdad5f592d0aaeb2,train,Game,autonomous_2_way,browser_snapshot,rating_results_snapshot_upgrade,2
auto_game_cfc0f4f776ba3544,train,Game,autonomous_3_way,browser_snapshot,rating_results_snapshot_upgrade,2
auto_game_d10a826e6986a091,train,Game,autonomous_single,browser_snapshot,rating_results_snapshot_upgrade,2
auto_game_d1ad48102e303080,train,Game,autonomous_4_way,browser_snapshot,rating_results_snapshot_upgrade,2
auto_game_d2cc486487c2b4c2,train,Game,autonomous_3_way,browser_snapshot,rating_results_snapshot_upgrade,2
auto_game_d38529d183865fff,train,Game,autonomous_4_way,browser_snapshot,rating_results_snapshot_upgrade,2
auto_game_d40fcc6995db39fa,test,Game,autonomous_2_way,browser_snapshot,rating_results_snapshot_upgrade,2
auto_game_d4640e560c14ec42,test,Game,autonomous_2_way,browser_snapshot,rating_results_snapshot_upgrade,2
auto_game_d513c74a3da61b78,test,Game,autonomous_3_way,browser_snapshot,rating_results_snapshot_upgrade,2
auto_game_d543057d423dafdc,train,Game,autonomous_2_way,browser_snapshot,rating_results_snapshot_upgrade,2
auto_game_d55f9d372403ab0d,train,Game,autonomous_4_way,reconstructed_from_graph_and_baseline,rating_autonomous,1
auto_game_d582a9dda3afb534,train,Game,autonomous_2_way,browser_snapshot,rating_results_snapshot_upgrade,2
auto_game_d5c20f0ec4e15523,train,Game,autonomous_single,browser_snapshot,rating_results_snapshot_upgrade,2
auto_game_d65d2e414e425fe3,test,Game,autonomous_2_way,browser_snapshot,rating_results_snapshot_upgrade,2
auto_game_d6769235d795a3fb,train,Game,autonomous_2_way,browser_snapshot,rating_results_snapshot_upgrade,2
auto_game_d786d2fc55fe2ef4,train,Game,autonomous_3_way,browser_snapshot,rating_results_snapshot_upgrade,2
auto_game_d7e0429b09dcd608,test,Game,autonomous_single,browser_snapshot,rating_results_snapshot_upgrade,2
auto_game_d8465f556324d4c0,train,Game,autonomous_2_way,browser_snapshot,rating_results_snapshot_upgrade,2
auto_game_d860ea621651a8ab,train,Game,autonomous_single,browser_snapshot,rating_results_snapshot_upgrade,2
auto_game_d8be54f81def1a6d,train,Game,autonomous_2_way,browser_snapshot,rating_results_snapshot_upgrade,2
auto_game_d8fde3d0202a88eb,train,Game,autonomous_2_way,browser_snapshot,rating_results_snapshot_upgrade,2
auto_game_da4dea2bb6b1522b,train,Game,autonomous_4_way,browser_snapshot,rating_results_snapshot_upgrade,2
auto_game_db2bd9ba76145165,train,Game,autonomous_2_way,browser_snapshot,rating_results_snapshot_upgrade,2
auto_game_dc6ccc81cff6c519,test,Game,autonomous_single,browser_snapshot,rating_results_snapshot_upgrade,2
auto_game_ddd0de063a3adfbd,train,Game,autonomous_2_way,browser_snapshot,rating_results_snapshot_upgrade,2
auto_game_de323c45bd98a0be,train,Game,autonomous_2_way,browser_snapshot,rating_results_snapshot_upgrade,2
auto_game_de5762a05d1800a6,train,Game,autonomous_4_way,browser_snapshot,rating_results_snapshot_upgrade,2
auto_game_de983eec9ba5e67f,train,Game,autonomous_2_way,browser_snapshot,rating_results_snapshot_upgrade,2
auto_game_df7d2ad0c138753c,test,Game,autonomous_single,browser_snapshot,rating_results_snapshot_upgrade,2
auto_game_dfb352c6a801dd61,train,Game,autonomous_4_way,browser_snapshot,rating_results_snapshot_upgrade,2
auto_game_e0925f17a3db47f9,train,Game,autonomous_2_way,browser_snapshot,rating_results_snapshot_upgrade,2
auto_game_e0b6f6ab501156a4,train,Game,autonomous_single,browser_snapshot,rating_results_snapshot_upgrade,2
auto_game_e0f8328c4a3e0037,train,Game,autonomous_2_way,browser_snapshot,rating_results_snapshot_upgrade,2
auto_game_e10eb6f4f68c9683,train,Game,autonomous_2_way,browser_snapshot,rating_results_snapshot_upgrade,2
auto_game_e190774efb95b06f,train,Game,autonomous_2_way,browser_snapshot,rating_results_snapshot_upgrade,2
auto_game_e3b600b6540d9064,train,Game,autonomous_2_way,browser_snapshot,rating_results_snapshot_upgrade,2
auto_game_e3db78b345ad5b9b,train,Game,autonomous_3_way,browser_snapshot,rating_results_snapshot_upgrade,2
auto_game_e3e155d8c90eeffa,train,Game,autonomous_2_way,browser_snapshot,rating_results_snapshot_upgrade,2
auto_game_e4162148144339e3,train,Game,autonomous_3_way,browser_snapshot,rating_results_snapshot_upgrade,2
auto_game_e426633b07f74484,train,Game,autonomous_2_way,browser_snapshot,rating_results_snapshot_upgrade,2
auto_game_e54dc51c14eae89e,test,Game,autonomous_2_way,browser_snapshot,rating_results_snapshot_upgrade,2
auto_game_e586905344fa2421,train,Game,autonomous_2_way,browser_snapshot,rating_results_snapshot_upgrade,2
auto_game_e594e4236fe6fd34,train,Game,autonomous_2_way,browser_snapshot,rating_results_snapshot_upgrade,2
auto_game_e5a4714d35014f22,test,Game,autonomous_2_way,browser_snapshot,rating_results_snapshot_upgrade,2
auto_game_e6efd01ec13f5ca5,train,Game,autonomous_2_way,browser_snapshot,rating_results_snapshot_upgrade,2
auto_game_e76483220bb99bb5,train,Game,autonomous_2_way,browser_snapshot,rating_results_snapshot_upgrade,2
auto_game_e7b45588b14a5a78,train,Game,autonomous_2_way,browser_snapshot,rating_results_snapshot_upgrade,2
auto_game_e89e197ef170b81e,train,Game,autonomous_3_way,browser_snapshot,rating_results_snapshot_upgrade,2
auto_game_e8e63db559660349,train,Game,autonomous_2_way,browser_snapshot,rating_results_snapshot_upgrade,2
auto_game_e92232b6ad7b2ce1,train,Game,autonomous_3_way,browser_snapshot,rating_results_snapshot_upgrade,2
auto_game_ea8738fa807c4c0f,train,Game,autonomous_2_way,browser_snapshot,rating_results_snapshot_upgrade,2
auto_game_ec33b684d030f38a,train,Game,autonomous_2_way,browser_snapshot,rating_results_snapshot_upgrade,2
auto_game_ec435e4a3e8a5b0c,train,Game,autonomous_4_way,browser_snapshot,rating_results_snapshot_upgrade,2
auto_game_edc8439b2391242a,train,Game,autonomous_2_way,browser_snapshot,rating_results_snapshot_upgrade,2
auto_game_ee63d238d167f48e,train,Game,autonomous_2_way,browser_snapshot,rating_results_snapshot_upgrade,2
auto_game_ee8c284855ccb4f0,test,Game,autonomous_2_way,browser_snapshot,rating_results_snapshot_upgrade,2
auto_game_eebd5b5efb8ec5e4,test,Game,autonomous_3_way,browser_snapshot,rating_results_snapshot_upgrade,2
auto_game_ef31e1bea1eef842,train,Game,autonomous_single,browser_snapshot,rating_results_snapshot_upgrade,2
auto_game_f018621a8e1a7f56,test,Game,autonomous_2_way,browser_snapshot,rating_results_snapshot_upgrade,2
auto_game_f0b763b77b8db753,test,Game,autonomous_3_way,browser_snapshot,rating_results_snapshot_upgrade,2
auto_game_f3eff723fdd58edd,train,Game,autonomous_2_way,browser_snapshot,rating_results_snapshot_upgrade,2
auto_game_f4576db6ed227c5c,train,Game,autonomous_4_way,browser_snapshot,rating_results_snapshot_upgrade,2
auto_game_f49ff140d3645e54,train,Game,autonomous_2_way,browser_snapshot,rating_results_snapshot_upgrade,2
auto_game_f5497506c40c49e2,test,Game,autonomous_4_way,browser_snapshot,rating_results_snapshot_upgrade,2
auto_game_f7996fccd8606cd3,train,Game,autonomous_single,browser_snapshot,rating_results_snapshot_upgrade,2
auto_game_f85ccec5400111d9,train,Game,autonomous_1_way,browser_snapshot,rating_results_snapshot_upgrade,2
auto_game_f9507706dd79b211,train,Game,autonomous_2_way,browser_snapshot,rating_results_snapshot_upgrade,2
auto_game_f9a50bc211d55704,train,Game,autonomous_2_way,browser_snapshot,rating_results_snapshot_upgrade,2
auto_game_f9d9b26f62ff6963,train,Game,autonomous_4_way,browser_snapshot,rating_results_snapshot_upgrade,2
auto_game_f9df7fafba35a2a2,train,Game,autonomous_2_way,browser_snapshot,rating_results_snapshot_upgrade,2
auto_game_fafc09a17bfa7a75,train,Game,autonomous_2_way,browser_snapshot,rating_results_snapshot_upgrade,2
auto_game_fb161a3d64398bf4,test,Game,autonomous_3_way,browser_snapshot,rating_results_snapshot_upgrade,2
auto_game_fb5d0bbbc01855f1,train,Game,autonomous_1_way,browser_snapshot,rating_results_snapshot_upgrade,2
auto_game_fbd749bff9f6ae1b,train,Game,autonomous_2_way,browser_snapshot,rating_results_snapshot_upgrade,2
auto_game_fc2f175527e830b4,train,Game,autonomous_2_way,browser_snapshot,rating_results_snapshot_upgrade,2
auto_game_fcb62a34da95bc35,train,Game,autonomous_3_way,browser_snapshot,rating_results_snapshot_upgrade,2
auto_game_fe64d2ad40c24461,train,Game,autonomous_2_way,browser_snapshot,rating_results_snapshot_upgrade,2
auto_game_feefbe7f38b3a0fb,train,Game,autonomous_4_way,browser_snapshot,rating_results_snapshot_upgrade,2
auto_game_ff96d9c2754e516a,train,Game,autonomous_2_way,browser_snapshot,rating_results_snapshot_upgrade,2
auto_social_or_communication_069eaefb18679c5c,train,Social or Communication,autonomous_1_way,reconstructed_from_graph_and_baseline,rating_autonomous,1
auto_social_or_communication_1566a4338dbf0a4d,train,Social or Communication,autonomous_1_way,reconstructed_from_graph_and_baseline,rating_autonomous,1
auto_social_or_communication_3293df00c08de8a9,train,Social or Communication,autonomous_2_way,reconstructed_from_graph_and_baseline,rating_autonomous,1
auto_social_or_communication_3e0048feb64d3b95,train,Social or Communication,autonomous_4_way,reconstructed_from_graph_and_baseline,rating_autonomous,1
auto_social_or_communication_4c97f30c86ffb3df,train,Social or Communication,autonomous_3_way,reconstructed_from_graph_and_baseline,rating_autonomous,1
auto_social_or_communication_62507905c18eab1c,train,Social or Communication,autonomous_1_way,reconstructed_from_graph_and_baseline,rating_autonomous,1
auto_social_or_communication_7cba3c82cd6c540d,test,Social or Communication,autonomous_2_way,reconstructed_from_graph_and_baseline,rating_autonomous,1
auto_social_or_communication_a895273b4963b912,test,Social or Communication,autonomous_3_way,reconstructed_from_graph_and_baseline,rating_autonomous,1
auto_social_or_communication_d25d4ace6d8d6f33,train,Social or Communication,autonomous_2_way,reconstructed_from_graph_and_baseline,rating_autonomous,1
auto_social_or_communication_e7ed81b7ec752adb,train,Social or Communication,autonomous_baseline,reconstructed_from_graph_and_baseline,rating_autonomous,1
auto_social_or_communication_fa3e91a139e9a4d6,train,Social or Communication,autonomous_2_way,reconstructed_from_graph_and_baseline,rating_autonomous,1
coverage_0001_8d2e3442ec0c7545,test,All Other App Types,coverage_deficit,browser_snapshot,rating_results_coverage_stable,2
coverage_0002_7020d78b7b0eee04,train,All Other App Types,coverage_deficit,browser_snapshot,rating_results_coverage_stable,2
coverage_0003_1afc267e3576c3fb,train,All Other App Types,coverage_deficit,browser_snapshot,rating_results_coverage_stable,2
coverage_0003_6db3868975dfd84b,train,All Other App Types,coverage_deficit,browser_snapshot,rating_results_coverage_v2,2
coverage_0004_aa3e0913d5ee778f,train,All Other App Types,coverage_deficit,browser_snapshot,rating_results_coverage_stable,2
coverage_0005_684c2e75cecbd2dc,train,All Other App Types,coverage_deficit,browser_snapshot,rating_results_coverage_stable,2
coverage_0006_2bab3d150711cdd2,train,All Other App Types,coverage_deficit,browser_snapshot,rating_results_coverage_stable,2
coverage_0007_a9c01943a45af7e9,train,All Other App Types,coverage_deficit,browser_snapshot,rating_results_coverage_stable,2
coverage_0008_a2bac559edfb17b7,train,Game,coverage_deficit,browser_snapshot,rating_results_coverage_stable,2
coverage_0009_991d6aed916d4272,train,All Other App Types,coverage_deficit,browser_snapshot,rating_results_coverage_stable,2
coverage_0010_4889c37caf7d76ee,train,Game,coverage_deficit,browser_snapshot,rating_results_coverage_stable,2
coverage_0011_b7971f18e6493659,train,Game,coverage_deficit,browser_snapshot,rating_results_coverage_stable,2
coverage_0012_2db15da4fe246a8d,train,All Other App Types,coverage_deficit,browser_snapshot,rating_results_coverage_stable,2
coverage_0013_89ca8c492da32573,train,All Other App Types,coverage_deficit,browser_snapshot,rating_results_coverage_stable,2
coverage_0014_d195fd452e3b3c23,train,All Other App Types,coverage_deficit,browser_snapshot,rating_results_coverage_stable,2
coverage_0015_0fa5491ea52e1262,train,All Other App Types,coverage_deficit,browser_snapshot,rating_results_coverage_stable,2
coverage_0018_cc36820d3892282b,train,All Other App Types,coverage_deficit,browser_snapshot,rating_results_coverage_stable,2
coverage_0019_bc333db18fb3466c,train,Game,coverage_deficit,browser_snapshot,rating_results_coverage_stable,2
coverage_0020_a26927f2ffa6a8a8,train,Game,coverage_deficit,browser_snapshot,rating_results_coverage_stable,2
coverage_0021_4e281543c97675bb,test,All Other App Types,coverage_deficit,browser_snapshot,rating_results_coverage_stable,2
coverage_0022_ea51b6efad0205a6,train,Game,coverage_deficit,browser_snapshot,rating_results_coverage_stable,2
coverage_0023_b6d10cfef21a8e8f,test,All Other App Types,coverage_deficit,browser_snapshot,rating_results_coverage_stable,2
coverage_0024_cec2338d5f4eecd1,train,All Other App Types,coverage_deficit,browser_snapshot,rating_results_coverage_stable,2
coverage_0025_a86cd16d17b38cf4,train,Game,coverage_deficit,browser_snapshot,rating_results_coverage_stable,2
coverage_0026_5c85d5dc8732a7bc,train,Game,coverage_deficit,browser_snapshot,rating_results_coverage_stable,2
coverage_0028_740321463402036e,train,All Other App Types,coverage_deficit,browser_snapshot,rating_results_coverage_stable,2
coverage_0029_06c579fa9bd510af,train,All Other App Types,coverage_deficit,browser_snapshot,rating_results_coverage_stable,2
coverage_0030_68b5ddd8e84e20a1,train,All Other App Types,coverage_deficit,browser_snapshot,rating_results_coverage_stable,2
coverage_0031_43845a156bc082cb,train,All Other App Types,coverage_deficit,browser_snapshot,rating_results_coverage_stable,2
coverage_0032_df7f32bdaa12cbcd,train,Game,coverage_deficit,browser_snapshot,rating_results_coverage_stable,2
coverage_0034_a7a45551278f3b51,train,Game,coverage_deficit,browser_snapshot,rating_results_coverage_stable,2
coverage_0035_ccd6aab24fe4ab88,train,Game,coverage_deficit,browser_snapshot,rating_results_coverage_stable,2
coverage_0036_d8fa219b6a572fc8,train,All Other App Types,coverage_deficit,browser_snapshot,rating_results_coverage_stable,2
coverage_0037_ff3461a6f33df33e,train,All Other App Types,coverage_deficit,browser_snapshot,rating_results_coverage_stable,2
coverage_0039_c8663172bc8eb8cd,train,All Other App Types,coverage_deficit,browser_snapshot,rating_results_coverage_stable,2
coverage_0041_13c340b43f4a2965,train,All Other App Types,coverage_deficit,browser_snapshot,rating_results_coverage_stable,2
coverage_0043_a8681dec5a041eaa,train,All Other App Types,coverage_deficit,browser_snapshot,rating_results_coverage_stable,2
coverage_0044_a149fae5559942e4,test,All Other App Types,coverage_deficit,browser_snapshot,rating_results_coverage_stable,2
coverage_0045_0d96cfb59400ad25,train,Game,coverage_deficit,browser_snapshot,rating_results_coverage_stable,2
coverage_0046_ca0c45d6f2aff9e0,train,All Other App Types,coverage_deficit,browser_snapshot,rating_results_coverage_stable,2
coverage_0047_9ca0b235e17bf179,train,All Other App Types,coverage_deficit,browser_snapshot,rating_results_coverage_stable,2
coverage_0048_5ccc6c1dba73ea5e,train,Game,coverage_deficit,browser_snapshot,rating_results_coverage_stable,2
coverage_0049_e4838d5236b6b425,train,All Other App Types,coverage_deficit,browser_snapshot,rating_results_coverage_stable,2
coverage_0050_459d36b896e4ba49,train,All Other App Types,coverage_deficit,browser_snapshot,rating_results_coverage_stable,2
coverage_0051_4d775057ea423bb1,train,Game,coverage_deficit,browser_snapshot,rating_results_coverage_stable,2
coverage_0052_473b164f3f7c7bf7,test,All Other App Types,coverage_deficit,browser_snapshot,rating_results_coverage_stable,2
coverage_0053_673cb6d43c1e6b8c,train,All Other App Types,coverage_deficit,browser_snapshot,rating_results_coverage_stable,2
coverage_0054_20d2b865ada323d8,train,Game,coverage_deficit,browser_snapshot,rating_results_coverage_stable,2
coverage_0055_5641954ec1d34dda,train,All Other App Types,coverage_deficit,browser_snapshot,rating_results_coverage_stable,2
coverage_0056_7df5b18cbfc09a51,train,All Other App Types,coverage_deficit,browser_snapshot,rating_results_coverage_stable,2
coverage_0057_38d2b1c61b701ca1,train,All Other App Types,coverage_deficit,browser_snapshot,rating_results_coverage_stable,2
coverage_0059_70e5589e660eb5fa,train,Game,coverage_deficit,browser_snapshot,rating_results_coverage_stable,2
coverage_0060_e484a978c7a98f56,test,All Other App Types,coverage_deficit,browser_snapshot,rating_results_coverage_stable,2
coverage_0061_e9c68b0d2a370cfe,train,Game,coverage_deficit,browser_snapshot,rating_results_coverage_stable,2
coverage_0062_566bbe3fc76ebfc3,train,All Other App Types,coverage_deficit,browser_snapshot,rating_results_coverage_stable,2
coverage_0063_8d7562215fdde016,train,Game,coverage_deficit,browser_snapshot,rating_results_coverage_stable,2
coverage_0065_7c3a7bba1c41317a,train,Game,coverage_deficit,browser_snapshot,rating_results_coverage_stable,2
coverage_0066_ef4937dca01c8572,test,All Other App Types,coverage_deficit,browser_snapshot,rating_results_coverage_stable,2
coverage_0067_37e8c61c42d8c40e,test,All Other App Types,coverage_deficit,browser_snapshot,rating_results_coverage_stable,2
coverage_0068_efa72797d53fc521,test,All Other App Types,coverage_deficit,browser_snapshot,rating_results_coverage_stable,2
coverage_0069_e85a070dc4ea41d7,train,All Other App Types,coverage_deficit,browser_snapshot,rating_results_coverage_stable,2
coverage_0070_10353315f9cf2c94,train,All Other App Types,coverage_deficit,browser_snapshot,rating_results_coverage_stable,2
coverage_0071_d8c27ecdfdc90740,train,All Other App Types,coverage_deficit,browser_snapshot,rating_results_coverage_stable,2
coverage_0072_b7d9a5c2ef7de9c4,train,Game,coverage_deficit,browser_snapshot,rating_results_coverage_stable,2
coverage_0075_886fbe60ef2f3c84,test,All Other App Types,coverage_deficit,browser_snapshot,rating_results_coverage_stable,2
coverage_0076_c0ae3d013c1f80a0,train,All Other App Types,coverage_deficit,browser_snapshot,rating_results_coverage_stable,2
coverage_0077_ec838490c2a1b92c,test,All Other App Types,coverage_deficit,browser_snapshot,rating_results_coverage_stable,2
coverage_0078_8a6a16ced15af8fb,train,All Other App Types,coverage_deficit,browser_snapshot,rating_results_coverage_stable,2
coverage_0079_04a13feed749ef9d,test,Game,coverage_deficit,browser_snapshot,rating_results_coverage_stable,2
coverage_0080_276b49e76b60a062,train,Game,coverage_deficit,browser_snapshot,rating_results_coverage_stable,2
game_balanced_00002,test,Game,balanced_ladder,browser_snapshot,rating_results_snapshot_upgrade,2
game_balanced_00003,train,Game,balanced_ladder,browser_snapshot,rating_results_snapshot_upgrade,2
game_balanced_00004,train,Game,balanced_ladder,browser_snapshot,rating_results_snapshot_upgrade,2
game_balanced_00005,train,Game,balanced_ladder,browser_snapshot,rating_results_snapshot_upgrade,2
game_balanced_00006,train,Game,balanced_ladder,browser_snapshot,rating_results_snapshot_upgrade,2
game_balanced_00010,train,Game,balanced_ladder,browser_snapshot,rating_results_snapshot_upgrade,2
game_balanced_00011,train,Game,balanced_ladder,browser_snapshot,rating_results_snapshot_upgrade,2
game_balanced_00016,train,Game,balanced_ladder,browser_snapshot,rating_results_snapshot_upgrade,2
game_balanced_00017,train,Game,balanced_ladder,browser_snapshot,rating_results_snapshot_upgrade,2
game_balanced_00020,test,Game,balanced_ladder,browser_snapshot,rating_results_snapshot_upgrade,2
game_balanced_00024,train,Game,balanced_ladder,browser_snapshot,rating_results_snapshot_upgrade,2
game_balanced_00029,train,Game,balanced_ladder,reconstructed_from_graph_and_baseline,rating_results_balanced_v2,1
game_balanced_00032,train,Game,balanced_ladder,browser_snapshot,rating_results_snapshot_upgrade,2
game_balanced_00034,train,Game,balanced_supplemental,browser_snapshot,rating_results_snapshot_upgrade,2
game_balanced_00036,train,Game,balanced_supplemental,browser_snapshot,rating_results_snapshot_upgrade,2
game_balanced_00038,train,Game,balanced_supplemental,browser_snapshot,rating_results_snapshot_upgrade,2
game_balanced_00040,train,Game,balanced_supplemental,browser_snapshot,rating_results_snapshot_upgrade,2
game_balanced_00041,test,Game,balanced_supplemental,browser_snapshot,rating_results_snapshot_upgrade,2
game_balanced_00042,train,Game,balanced_supplemental,browser_snapshot,rating_results_snapshot_upgrade,2
game_mid_00007,train,Game,midband_ladder,browser_snapshot,rating_results_snapshot_upgrade,2
game_mid_00009,train,Game,midband_ladder,reconstructed_from_graph_and_baseline,rating_results_midband_game,1
game_mid_00010,test,Game,midband_ladder,browser_snapshot,rating_results_snapshot_upgrade,2
game_risk_00003,train,Game,risk_path,browser_snapshot,rating_results_snapshot_upgrade,2
game_risk_00006,train,Game,risk_path,reconstructed_from_graph_and_baseline,rating_results_designed_curated,1
game_risk_00007,train,Game,risk_path,browser_snapshot,rating_results_snapshot_upgrade,2
game_risk_00008,train,Game,risk_path,browser_snapshot,rating_results_snapshot_upgrade,2
game_risk_00009,train,Game,risk_path,browser_snapshot,rating_results_snapshot_upgrade,2
game_risk_00010,train,Game,risk_path,browser_snapshot,rating_results_snapshot_upgrade,2
game_risk_00011,train,Game,risk_path,browser_snapshot,rating_results_snapshot_upgrade,2
game_risk_00012,train,Game,risk_path,browser_snapshot,rating_results_snapshot_upgrade,2
game_risk_00013,train,Game,risk_path,browser_snapshot,rating_results_snapshot_upgrade,2
game_risk_00014,train,Game,risk_path,browser_snapshot,rating_results_snapshot_upgrade,2
game_risk_00015,train,Game,risk_path,browser_snapshot,rating_results_snapshot_upgrade,2
game_risk_00016,test,Game,risk_path,browser_snapshot,rating_results_snapshot_upgrade,2
game_risk_00017,train,Game,risk_path,browser_snapshot,rating_results_snapshot_upgrade,2
game_risk_00018,train,Game,risk_path,browser_snapshot,rating_results_snapshot_upgrade,2
game_risk_00019,train,Game,risk_path,browser_snapshot,rating_results_snapshot_upgrade,2
game_risk_00020,train,Game,risk_path,browser_snapshot,rating_results_snapshot_upgrade,2
game_risk_00021,train,Game,risk_path,browser_snapshot,rating_results_snapshot_upgrade,2
game_risk_00022,train,Game,risk_path,browser_snapshot,rating_results_snapshot_upgrade,2
game_risk_00023,test,Game,risk_path,browser_snapshot,rating_results_snapshot_upgrade,2
game_risk_00024,train,Game,risk_path,browser_snapshot,rating_results_snapshot_upgrade,2
game_risk_00025,test,Game,risk_path,browser_snapshot,rating_results_snapshot_upgrade,2
game_risk_00026,train,Game,risk_path,browser_snapshot,rating_results_snapshot_upgrade,2
game_risk_00028,train,Game,risk_path,browser_snapshot,rating_results_snapshot_upgrade,2
game_risk_00029,test,Game,risk_path,browser_snapshot,rating_results_snapshot_upgrade,2
game_risk_00030,train,Game,risk_path,browser_snapshot,rating_results_snapshot_upgrade,2
game_risk_00031,train,Game,risk_path,browser_snapshot,rating_results_snapshot_upgrade,2
game_risk_00032,train,Game,risk_path,browser_snapshot,rating_results_snapshot_upgrade,2
game_risk_00033,train,Game,risk_path,browser_snapshot,rating_results_snapshot_upgrade,2
game_risk_00034,test,Game,risk_path,browser_snapshot,rating_results_snapshot_upgrade,2
game_risk_00035,train,Game,risk_path,browser_snapshot,rating_results_snapshot_upgrade,2
game_risk_00036,train,Game,risk_path,browser_snapshot,rating_results_snapshot_upgrade,2
game_risk_00039,train,Game,risk_path,browser_snapshot,rating_results_snapshot_upgrade,2
game_risk_00041,test,Game,risk_path,browser_snapshot,rating_results_snapshot_upgrade,2
game_risk_00042,train,Game,risk_path,browser_snapshot,rating_results_snapshot_upgrade,2
game_risk_00043,train,Game,risk_path,browser_snapshot,rating_results_snapshot_upgrade,2
game_risk_00044,train,Game,risk_path,browser_snapshot,rating_results_snapshot_upgrade,2
game_risk_00045,train,Game,risk_path,browser_snapshot,rating_results_snapshot_upgrade,2
game_risk_00046,test,Game,risk_path,browser_snapshot,rating_results_snapshot_upgrade,2
game_risk_00047,train,Game,risk_path,browser_snapshot,rating_results_snapshot_upgrade,2
game_risk_00048,train,Game,risk_path,browser_snapshot,rating_results_snapshot_upgrade,2
game_risk_00055,train,Game,risk_path,browser_snapshot,rating_results_snapshot_upgrade,2
game_risk_00056,train,Game,risk_path,browser_snapshot,rating_results_snapshot_upgrade,2
game_risk_00057,train,Game,risk_path,reconstructed_from_graph_and_baseline,rating_results_designed_game,1
game_risk_00061,train,Game,risk_path,browser_snapshot,rating_results_snapshot_upgrade,2
game_risk_00064,test,Game,risk_path,browser_snapshot,rating_results_snapshot_upgrade,2
game_risk_00067,train,Game,risk_path,browser_snapshot,rating_results_snapshot_upgrade,2
game_risk_00074,train,Game,risk_path,browser_snapshot,rating_results_snapshot_upgrade,2
game_risk_00075,train,Game,risk_path,browser_snapshot,rating_results_snapshot_upgrade,2
game_risk_00078,train,Game,risk_path,browser_snapshot,rating_results_snapshot_upgrade,2
game_risk_00079,train,Game,risk_path,browser_snapshot,rating_results_snapshot_upgrade,2
game_risk_00083,train,Game,risk_path,browser_snapshot,rating_results_snapshot_upgrade,2
game_risk_00084,train,Game,risk_path,browser_snapshot,rating_results_snapshot_upgrade,2
game_risk_00086,test,Game,risk_path,browser_snapshot,rating_results_snapshot_upgrade,2
game_risk_00087,train,Game,risk_path,browser_snapshot,rating_results_snapshot_upgrade,2
game_risk_00088,train,Game,risk_path,browser_snapshot,rating_results_snapshot_upgrade,2
game_risk_00090,test,Game,risk_path,browser_snapshot,rating_results_snapshot_upgrade,2
game_risk_00092,train,Game,risk_path,browser_snapshot,rating_results_snapshot_upgrade,2
game_risk_00097,train,Game,tag_max_path,browser_snapshot,rating_results_snapshot_upgrade,2
game_risk_00101,test,Game,tag_max_path,browser_snapshot,rating_results_snapshot_upgrade,2
game_risk_00102,train,Game,tag_max_path,browser_snapshot,rating_results_snapshot_upgrade,2
game_risk_00105,train,Game,risk_pairwise,browser_snapshot,rating_results_snapshot_upgrade,2
game_risk_00106,train,Game,risk_pairwise,browser_snapshot,rating_results_snapshot_upgrade,2
game_risk_00107,train,Game,risk_pairwise,browser_snapshot,rating_results_snapshot_upgrade,2
game_risk_00108,train,Game,risk_pairwise,reconstructed_from_graph_and_baseline,rating_results_designed_game,1
game_risk_00109,train,Game,risk_pairwise,browser_snapshot,rating_results_snapshot_upgrade,2
game_risk_00110,train,Game,risk_pairwise,browser_snapshot,rating_results_snapshot_upgrade,2
game_risk_00111,test,Game,risk_pairwise,browser_snapshot,rating_results_snapshot_upgrade,2
game_risk_00112,train,Game,risk_pairwise,browser_snapshot,rating_results_snapshot_upgrade,2
game_risk_00116,test,Game,risk_pairwise,browser_snapshot,rating_results_snapshot_upgrade,2
game_risk_00117,test,Game,risk_pairwise,browser_snapshot,rating_results_snapshot_upgrade,2
game_risk_00118,train,Game,risk_pairwise,browser_snapshot,rating_results_snapshot_upgrade,2
game_risk_00119,train,Game,risk_pairwise,browser_snapshot,rating_results_snapshot_upgrade,2
game_risk_00120,test,Game,risk_pairwise,browser_snapshot,rating_results_snapshot_upgrade,2
game_risk_00121,train,Game,risk_pairwise,browser_snapshot,rating_results_snapshot_upgrade,2
game_risk_00125,train,Game,risk_pairwise,browser_snapshot,rating_results_snapshot_upgrade,2
game_risk_00126,train,Game,risk_pairwise,browser_snapshot,rating_results_snapshot_upgrade,2
game_risk_00127,train,Game,risk_pairwise,browser_snapshot,rating_results_snapshot_upgrade,2
game_risk_00131,train,Game,risk_pairwise,browser_snapshot,rating_results_snapshot_upgrade,2
game_risk_00135,train,Game,risk_pairwise,browser_snapshot,rating_results_snapshot_upgrade,2
game_risk_00136,train,Game,risk_pairwise,browser_snapshot,rating_results_snapshot_upgrade,2
game_risk_00137,test,Game,risk_pairwise,browser_snapshot,rating_results_snapshot_upgrade,2
game_risk_00138,train,Game,risk_pairwise,browser_snapshot,rating_results_snapshot_upgrade,2
game_risk_00140,test,Game,risk_pairwise,browser_snapshot,rating_results_snapshot_upgrade,2
game_risk_00141,train,Game,risk_pairwise,browser_snapshot,rating_results_snapshot_upgrade,2
game_risk_00142,train,Game,risk_pairwise,browser_snapshot,rating_results_snapshot_upgrade,2
game_risk_00143,train,Game,risk_pairwise,browser_snapshot,rating_results_snapshot_upgrade,2
game_risk_00144,train,Game,risk_pairwise,browser_snapshot,rating_results_snapshot_upgrade,2
game_risk_00145,train,Game,risk_pairwise,browser_snapshot,rating_results_snapshot_upgrade,2
game_risk_00146,test,Game,risk_pairwise,browser_snapshot,rating_results_snapshot_upgrade,2
game_risk_00147,train,Game,risk_pairwise,browser_snapshot,rating_results_snapshot_upgrade,2
game_risk_00148,train,Game,risk_pairwise,browser_snapshot,rating_results_snapshot_upgrade,2
game_risk_00149,test,Game,risk_pairwise,browser_snapshot,rating_results_snapshot_upgrade,2
game_risk_00150,train,Game,risk_pairwise,browser_snapshot,rating_results_snapshot_upgrade,2
game_risk_00151,train,Game,risk_pairwise,browser_snapshot,rating_results_snapshot_upgrade,2
game_risk_00152,test,Game,risk_pairwise,browser_snapshot,rating_results_snapshot_upgrade,2
game_risk_00156,train,Game,risk_pairwise,browser_snapshot,rating_results_snapshot_upgrade,2
game_risk_00157,train,Game,risk_pairwise,browser_snapshot,rating_results_snapshot_upgrade,2
game_risk_00158,train,Game,risk_pairwise,browser_snapshot,rating_results_snapshot_upgrade,2
game_risk_00159,train,Game,risk_pairwise,browser_snapshot,rating_results_snapshot_upgrade,2
game_risk_00160,train,Game,risk_pairwise,browser_snapshot,rating_results_snapshot_upgrade,2
game_risk_00161,train,Game,risk_pairwise,browser_snapshot,rating_results_snapshot_upgrade,2
game_risk_00165,train,Game,risk_pairwise,browser_snapshot,rating_results_snapshot_upgrade,2
game_risk_00166,test,Game,risk_pairwise,browser_snapshot,rating_results_snapshot_upgrade,2
game_risk_00167,train,Game,risk_pairwise,browser_snapshot,rating_results_snapshot_upgrade,2
game_risk_00171,train,Game,risk_pairwise,browser_snapshot,rating_results_snapshot_upgrade,2
game_risk_00175,train,Game,risk_pairwise,browser_snapshot,rating_results_snapshot_upgrade,2
game_risk_00176,test,Game,risk_pairwise,browser_snapshot,rating_results_snapshot_upgrade,2
game_risk_00177,train,Game,risk_pairwise,browser_snapshot,rating_results_snapshot_upgrade,2
game_risk_00178,train,Game,risk_pairwise,browser_snapshot,rating_results_snapshot_upgrade,2
game_risk_00180,train,Game,risk_pairwise,browser_snapshot,rating_results_snapshot_upgrade,2
game_risk_00181,train,Game,risk_pairwise,browser_snapshot,rating_results_snapshot_upgrade,2
game_risk_00182,test,Game,risk_pairwise,browser_snapshot,rating_results_snapshot_upgrade,2
game_risk_00183,train,Game,risk_pairwise,browser_snapshot,rating_results_snapshot_upgrade,2
game_risk_00184,train,Game,risk_pairwise,browser_snapshot,rating_results_snapshot_upgrade,2
gap_0001_557cc08ff0b49a52,train,All Other App Types,gap_singleton,browser_snapshot,rating_results_selected_to6,2
gap_0001_7b17bcd94a4e0ce8,train,All Other App Types,gap_low_frequency,browser_snapshot,rating_results_selected_to6_final,2
gap_0001_c5aeb28682e603b1,train,All Other App Types,gap_singleton,browser_snapshot,rating_results_gap_fill,2
gap_0001_d940bb9babcefde7,train,Game,gap_singleton,browser_snapshot,rating_results_gap_singleton_final,2
gap_0002_527232b4ac5c1444,train,Game,gap_singleton,browser_snapshot,rating_results_gap_singleton_final,2
gap_0002_76c892b4d7caf8f5,train,All Other App Types,gap_singleton,browser_snapshot,rating_results_selected_to6,2
gap_0002_8c9f2de99d7f1bc7,train,All Other App Types,gap_low_frequency,browser_snapshot,rating_results_gap_to6,2
gap_0002_c7822fd9674b796f,test,All Other App Types,gap_singleton,browser_snapshot,rating_results_gap_fill,2
gap_0003_023f0ceca0988b5d,test,Game,gap_singleton,browser_snapshot,rating_results_gap_singleton_final,2
gap_0003_681ce126d371b903,train,All Other App Types,gap_low_frequency,browser_snapshot,rating_results_gap_to6,2
gap_0003_8a1ab50c8c3fdd06,train,All Other App Types,gap_singleton,browser_snapshot,rating_results_selected_to6,2
gap_0003_991ad44280960582,train,All Other App Types,gap_singleton,browser_snapshot,rating_results_gap_fill,2
gap_0004_208e350467782ecd,test,All Other App Types,gap_singleton,browser_snapshot,rating_results_gap_fill,2
gap_0004_232b490f5a3bac1f,train,All Other App Types,gap_singleton,browser_snapshot,rating_results_selected_to6,2
gap_0005_b0881d2a71a01f8d,train,All Other App Types,gap_singleton,browser_snapshot,rating_results_gap_fill,2
gap_0005_d1cbe78c9766d4c9,train,All Other App Types,gap_singleton,browser_snapshot,rating_results_selected_to6,2
gap_0006_53cc3e8a31e7c0e1,train,Game,gap_singleton,browser_snapshot,rating_results_selected_to6,2
gap_0006_e1a4dfd5e1b33276,train,All Other App Types,gap_singleton,browser_snapshot,rating_results_gap_fill,2
gap_0007_58e09f6cc7c59086,train,All Other App Types,gap_singleton,browser_snapshot,rating_results_gap_fill,2
gap_0007_f8d0775bddba8a4b,train,Game,gap_singleton,browser_snapshot,rating_results_selected_to6,2
gap_0008_5dc7b6813ba76bf2,train,All Other App Types,gap_singleton,browser_snapshot,rating_results_gap_fill,2
gap_0008_d41a24bce2d90141,train,Game,gap_singleton,browser_snapshot,rating_results_selected_to6,2
gap_0009_188962622a7d57c5,train,Game,gap_singleton,browser_snapshot,rating_results_selected_to6,2
gap_0009_2cd98d960e925911,train,All Other App Types,gap_singleton,browser_snapshot,rating_results_gap_fill,2
gap_0010_876104886e16d2d3,train,Game,gap_singleton,browser_snapshot,rating_results_selected_to6,2
gap_0010_e33525a5a7cb4ee7,train,All Other App Types,gap_singleton,browser_snapshot,rating_results_gap_fill,2
gap_0011_41bd5d417e4d234a,train,All Other App Types,gap_singleton,browser_snapshot,rating_results_gap_fill,2
gap_0011_c4cd8efba0f1620e,train,All Other App Types,gap_low_frequency,browser_snapshot,rating_results_selected_to6,2
gap_0011_f84276a99f4f4b3a,train,All Other App Types,gap_low_frequency,browser_snapshot,rating_results_gap_to6,2
gap_0012_10c9281be80843c0,train,All Other App Types,gap_low_frequency,browser_snapshot,rating_results_selected_to6,2
gap_0012_2a01165a6b6d7d89,train,All Other App Types,gap_singleton,browser_snapshot,rating_results_gap_fill,2
gap_0012_a2cff150759f7b07,test,All Other App Types,gap_low_frequency,browser_snapshot,rating_results_gap_to6,2
gap_0013_42106586d924dfff,train,All Other App Types,gap_low_frequency,browser_snapshot,rating_results_selected_to6,2
gap_0013_dbbf198238a06f52,train,All Other App Types,gap_singleton,browser_snapshot,rating_results_gap_fill,2
gap_0014_7bceb1d32d1a65f8,train,All Other App Types,gap_singleton,browser_snapshot,rating_results_gap_fill,2
gap_0014_f0b2dec46ab3382d,train,All Other App Types,gap_low_frequency,browser_snapshot,rating_results_selected_to6,2
gap_0015_782b766e732cc5df,train,All Other App Types,gap_singleton,browser_snapshot,rating_results_gap_fill,2
gap_0015_dd47bb3a18f8264b,test,All Other App Types,gap_low_frequency,browser_snapshot,rating_results_selected_to6,2
gap_0016_94564e1d345169af,train,All Other App Types,gap_low_frequency,browser_snapshot,rating_results_selected_to6,2
gap_0016_a1d7aef88e848778,train,All Other App Types,gap_singleton,browser_snapshot,rating_results_gap_fill,2
gap_0017_02ef65aef6b404d1,train,All Other App Types,gap_low_frequency,browser_snapshot,rating_results_selected_to6,2
gap_0017_d04ea62fb6b5bab5,train,All Other App Types,gap_singleton,browser_snapshot,rating_results_gap_fill,2
gap_0017_fc66d1410c881e09,train,All Other App Types,gap_low_frequency,browser_snapshot,rating_results_gap_to6,2
gap_0018_9fb732fdefbc1ae4,train,All Other App Types,gap_low_frequency,browser_snapshot,rating_results_gap_to6,2
gap_0018_c1966c124619bfb6,train,All Other App Types,gap_singleton,browser_snapshot,rating_results_gap_fill,2
gap_0018_f29404a3e91d1973,train,All Other App Types,gap_low_frequency,browser_snapshot,rating_results_selected_to6,2
gap_0019_0f6d3da82fcf2c05,train,All Other App Types,gap_singleton,browser_snapshot,rating_results_gap_fill,2
gap_0019_4c3495236c1cbc34,train,All Other App Types,gap_low_frequency,browser_snapshot,rating_results_selected_to6,2
gap_0020_16ec70c80cfd23d2,train,All Other App Types,gap_low_frequency,browser_snapshot,rating_results_selected_to6,2
gap_0020_4c4b264cc2e3e574,train,All Other App Types,gap_singleton,browser_snapshot,rating_results_gap_fill,2
gap_0020_99a5267afda89791,train,Game,gap_low_frequency,browser_snapshot,rating_results_gap_to6,2
gap_0021_5fc5d22af754ea20,train,Game,gap_low_frequency,browser_snapshot,rating_results_gap_to6,2
gap_0021_99092fac158b25f9,train,All Other App Types,gap_singleton,browser_snapshot,rating_results_gap_fill,2
gap_0021_b84b1753d3ade1cd,train,All Other App Types,gap_low_frequency,browser_snapshot,rating_results_selected_to6,2
gap_0022_035fe949dc27a92d,train,All Other App Types,gap_low_frequency,browser_snapshot,rating_results_selected_to6,2
gap_0022_83979a25e9046f6c,train,All Other App Types,gap_singleton,browser_snapshot,rating_results_gap_fill,2
gap_0023_2f70913f699a938f,train,All Other App Types,gap_singleton,browser_snapshot,rating_results_gap_fill,2
gap_0023_611bf453420e26bd,train,Game,gap_low_frequency,browser_snapshot,rating_results_selected_to6,2
gap_0024_0b2e11cea84f3a5d,test,All Other App Types,gap_singleton,browser_snapshot,rating_results_gap_fill,2
gap_0024_2088f94841865296,test,Game,gap_low_frequency,browser_snapshot,rating_results_selected_to6,2
gap_0025_2d40badf4bc6246f,train,All Other App Types,gap_singleton,browser_snapshot,rating_results_gap_fill,2
gap_0025_35e9559c7d1a3040,train,Game,gap_low_frequency,browser_snapshot,rating_results_selected_to6,2
gap_0026_481fbaabfcea616b,train,All Other App Types,gap_singleton,browser_snapshot,rating_results_gap_fill,2
gap_0026_b333e3d56e18c99c,train,Game,gap_low_frequency,browser_snapshot,rating_results_selected_to6,2
gap_0027_691c4eaf759e1e35,test,Game,gap_low_frequency,browser_snapshot,rating_results_selected_to6,2
gap_0027_8c451a46d1177749,train,All Other App Types,gap_singleton,browser_snapshot,rating_results_gap_fill,2
gap_0028_4b638386a7e47d9a,test,Game,gap_low_frequency,browser_snapshot,rating_results_selected_to6,2
gap_0028_ab13cc45da55140d,train,All Other App Types,gap_singleton,browser_snapshot,rating_results_gap_fill,2
gap_0029_6cab2ea8b4a22fd9,train,Game,gap_low_frequency,browser_snapshot,rating_results_selected_to6,2
gap_0029_c6a59bc34babef0e,train,All Other App Types,gap_singleton,browser_snapshot,rating_results_gap_fill,2
gap_0030_3a2e06ae3e8400c0,train,Game,gap_low_frequency,browser_snapshot,rating_results_selected_to6,2
gap_0030_e55cea951c171f67,train,All Other App Types,gap_singleton,browser_snapshot,rating_results_gap_fill,2
gap_0031_1af7c4e514fb7a6b,train,Game,gap_low_frequency,browser_snapshot,rating_results_selected_to6,2
gap_0031_be0a253a78f3e439,train,All Other App Types,gap_singleton,browser_snapshot,rating_results_gap_fill,2
gap_0032_dc573cff0d57dc05,train,Game,gap_low_frequency,browser_snapshot,rating_results_selected_to6,2
gap_0033_331d31b45509cf30,train,Game,gap_low_frequency,browser_snapshot,rating_results_selected_to6,2
gap_0033_6cdffe66693e94d3,train,All Other App Types,gap_singleton,browser_snapshot,rating_results_gap_fill,2
gap_0034_3f87821cb480110a,test,All Other App Types,gap_singleton,browser_snapshot,rating_results_gap_fill,2
gap_0034_bc262e74cf3b6921,train,Game,gap_low_frequency,browser_snapshot,rating_results_selected_to6,2
gap_0035_3fc985d771ecb4be,train,All Other App Types,gap_singleton,browser_snapshot,rating_results_gap_fill,2
gap_0035_b112ec1cd768a2dd,train,All Other App Types,gap_low_frequency,browser_snapshot,rating_results_selected_to6,2
gap_0036_24df8dca9786a2e7,train,All Other App Types,gap_low_frequency,browser_snapshot,rating_results_selected_to6,2
gap_0036_6f5d970c78b20a1f,train,All Other App Types,gap_singleton,browser_snapshot,rating_results_gap_fill,2
gap_0037_a9056483dd1cd115,test,All Other App Types,gap_low_frequency,browser_snapshot,rating_results_selected_to6,2
gap_0037_ed05ff88f7109877,train,All Other App Types,gap_singleton,browser_snapshot,rating_results_gap_fill,2
gap_0038_6e0f7e961b534e29,train,All Other App Types,gap_low_frequency,browser_snapshot,rating_results_selected_to6,2
gap_0038_d5dac5e852055d69,train,All Other App Types,gap_singleton,browser_snapshot,rating_results_gap_fill,2
gap_0039_75b563f62a7020ff,train,All Other App Types,gap_singleton,browser_snapshot,rating_results_gap_fill,2
gap_0039_a78b8364a586d380,train,All Other App Types,gap_low_frequency,browser_snapshot,rating_results_selected_to6,2
gap_0040_30625b7d04049a96,train,All Other App Types,gap_singleton,browser_snapshot,rating_results_gap_fill,2
gap_0040_c61b0b8aa77df5b8,train,All Other App Types,gap_low_frequency,browser_snapshot,rating_results_selected_to6,2
gap_0041_ef0990142c806231,train,All Other App Types,gap_singleton,browser_snapshot,rating_results_gap_fill,2
gap_0042_71e325e5405c73d0,train,All Other App Types,gap_low_frequency,browser_snapshot,rating_results_selected_to6,2
gap_0042_f7a6277fe3c2e816,train,All Other App Types,gap_singleton,browser_snapshot,rating_results_gap_fill,2
gap_0043_5b14cddb86eabbc5,train,All Other App Types,gap_low_frequency,browser_snapshot,rating_results_selected_to6,2
gap_0043_89d5a37a95ba1fa3,train,All Other App Types,gap_singleton,browser_snapshot,rating_results_gap_fill,2
gap_0044_0e767eec8f0ff6e8,test,All Other App Types,gap_low_frequency,browser_snapshot,rating_results_selected_to6,2
gap_0044_767812821f66501c,train,All Other App Types,gap_singleton,browser_snapshot,rating_results_gap_fill,2
gap_0045_18b6e6f9943344c9,train,All Other App Types,gap_singleton,browser_snapshot,rating_results_gap_fill,2
gap_0045_bd50af95208e71af,train,All Other App Types,gap_low_frequency,browser_snapshot,rating_results_selected_to6,2
gap_0046_384cb27cdc950da0,test,All Other App Types,gap_low_frequency,browser_snapshot,rating_results_selected_to6,2
gap_0046_9235d68f7b7f39ce,train,All Other App Types,gap_singleton,browser_snapshot,rating_results_gap_fill,2
gap_0047_5e4a8b1b0e7bf59f,train,All Other App Types,gap_low_frequency,browser_snapshot,rating_results_selected_to6,2
gap_0047_dbdea38f6e3f7f03,train,All Other App Types,gap_singleton,browser_snapshot,rating_results_gap_fill,2
gap_0048_aaf62b5c93ec3907,test,All Other App Types,gap_low_frequency,browser_snapshot,rating_results_selected_to6,2
gap_0048_c8fddf2630c72db4,train,All Other App Types,gap_singleton,browser_snapshot,rating_results_gap_fill,2
gap_0049_00a45b98901727b7,train,All Other App Types,gap_singleton,browser_snapshot,rating_results_gap_fill,2
gap_0049_462098b465bb018b,train,All Other App Types,gap_low_frequency,browser_snapshot,rating_results_selected_to6,2
gap_0050_0b73510381c972ec,test,All Other App Types,gap_singleton,browser_snapshot,rating_results_gap_fill,2
gap_0050_a43047437c5fabcf,train,All Other App Types,gap_low_frequency,browser_snapshot,rating_results_selected_to6,2
gap_0051_443efe46b1308cfd,train,All Other App Types,gap_low_frequency,browser_snapshot,rating_results_selected_to6,2
gap_0051_8c3389711ac8533a,train,All Other App Types,gap_singleton,browser_snapshot,rating_results_gap_fill,2
gap_0052_6dc805ab913cf2f2,train,All Other App Types,gap_low_frequency,browser_snapshot,rating_results_selected_to6,2
gap_0052_e94edbe5c8351073,train,All Other App Types,gap_singleton,browser_snapshot,rating_results_gap_fill,2
gap_0053_f43e673c81cd3feb,train,All Other App Types,gap_singleton,browser_snapshot,rating_results_gap_fill,2
gap_0054_1eadd7b6fd3a5071,train,All Other App Types,gap_low_frequency,browser_snapshot,rating_results_selected_to6,2
gap_0054_2ee0982373e4a6cb,test,All Other App Types,gap_singleton,browser_snapshot,rating_results_gap_fill,2
gap_0055_834de8a958567f8c,train,All Other App Types,gap_low_frequency,browser_snapshot,rating_results_selected_to6,2
gap_0055_f922881cf7ac9813,train,All Other App Types,gap_singleton,browser_snapshot,rating_results_gap_fill,2
gap_0056_a8a195f521bd6674,train,All Other App Types,gap_low_frequency,browser_snapshot,rating_results_selected_to6,2
gap_0056_fd611bcb9ada4c4e,train,All Other App Types,gap_singleton,browser_snapshot,rating_results_gap_fill,2
gap_0057_4d60d5640420e215,test,All Other App Types,gap_low_frequency,browser_snapshot,rating_results_selected_to6,2
gap_0057_db67691572af7326,train,All Other App Types,gap_singleton,browser_snapshot,rating_results_gap_fill,2
gap_0058_0a1d9dc868b444f6,train,All Other App Types,gap_low_frequency,browser_snapshot,rating_results_selected_to6,2
gap_0058_e425d33180743978,train,All Other App Types,gap_singleton,browser_snapshot,rating_results_gap_fill,2
gap_0059_650ad41bc16b33a3,train,All Other App Types,gap_singleton,browser_snapshot,rating_results_gap_fill,2
gap_0059_a4c3fb0a286b3502,train,All Other App Types,gap_low_frequency,browser_snapshot,rating_results_selected_to6,2
gap_0060_0a5d6933a0ea469b,train,All Other App Types,gap_singleton,browser_snapshot,rating_results_gap_fill,2
gap_0060_40cb3a1ce6c4882c,train,All Other App Types,gap_low_frequency,browser_snapshot,rating_results_selected_to6,2
gap_0061_52825e44e18cb59e,train,All Other App Types,gap_low_frequency,browser_snapshot,rating_results_selected_to6,2
gap_0061_61d253b1b4a55368,test,All Other App Types,gap_singleton,browser_snapshot,rating_results_gap_fill,2
gap_0062_371a48acb828e0a2,train,All Other App Types,gap_singleton,browser_snapshot,rating_results_gap_fill,2
gap_0062_896ab2a7bba58449,test,All Other App Types,gap_low_frequency,browser_snapshot,rating_results_selected_to6,2
gap_0063_6bd61d4e3d274512,train,All Other App Types,gap_singleton,browser_snapshot,rating_results_gap_fill,2
gap_0063_e551771ae5269275,test,All Other App Types,gap_low_frequency,browser_snapshot,rating_results_selected_to6,2
gap_0064_1a22b211cd45627a,train,All Other App Types,gap_singleton,browser_snapshot,rating_results_gap_fill,2
gap_0064_2bd89b1efb05b3a8,train,All Other App Types,gap_low_frequency,browser_snapshot,rating_results_selected_to6,2
gap_0065_560fd82bf64664b2,train,All Other App Types,gap_singleton,browser_snapshot,rating_results_gap_fill,2
gap_0065_c4dd8e46d1aaa8fc,train,All Other App Types,gap_low_frequency,browser_snapshot,rating_results_selected_to6,2
gap_0066_38961d2b9fd97545,train,All Other App Types,gap_low_frequency,browser_snapshot,rating_results_selected_to6,2
gap_0067_5bdadaa4850848a6,test,All Other App Types,gap_singleton,browser_snapshot,rating_results_gap_fill,2
gap_0067_5e488bfa11495449,train,All Other App Types,gap_low_frequency,browser_snapshot,rating_results_selected_to6,2
gap_0068_7204982cec852313,train,All Other App Types,gap_low_frequency,browser_snapshot,rating_results_selected_to6,2
gap_0068_b7c1bf15ad730d78,train,All Other App Types,gap_singleton,browser_snapshot,rating_results_gap_fill,2
gap_0069_1887d81431c616ba,train,All Other App Types,gap_singleton,browser_snapshot,rating_results_gap_fill,2
gap_0069_98b4aed8551bf726,train,All Other App Types,gap_low_frequency,browser_snapshot,rating_results_selected_to6,2
gap_0070_3cda86152d62397f,train,All Other App Types,gap_low_frequency,browser_snapshot,rating_results_selected_to6,2
gap_0070_e011920a4ef73c05,train,All Other App Types,gap_singleton,browser_snapshot,rating_results_gap_fill,2
gap_0071_062c38a9475116b2,train,All Other App Types,gap_singleton,browser_snapshot,rating_results_gap_fill,2
gap_0071_8f588e00d590475f,test,All Other App Types,gap_low_frequency,browser_snapshot,rating_results_selected_to6,2
gap_0072_2b106c7db87a778f,train,All Other App Types,gap_low_frequency,browser_snapshot,rating_results_selected_to6,2
gap_0072_b99d4b6933a5fa47,train,All Other App Types,gap_singleton,browser_snapshot,rating_results_gap_fill,2
gap_0073_048ca6f5ccaa3188,train,All Other App Types,gap_low_frequency,browser_snapshot,rating_results_selected_to6,2
gap_0073_0894bee5f40311bc,train,All Other App Types,gap_singleton,browser_snapshot,rating_results_gap_fill,2
gap_0074_3ac17cb69e0ea51a,train,All Other App Types,gap_low_frequency,browser_snapshot,rating_results_selected_to6,2
gap_0074_9b46ed641db18329,train,All Other App Types,gap_singleton,browser_snapshot,rating_results_gap_fill,2
gap_0075_69738db467727269,train,All Other App Types,gap_low_frequency,browser_snapshot,rating_results_selected_to6,2
gap_0075_b6424a8ea2355d42,train,All Other App Types,gap_singleton,browser_snapshot,rating_results_gap_fill,2
gap_0076_344c4f1a70ad0bcf,train,All Other App Types,gap_low_frequency,browser_snapshot,rating_results_selected_to6,2
gap_0076_556a721f9644cb70,train,All Other App Types,gap_singleton,browser_snapshot,rating_results_gap_fill,2
gap_0077_9873c2e0e7414faf,train,All Other App Types,gap_low_frequency,browser_snapshot,rating_results_selected_to6,2
gap_0077_f3610bfd9adfdcea,test,All Other App Types,gap_singleton,browser_snapshot,rating_results_gap_fill,2
gap_0078_922ca171fdd8cd79,train,All Other App Types,gap_singleton,browser_snapshot,rating_results_gap_fill,2
gap_0078_abfebf161d8f7c35,train,All Other App Types,gap_low_frequency,browser_snapshot,rating_results_selected_to6,2
gap_0079_a563cbdb95703a8c,train,All Other App Types,gap_low_frequency,browser_snapshot,rating_results_selected_to6,2
gap_0079_b34fd9cb22b3fd98,train,All Other App Types,gap_singleton,browser_snapshot,rating_results_gap_fill,2
gap_0080_2f66bd2a33b5e36b,train,All Other App Types,gap_low_frequency,browser_snapshot,rating_results_selected_to6,2
gap_0080_b22e854f5536ddae,test,All Other App Types,gap_singleton,browser_snapshot,rating_results_gap_fill,2
gap_0081_86bccd388e918e5d,train,All Other App Types,gap_singleton,browser_snapshot,rating_results_gap_fill,2
gap_0081_e35062fbd65e8aab,train,All Other App Types,gap_low_frequency,browser_snapshot,rating_results_selected_to6,2
gap_0082_64f170c1de3b2fc7,train,All Other App Types,gap_low_frequency,browser_snapshot,rating_results_selected_to6,2
gap_0082_e56f140ccde93986,train,All Other App Types,gap_singleton,browser_snapshot,rating_results_gap_fill,2
gap_0083_55c0006efd464abb,train,Game,gap_low_frequency,browser_snapshot,rating_results_selected_to6,2
gap_0083_5cba892f4e6b2272,train,All Other App Types,gap_singleton,browser_snapshot,rating_results_gap_fill,2
gap_0084_5cc59e046e0371e2,train,All Other App Types,gap_singleton,browser_snapshot,rating_results_gap_fill,2
gap_0084_b83040a778f1d61a,train,Game,gap_low_frequency,browser_snapshot,rating_results_selected_to6,2
gap_0085_51a69b4f4c0154db,train,Game,gap_low_frequency,browser_snapshot,rating_results_selected_to6,2
gap_0085_a9c933d439684ef4,train,All Other App Types,gap_singleton,browser_snapshot,rating_results_gap_fill,2
gap_0086_4901751a65482d94,train,All Other App Types,gap_singleton,browser_snapshot,rating_results_gap_fill,2
gap_0086_837a59dae7bf7543,train,Game,gap_low_frequency,browser_snapshot,rating_results_selected_to6,2
gap_0087_5517cd11d1f583f9,train,All Other App Types,gap_singleton,browser_snapshot,rating_results_gap_fill,2
gap_0087_7e039a07f31b7d86,train,Game,gap_low_frequency,browser_snapshot,rating_results_selected_to6,2
gap_0088_94c53e87a4dd4db2,test,Game,gap_low_frequency,browser_snapshot,rating_results_selected_to6,2
gap_0088_ee7ee0c10bb5aaa6,train,All Other App Types,gap_singleton,browser_snapshot,rating_results_gap_fill,2
gap_0089_59b92c31f9f94e1a,train,Game,gap_low_frequency,browser_snapshot,rating_results_selected_to6,2
gap_0089_5e2849657fe411dd,train,All Other App Types,gap_singleton,browser_snapshot,rating_results_gap_fill,2
gap_0090_86bd75af9a4b83a4,test,All Other App Types,gap_singleton,browser_snapshot,rating_results_gap_fill,2
gap_0090_d478162785850667,test,Game,gap_low_frequency,browser_snapshot,rating_results_selected_to6,2
gap_0091_6a96de40cf7856f7,train,Game,gap_low_frequency,browser_snapshot,rating_results_selected_to6,2
gap_0091_b606db78b60d71a8,train,Game,gap_singleton,browser_snapshot,rating_results_gap_fill,2
gap_0092_19148a252555afc3,test,Game,gap_low_frequency,browser_snapshot,rating_results_selected_to6,2
gap_0092_e270ba0915bc0a8b,train,Game,gap_singleton,browser_snapshot,rating_results_gap_fill,2
gap_0093_61643d9940a81f7a,train,Game,gap_singleton,browser_snapshot,rating_results_gap_fill,2
gap_0093_d0ac403375ea447c,train,Game,gap_low_frequency,browser_snapshot,rating_results_selected_to6,2
gap_0094_367dfd002cf2bab5,test,Game,gap_singleton,browser_snapshot,rating_results_gap_fill,2
gap_0094_6655afbdfcd16282,train,Game,gap_low_frequency,browser_snapshot,rating_results_selected_to6,2
gap_0095_5cc040f9734e44a1,train,Game,gap_low_frequency,browser_snapshot,rating_results_selected_to6,2
gap_0095_72929de0e87ae740,train,Game,gap_singleton,browser_snapshot,rating_results_gap_fill,2
gap_0096_b265fecf451f634e,train,Game,gap_singleton,browser_snapshot,rating_results_gap_fill,2
gap_0097_2c8e78c5d5e177ca,test,Game,gap_singleton,browser_snapshot,rating_results_gap_fill,2
gap_0097_7f02d334b949b494,train,Game,gap_low_frequency,browser_snapshot,rating_results_selected_to6,2
gap_0098_8ed8c2aaa8d50668,train,Game,gap_low_frequency,browser_snapshot,rating_results_selected_to6,2
gap_0099_6301ecd02d7d2fc2,train,Game,gap_singleton,browser_snapshot,rating_results_gap_fill,2
gap_0099_ad42c12aa3016ead,train,Game,gap_low_frequency,browser_snapshot,rating_results_selected_to6,2
gap_0100_36249160f6a34083,test,Game,gap_low_frequency,browser_snapshot,rating_results_selected_to6,2
gap_0100_ca4cd1fa582027ea,test,Game,gap_singleton,browser_snapshot,rating_results_gap_fill,2
gap_0101_6e296784451255b2,test,Game,gap_low_frequency,browser_snapshot,rating_results_selected_to6,2
gap_0101_fde3b30a6e1f4ad7,train,Game,gap_singleton,browser_snapshot,rating_results_gap_fill,2
gap_0102_b2aae850a0e550eb,train,Game,gap_singleton,browser_snapshot,rating_results_gap_fill,2
gap_0102_fa307d88699020a3,test,Game,gap_low_frequency,browser_snapshot,rating_results_selected_to6,2
gap_0103_53d899e20c4bcddd,train,Game,gap_singleton,browser_snapshot,rating_results_gap_fill,2
gap_0103_bf5cf58062721349,train,Game,gap_low_frequency,browser_snapshot,rating_results_selected_to6,2
gap_0104_0671cf3b189fa5c5,train,Game,gap_singleton,browser_snapshot,rating_results_gap_fill,2
gap_0104_5f12aaec540c2a9b,train,Game,gap_low_frequency,browser_snapshot,rating_results_selected_to6,2
gap_0105_6102a83604e06f1c,test,Game,gap_singleton,browser_snapshot,rating_results_gap_fill,2
gap_0105_935c78a0d3550eee,train,Game,gap_low_frequency,browser_snapshot,rating_results_selected_to6,2
gap_0106_2305961b0e31d7fe,test,Game,gap_singleton,browser_snapshot,rating_results_gap_fill,2
gap_0106_2d42a3e56c0ed0c8,train,Game,gap_low_frequency,browser_snapshot,rating_results_selected_to6,2
gap_0107_6a33bc8fca6b9c4f,test,Game,gap_singleton,browser_snapshot,rating_results_gap_fill,2
gap_0107_9792a7476455a8ff,train,Game,gap_low_frequency,browser_snapshot,rating_results_selected_to6,2
gap_0108_93dfc168d663f0ea,train,Game,gap_singleton,browser_snapshot,rating_results_gap_fill,2
gap_0108_a7d1c8389ffdcfe8,train,Game,gap_low_frequency,browser_snapshot,rating_results_selected_to6,2
gap_0109_8af0c27c129fd838,train,Game,gap_singleton,browser_snapshot,rating_results_gap_fill,2
gap_0109_a85ab283b0bbb250,train,Game,gap_low_frequency,browser_snapshot,rating_results_selected_to6,2
gap_0110_0e6c4c8a3e45de5a,train,Game,gap_low_frequency,browser_snapshot,rating_results_selected_to6,2
gap_0110_3c2af94dea8d6d2c,test,Game,gap_singleton,browser_snapshot,rating_results_gap_fill,2
gap_0111_189433278972ca8b,train,Game,gap_low_frequency,browser_snapshot,rating_results_selected_to6,2
gap_0111_7434541773dd49c2,test,Game,gap_singleton,browser_snapshot,rating_results_gap_fill,2
gap_0112_5cd4e0db4e40b897,test,Game,gap_singleton,browser_snapshot,rating_results_gap_fill,2
gap_0112_a80a5748401f0489,train,Game,gap_low_frequency,browser_snapshot,rating_results_selected_to6,2
gap_0113_58f8941d7f223f74,test,Game,gap_low_frequency,browser_snapshot,rating_results_selected_to6,2
gap_0113_cf8904d48578c0db,train,Game,gap_singleton,browser_snapshot,rating_results_gap_fill,2
gap_0114_08a49dcc953aec82,train,Game,gap_low_frequency,browser_snapshot,rating_results_selected_to6,2
gap_0114_f7327ea921ce806a,train,Game,gap_singleton,browser_snapshot,rating_results_gap_fill,2
gap_0115_243a3929ca6c3b45,test,Game,gap_low_frequency,browser_snapshot,rating_results_selected_to6,2
gap_0115_890f32cf3d8a575c,train,Game,gap_singleton,browser_snapshot,rating_results_gap_fill,2
gap_0116_63f526407e066ae8,train,Game,gap_low_frequency,browser_snapshot,rating_results_selected_to6,2
gap_0116_74e2cda603191caa,train,Game,gap_singleton,browser_snapshot,rating_results_gap_fill,2
gap_0117_3f09901dac813e51,train,All Other App Types,gap_low_frequency,browser_snapshot,rating_results_selected_to6,2
gap_0117_d2d46c96bcdfa98f,train,Game,gap_singleton,browser_snapshot,rating_results_gap_fill,2
gap_0118_63d0654d8c5779e3,train,Game,gap_singleton,browser_snapshot,rating_results_gap_fill,2
gap_0118_f4cad7115c1d57c2,train,All Other App Types,gap_low_frequency,browser_snapshot,rating_results_selected_to6,2
gap_0119_d44a6fa793722cd1,train,Game,gap_singleton,browser_snapshot,rating_results_gap_fill,2
gap_0120_47f82335ef66ff43,train,All Other App Types,gap_low_frequency,browser_snapshot,rating_results_selected_to6,2
gap_0120_5ff4771ce99440ed,train,Game,gap_singleton,browser_snapshot,rating_results_gap_fill,2
gap_0121_4e5fbbb1e4725ccd,test,All Other App Types,gap_low_frequency,browser_snapshot,rating_results_selected_to6,2
gap_0121_af74c31b68d5ea8b,train,Game,gap_singleton,browser_snapshot,rating_results_gap_fill,2
gap_0122_4fbb31704d46c684,train,Game,gap_singleton,browser_snapshot,rating_results_gap_fill,2
gap_0122_ad3d6a9df3eab814,test,All Other App Types,gap_low_frequency,browser_snapshot,rating_results_selected_to6,2
gap_0123_c47d72d6aae91e03,train,All Other App Types,gap_low_frequency,browser_snapshot,rating_results_selected_to6,2
gap_0123_f5aa602b88d6c0b1,test,Game,gap_singleton,browser_snapshot,rating_results_gap_fill,2
gap_0124_2e7aaa65b21d9643,train,All Other App Types,gap_low_frequency,browser_snapshot,rating_results_gap_fill,2
gap_0124_2e915038a99be628,train,All Other App Types,gap_low_frequency,browser_snapshot,rating_results_selected_to6,2
gap_0125_37c744c2a96dec7a,test,All Other App Types,gap_low_frequency,browser_snapshot,rating_results_gap_fill,2
gap_0125_889c5df5b7713d37,train,All Other App Types,gap_low_frequency,browser_snapshot,rating_results_selected_to6,2
gap_0126_0d50e83066ce5d36,train,All Other App Types,gap_low_frequency,browser_snapshot,rating_results_selected_to6,2
gap_0126_55d835e2c44be740,test,All Other App Types,gap_low_frequency,browser_snapshot,rating_results_gap_fill,2
gap_0127_38e4b0dcf4e5aa2a,train,All Other App Types,gap_low_frequency,browser_snapshot,rating_results_selected_to6,2
gap_0128_dfa31efb7e85fc2b,train,All Other App Types,gap_low_frequency,browser_snapshot,rating_results_gap_fill,2
gap_0128_fe6e7b38bf015654,test,All Other App Types,gap_low_frequency,browser_snapshot,rating_results_selected_to6,2
gap_0129_89ea4c07e2452a86,train,All Other App Types,gap_low_frequency,browser_snapshot,rating_results_selected_to6,2
gap_0129_ff7557100f0770cc,test,All Other App Types,gap_low_frequency,browser_snapshot,rating_results_gap_fill,2
gap_0130_437a95c03f8ee322,train,Game,gap_low_frequency,browser_snapshot,rating_results_gap_fill,2
gap_0130_e3f218b2225b4e17,train,All Other App Types,gap_low_frequency,browser_snapshot,rating_results_selected_to6,2
gap_0131_1e1be68e990bacc6,train,Game,gap_low_frequency,browser_snapshot,rating_results_gap_fill,2
gap_0131_2b6f786e662fefd7,train,All Other App Types,gap_low_frequency,browser_snapshot,rating_results_selected_to6,2
gap_0132_a0cb378f8da56299,train,All Other App Types,gap_low_frequency,browser_snapshot,rating_results_selected_to6,2
gap_0132_fc3182ea29dfeafe,train,Game,gap_low_frequency,browser_snapshot,rating_results_gap_fill,2
gap_0133_2ae4d94038da8a1e,train,Game,gap_low_frequency,browser_snapshot,rating_results_gap_fill,2
gap_0133_4427edeb4d45e7d9,train,All Other App Types,gap_low_frequency,browser_snapshot,rating_results_selected_to6,2
gap_0134_20d1af8c6a43732a,train,All Other App Types,gap_low_frequency,browser_snapshot,rating_results_selected_to6,2
gap_0134_f56e596bfd19cbeb,train,Game,gap_low_frequency,browser_snapshot,rating_results_gap_fill,2
gap_0135_1c3e26296d332658,train,All Other App Types,gap_low_frequency,browser_snapshot,rating_results_selected_to6,2
gap_0135_44571e6bd46cbd4b,train,All Other App Types,gap_low_frequency,browser_snapshot,rating_results_gap_fill,2
gap_0136_ad0d6f5fb1a4c963,train,All Other App Types,gap_low_frequency,browser_snapshot,rating_results_gap_fill,2
gap_0136_e529e76882543bb4,test,All Other App Types,gap_low_frequency,browser_snapshot,rating_results_selected_to6,2
gap_0137_32028ef0b7a466a8,train,All Other App Types,gap_low_frequency,browser_snapshot,rating_results_selected_to6,2
gap_0138_556947e75a08d504,train,All Other App Types,gap_low_frequency,browser_snapshot,rating_results_gap_fill,2
gap_0138_6933639e2294bbde,train,All Other App Types,gap_low_frequency,browser_snapshot,rating_results_selected_to6,2
gap_0139_463b29ee67ef8e24,train,All Other App Types,gap_low_frequency,browser_snapshot,rating_results_gap_fill,2
gap_0139_d6e7d0776a5e7d45,train,All Other App Types,gap_low_frequency,browser_snapshot,rating_results_selected_to6,2
gap_0140_c9a7c471ccaf200c,train,All Other App Types,gap_low_frequency,browser_snapshot,rating_results_selected_to6,2
gap_0140_fa614e8ed205451f,train,All Other App Types,gap_low_frequency,browser_snapshot,rating_results_gap_fill,2
gap_0141_29e11887426429b9,train,All Other App Types,gap_low_frequency,browser_snapshot,rating_results_gap_fill,2
gap_0141_bc2e7cbcfb29fc6e,train,All Other App Types,gap_low_frequency,browser_snapshot,rating_results_selected_to6,2
gap_0142_554d930756bc876a,train,All Other App Types,gap_low_frequency,browser_snapshot,rating_results_gap_fill,2
gap_0142_e0c72cea79dc781f,train,All Other App Types,gap_low_frequency,browser_snapshot,rating_results_selected_to6,2
gap_0143_8dcbd20889fc5b04,train,All Other App Types,gap_low_frequency,browser_snapshot,rating_results_selected_to6,2
gap_0143_cb56f584fd271fa1,train,All Other App Types,gap_low_frequency,browser_snapshot,rating_results_gap_fill,2
gap_0144_48eec093d860fb9e,train,All Other App Types,gap_low_frequency,browser_snapshot,rating_results_gap_fill,2
gap_0144_b093a40683661e24,train,All Other App Types,gap_low_frequency,browser_snapshot,rating_results_selected_to6,2
gap_0145_54544883c04d699e,train,All Other App Types,gap_low_frequency,browser_snapshot,rating_results_gap_fill,2
gap_0145_72a10a8d8946ab20,train,All Other App Types,gap_low_frequency,browser_snapshot,rating_results_selected_to6,2
gap_0146_76f23efcf313cdc6,train,All Other App Types,gap_low_frequency,browser_snapshot,rating_results_selected_to6,2
gap_0146_959c5234cd78f1b6,test,All Other App Types,gap_low_frequency,browser_snapshot,rating_results_gap_fill,2
gap_0147_c9704554ea5bbcf5,train,All Other App Types,gap_low_frequency,browser_snapshot,rating_results_selected_to6,2
gap_0147_e8db5c1d7b9f5e99,test,All Other App Types,gap_low_frequency,browser_snapshot,rating_results_gap_fill,2
gap_0148_6918aabdb3e441af,train,All Other App Types,gap_low_frequency,browser_snapshot,rating_results_gap_fill,2
gap_0148_bea679b0e1bac728,train,All Other App Types,gap_low_frequency,browser_snapshot,rating_results_selected_to6,2
gap_0149_2b65b89a4177082b,train,All Other App Types,gap_low_frequency,browser_snapshot,rating_results_gap_fill,2
gap_0149_85a86e9d4be1a5b1,train,All Other App Types,gap_low_frequency,browser_snapshot,rating_results_selected_to6,2
gap_0150_e6ba86382ba9848b,train,All Other App Types,gap_low_frequency,browser_snapshot,rating_results_gap_fill,2
gap_0150_f29a5884810fd20c,train,All Other App Types,gap_low_frequency,browser_snapshot,rating_results_selected_to6,2
gap_0151_44a665deeb67c344,test,All Other App Types,gap_low_frequency,browser_snapshot,rating_results_selected_to6,2
gap_0151_a5d06d1ead14c617,train,Game,gap_low_frequency,browser_snapshot,rating_results_gap_fill,2
gap_0152_43c4b2472af2a2ae,train,All Other App Types,gap_low_frequency,browser_snapshot,rating_results_selected_to6,2
gap_0152_b495167bdf028d14,test,Game,gap_low_frequency,browser_snapshot,rating_results_gap_fill,2
gap_0153_263ba39a73fcefd9,train,Game,gap_low_frequency,browser_snapshot,rating_results_gap_fill,2
gap_0153_2a73569d35b3ce3f,train,All Other App Types,gap_low_frequency,browser_snapshot,rating_results_selected_to6,2
gap_0154_5654bcc07898fbcf,train,Game,gap_low_frequency,browser_snapshot,rating_results_gap_fill,2
gap_0154_9de9d282a47ac6dc,train,All Other App Types,gap_low_frequency,browser_snapshot,rating_results_selected_to6,2
gap_0155_f64812af6ef74d2c,train,All Other App Types,gap_low_frequency,browser_snapshot,rating_results_selected_to6,2
gap_0155_f8a1d591f85f1347,train,Game,gap_low_frequency,browser_snapshot,rating_results_gap_fill,2
gap_0156_7a9ee7360e5d412c,train,Game,gap_low_frequency,browser_snapshot,rating_results_gap_fill,2
gap_0156_ec70d2ab9214342e,train,All Other App Types,gap_low_frequency,browser_snapshot,rating_results_selected_to6,2
gap_0157_57fb43cd92067d03,train,All Other App Types,gap_low_frequency,browser_snapshot,rating_results_selected_to6,2
gap_0157_65598a0c418bdd69,train,Game,gap_low_frequency,browser_snapshot,rating_results_gap_fill,2
gap_0158_72b259e3aee59d0f,train,Game,gap_low_frequency,browser_snapshot,rating_results_gap_fill,2
gap_0158_d8d736c4061bd857,train,All Other App Types,gap_low_frequency,browser_snapshot,rating_results_selected_to6,2
gap_0159_1037ebc7b3ca6d77,train,All Other App Types,gap_low_frequency,browser_snapshot,rating_results_selected_to6,2
gap_0159_159c052d8dbb7d30,train,All Other App Types,gap_low_frequency,browser_snapshot,rating_results_gap_fill,2
gap_0160_2be5ed75ef15e3e8,train,All Other App Types,gap_low_frequency,browser_snapshot,rating_results_selected_to6,2
gap_0160_95d8c6e2485295af,train,All Other App Types,gap_low_frequency,browser_snapshot,rating_results_gap_fill,2
gap_0161_00116db43efc4ec5,train,All Other App Types,gap_low_frequency,browser_snapshot,rating_results_gap_fill,2
gap_0161_7733008983195753,train,All Other App Types,gap_low_frequency,browser_snapshot,rating_results_selected_to6,2
gap_0162_bc9b0fcaea325462,train,All Other App Types,gap_low_frequency,browser_snapshot,rating_results_gap_fill,2
gap_0162_fbd1797e8bd5afcc,train,All Other App Types,gap_low_frequency,browser_snapshot,rating_results_selected_to6,2
gap_0163_5bc3a05f3cc1f695,train,All Other App Types,gap_low_frequency,browser_snapshot,rating_results_selected_to6,2
gap_0163_d6f61539ed9a36a7,train,All Other App Types,gap_low_frequency,browser_snapshot,rating_results_gap_fill,2
gap_0164_7ea002219033b52c,train,All Other App Types,gap_low_frequency,browser_snapshot,rating_results_selected_to6,2
gap_0164_d6cdf943523fa9f1,train,All Other App Types,gap_low_frequency,browser_snapshot,rating_results_gap_fill,2
gap_0165_1357078236e3474d,train,All Other App Types,gap_low_frequency,browser_snapshot,rating_results_selected_to6,2
gap_0165_cb946f1ed8a8e48f,train,All Other App Types,gap_low_frequency,browser_snapshot,rating_results_gap_fill,2
gap_0166_b52004383ccf2e84,train,All Other App Types,gap_low_frequency,browser_snapshot,rating_results_gap_fill,2
gap_0167_1fd2ff834c45e36c,train,All Other App Types,gap_low_frequency,browser_snapshot,rating_results_selected_to6,2
gap_0167_f90dc6d65b31bdcf,train,All Other App Types,gap_low_frequency,browser_snapshot,rating_results_gap_fill,2
gap_0168_30cdfea7ecb2fe7a,train,All Other App Types,gap_low_frequency,browser_snapshot,rating_results_selected_to6,2
gap_0168_6887a940f05e1048,train,All Other App Types,gap_low_frequency,browser_snapshot,rating_results_gap_fill,2
gap_0169_c92c9de83a35cbe5,train,All Other App Types,gap_low_frequency,browser_snapshot,rating_results_selected_to6,2
gap_0169_dc9f17804f5200cb,test,All Other App Types,gap_low_frequency,browser_snapshot,rating_results_gap_fill,2
gap_0170_7a9e5795e0e9b57a,train,All Other App Types,gap_low_frequency,browser_snapshot,rating_results_selected_to6,2
gap_0170_a7f84703eeb5852e,test,All Other App Types,gap_low_frequency,browser_snapshot,rating_results_gap_fill,2
gap_0171_0aab7b7419e1778b,test,All Other App Types,gap_low_frequency,browser_snapshot,rating_results_gap_fill,2
gap_0171_a9c0450fc6a276cd,test,All Other App Types,gap_low_frequency,browser_snapshot,rating_results_selected_to6,2
gap_0172_78ccc02188bd252d,train,All Other App Types,gap_low_frequency,browser_snapshot,rating_results_gap_fill,2
gap_0172_f551026e1302047c,test,All Other App Types,gap_low_frequency,browser_snapshot,rating_results_selected_to6,2
gap_0173_025830f2a7f78eae,train,All Other App Types,gap_low_frequency,browser_snapshot,rating_results_gap_fill,2
gap_0173_259af793d9406714,train,All Other App Types,gap_low_frequency,browser_snapshot,rating_results_selected_to6,2
gap_0174_188805dc0740983f,train,All Other App Types,gap_low_frequency,browser_snapshot,rating_results_selected_to6,2
gap_0175_115cae6983694a5f,train,All Other App Types,gap_low_frequency,browser_snapshot,rating_results_selected_to6,2
gap_0175_7c4bbbaee7d58728,train,All Other App Types,gap_low_frequency,browser_snapshot,rating_results_gap_fill,2
gap_0176_69d0924b1a4a73f7,train,All Other App Types,gap_low_frequency,browser_snapshot,rating_results_gap_fill,2
gap_0176_b4b38117e6cc8d11,test,All Other App Types,gap_low_frequency,browser_snapshot,rating_results_selected_to6,2
gap_0177_89ecf64796aefdf0,train,All Other App Types,gap_low_frequency,browser_snapshot,rating_results_gap_fill,2
gap_0177_dfc154ca64aea5f2,train,All Other App Types,gap_low_frequency,browser_snapshot,rating_results_selected_to6,2
gap_0178_4b385168499d3964,train,All Other App Types,gap_low_frequency,browser_snapshot,rating_results_gap_fill,2
gap_0178_964ef6eabad2d594,train,All Other App Types,gap_low_frequency,browser_snapshot,rating_results_selected_to6,2
gap_0179_a3a9dfb8a90a0285,train,Game,gap_low_frequency,browser_snapshot,rating_results_selected_to6,2
gap_0179_ef248909ce533e90,train,All Other App Types,gap_low_frequency,browser_snapshot,rating_results_gap_fill,2
gap_0180_34e5b98d3fca29e5,train,Game,gap_low_frequency,browser_snapshot,rating_results_selected_to6,2
gap_0180_3f2c3ef0fcc4f5e6,train,All Other App Types,gap_low_frequency,browser_snapshot,rating_results_gap_fill,2
gap_0181_16f0192b387e6899,train,Game,gap_low_frequency,browser_snapshot,rating_results_selected_to6,2
gap_0181_46db2178857f35e5,test,All Other App Types,gap_low_frequency,browser_snapshot,rating_results_gap_fill,2
gap_0182_70f9c76fdd77e431,test,All Other App Types,gap_low_frequency,browser_snapshot,rating_results_gap_fill,2
gap_0182_9f535cc965880912,train,Game,gap_low_frequency,browser_snapshot,rating_results_selected_to6,2
gap_0183_186672987f0d880d,train,All Other App Types,gap_low_frequency,browser_snapshot,rating_results_gap_fill,2
gap_0183_3e0be849dc0c244e,train,Game,gap_low_frequency,browser_snapshot,rating_results_selected_to6,2
gap_0184_0109294ca6bdd84a,test,All Other App Types,gap_low_frequency,browser_snapshot,rating_results_gap_fill,2
gap_0184_2e766d29b3535c01,train,Game,gap_low_frequency,browser_snapshot,rating_results_selected_to6,2
gap_0185_78cedffff8ea836e,train,Game,gap_low_frequency,browser_snapshot,rating_results_selected_to6,2
gap_0186_5bcaf6e87e269d43,train,Game,gap_low_frequency,browser_snapshot,rating_results_selected_to6,2
gap_0186_a573e12445f57439,test,All Other App Types,gap_low_frequency,browser_snapshot,rating_results_gap_fill,2
gap_0187_138cd11b8e9d85a3,train,Game,gap_low_frequency,browser_snapshot,rating_results_selected_to6,2
gap_0187_dce70e8ef6bfda5b,train,All Other App Types,gap_low_frequency,browser_snapshot,rating_results_gap_fill,2
gap_0188_9ca8c0ecd890d3da,train,Game,gap_low_frequency,browser_snapshot,rating_results_selected_to6,2
gap_0188_dde42d0d2763d2cc,train,All Other App Types,gap_low_frequency,browser_snapshot,rating_results_gap_fill,2
gap_0189_a6998d3098347159,train,Game,gap_low_frequency,browser_snapshot,rating_results_selected_to6,2
gap_0189_b5e2bdb6ea29c822,train,All Other App Types,gap_low_frequency,browser_snapshot,rating_results_gap_fill,2
gap_0190_3fde629148e7cdb1,train,Game,gap_low_frequency,browser_snapshot,rating_results_selected_to6,2
gap_0190_a024aabba643da6d,train,All Other App Types,gap_low_frequency,browser_snapshot,rating_results_gap_fill,2
gap_0191_4da092c4754ebdd6,train,All Other App Types,gap_low_frequency,browser_snapshot,rating_results_gap_fill,2
gap_0191_94ec2cd66683fe8a,train,Game,gap_low_frequency,browser_snapshot,rating_results_selected_to6,2
gap_0192_2df4b4a0f8902df6,train,All Other App Types,gap_low_frequency,browser_snapshot,rating_results_gap_fill,2
gap_0192_3398b2cf5150116a,test,Game,gap_low_frequency,browser_snapshot,rating_results_selected_to6,2
gap_0193_3125b2e22cb628a8,train,Game,gap_low_frequency,browser_snapshot,rating_results_selected_to6,2
gap_0193_e9e8915fefb90c6b,test,All Other App Types,gap_low_frequency,browser_snapshot,rating_results_gap_fill,2
gap_0194_218ff29a7f68b920,train,All Other App Types,gap_low_frequency,browser_snapshot,rating_results_gap_fill,2
gap_0194_5586f80845cc17fc,train,Game,gap_low_frequency,browser_snapshot,rating_results_selected_to6,2
gap_0195_04e7ae31ef64564d,train,Game,gap_low_frequency,browser_snapshot,rating_results_selected_to6,2
gap_0195_38c666bf478a3863,train,All Other App Types,gap_low_frequency,browser_snapshot,rating_results_gap_fill,2
gap_0196_9f30f5e51ae085ed,test,Game,gap_low_frequency,browser_snapshot,rating_results_selected_to6,2
gap_0196_abc7a848a4e5e60f,train,All Other App Types,gap_low_frequency,browser_snapshot,rating_results_gap_fill,2
gap_0197_9614c7cccb0ed239,train,Game,gap_low_frequency,browser_snapshot,rating_results_selected_to6,2
gap_0197_9e6f9da4e7a2eabc,train,All Other App Types,gap_low_frequency,browser_snapshot,rating_results_gap_fill,2
gap_0198_7752645e90a3ee8b,test,All Other App Types,gap_low_frequency,browser_snapshot,rating_results_gap_fill,2
gap_0198_80a6814912d4d873,train,Game,gap_low_frequency,browser_snapshot,rating_results_selected_to6,2
gap_0199_0f89627cca346ab5,train,All Other App Types,gap_low_frequency,browser_snapshot,rating_results_gap_fill,2
gap_0199_795a523e74b5c6c6,train,Game,gap_low_frequency,browser_snapshot,rating_results_selected_to6,2
gap_0200_04b296eb1f28631e,train,All Other App Types,gap_low_frequency,browser_snapshot,rating_results_gap_fill,2
gap_0200_78e44f89cc75dcee,test,Game,gap_low_frequency,browser_snapshot,rating_results_selected_to6,2
gap_0201_ba9db97f86e7fb53,train,Game,gap_low_frequency,browser_snapshot,rating_results_selected_to6,2
gap_0201_ef7fcc85a0355337,train,All Other App Types,gap_low_frequency,browser_snapshot,rating_results_gap_fill,2
gap_0202_0f5da8ada845116f,train,All Other App Types,gap_low_frequency,browser_snapshot,rating_results_gap_fill,2
gap_0202_a7035a6bef880367,test,Game,gap_low_frequency,browser_snapshot,rating_results_selected_to6,2
gap_0203_b856683645cd5eb8,train,All Other App Types,gap_low_frequency,browser_snapshot,rating_results_gap_fill,2
gap_0204_f2f781af71763a48,train,All Other App Types,gap_low_frequency,browser_snapshot,rating_results_gap_fill,2
gap_0205_6b4eedc593153ab0,train,All Other App Types,gap_low_frequency,browser_snapshot,rating_results_gap_fill,2
gap_0206_53f348a701fbbe55,test,All Other App Types,gap_low_frequency,browser_snapshot,rating_results_gap_fill,2
gap_0207_d8aac9203a4d8779,train,Game,gap_low_frequency,browser_snapshot,rating_results_gap_fill,2
gap_0208_cca488343d5536b3,train,Game,gap_low_frequency,browser_snapshot,rating_results_gap_fill,2
gap_0209_a38a1c7bf193b8c1,train,Game,gap_low_frequency,browser_snapshot,rating_results_gap_fill,2
gap_0210_1f4640b71afaea06,test,Game,gap_low_frequency,browser_snapshot,rating_results_gap_fill,2
gap_0211_ffe296193290469f,test,Game,gap_low_frequency,browser_snapshot,rating_results_gap_fill,2
gap_0212_f964d495863b91b6,train,Game,gap_low_frequency,browser_snapshot,rating_results_gap_fill,2
gap_0213_097d1d7cd7a10d2d,train,Game,gap_low_frequency,browser_snapshot,rating_results_gap_fill,2
gap_0214_43833c491a99f90b,train,Game,gap_low_frequency,browser_snapshot,rating_results_gap_fill,2
gap_0215_99b7cbe4b3da111a,train,Game,gap_low_frequency,browser_snapshot,rating_results_gap_fill,2
gap_0216_1510c419a4390e6b,test,Game,gap_low_frequency,browser_snapshot,rating_results_gap_fill,2
gap_0217_f430f994f71783f5,train,Game,gap_low_frequency,browser_snapshot,rating_results_gap_fill,2
gap_0218_6187eaa55a1fe02e,test,Game,gap_low_frequency,browser_snapshot,rating_results_gap_fill,2
gap_0219_b82be9608f66412d,train,Game,gap_low_frequency,browser_snapshot,rating_results_gap_fill,2
gap_0220_59505d242080e50c,test,Game,gap_low_frequency,browser_snapshot,rating_results_gap_fill,2
social_or_communication_balanced_00002,train,Social or Communication,balanced_ladder,reconstructed_from_graph_and_baseline,rating_results_balanced_social,1
social_or_communication_balanced_00005,train,Social or Communication,balanced_supplemental,reconstructed_from_graph_and_baseline,rating_results_balanced_social_supplemental,1
social_or_communication_balanced_00006,test,Social or Communication,balanced_supplemental,reconstructed_from_graph_and_baseline,rating_results_balanced_social_supplemental,1
social_or_communication_risk_00002,train,Social or Communication,risk_path,reconstructed_from_graph_and_baseline,rating_results_designed_curated,1
social_or_communication_risk_00004,train,Social or Communication,risk_path,reconstructed_from_graph_and_baseline,rating_results_designed_curated,1
